--
-- PostgreSQL database dump
--

\restrict mivKClgL1Knf7CEhiJz6pXIyc0vIZM1hxfFUpVf1s2BEJBfOeoLAlnDaZd68lv5

-- Dumped from database version 18.3
-- Dumped by pg_dump version 18.3

SET statement_timeout = 0;
SET lock_timeout = 0;
SET idle_in_transaction_session_timeout = 0;
SET transaction_timeout = 0;
SET client_encoding = 'UTF8';
SET standard_conforming_strings = on;
SELECT pg_catalog.set_config('search_path', '', false);
SET check_function_bodies = false;
SET xmloption = content;
SET client_min_messages = warning;
SET row_security = off;

SET default_tablespace = '';

SET default_table_access_method = heap;

--
-- Name: atendimento_conexaonodo; Type: TABLE; Schema: public; Owner: -
--

CREATE TABLE public.atendimento_conexaonodo (
    id bigint NOT NULL,
    tipo_saida character varying(10) NOT NULL,
    fluxo_id bigint NOT NULL,
    tenant_id bigint,
    nodo_destino_id bigint NOT NULL,
    nodo_origem_id bigint NOT NULL
);


--
-- Name: atendimento_conexaonodo_id_seq; Type: SEQUENCE; Schema: public; Owner: -
--

ALTER TABLE public.atendimento_conexaonodo ALTER COLUMN id ADD GENERATED BY DEFAULT AS IDENTITY (
    SEQUENCE NAME public.atendimento_conexaonodo_id_seq
    START WITH 1
    INCREMENT BY 1
    NO MINVALUE
    NO MAXVALUE
    CACHE 1
);


--
-- Name: atendimento_execucao_pendente; Type: TABLE; Schema: public; Owner: -
--

CREATE TABLE public.atendimento_execucao_pendente (
    id bigint NOT NULL,
    contexto_json jsonb NOT NULL,
    data_agendada timestamp with time zone NOT NULL,
    status character varying(20) NOT NULL,
    data_criacao timestamp with time zone NOT NULL,
    data_execucao timestamp with time zone,
    resultado text NOT NULL,
    atendimento_id bigint NOT NULL,
    tenant_id bigint,
    nodo_id bigint
);


--
-- Name: atendimento_execucao_pendente_id_seq; Type: SEQUENCE; Schema: public; Owner: -
--

ALTER TABLE public.atendimento_execucao_pendente ALTER COLUMN id ADD GENERATED BY DEFAULT AS IDENTITY (
    SEQUENCE NAME public.atendimento_execucao_pendente_id_seq
    START WITH 1
    INCREMENT BY 1
    NO MINVALUE
    NO MAXVALUE
    CACHE 1
);


--
-- Name: atendimento_log_fluxo; Type: TABLE; Schema: public; Owner: -
--

CREATE TABLE public.atendimento_log_fluxo (
    id bigint NOT NULL,
    tipo_nodo character varying(20) NOT NULL,
    subtipo_nodo character varying(50) NOT NULL,
    status character varying(20) NOT NULL,
    mensagem text NOT NULL,
    dados jsonb NOT NULL,
    data_execucao timestamp with time zone NOT NULL,
    atendimento_id bigint NOT NULL,
    lead_id bigint,
    nodo_id bigint,
    tenant_id bigint
);


--
-- Name: atendimento_log_fluxo_id_seq; Type: SEQUENCE; Schema: public; Owner: -
--

ALTER TABLE public.atendimento_log_fluxo ALTER COLUMN id ADD GENERATED BY DEFAULT AS IDENTITY (
    SEQUENCE NAME public.atendimento_log_fluxo_id_seq
    START WITH 1
    INCREMENT BY 1
    NO MINVALUE
    NO MAXVALUE
    CACHE 1
);


--
-- Name: atendimento_nodofluxo; Type: TABLE; Schema: public; Owner: -
--

CREATE TABLE public.atendimento_nodofluxo (
    id bigint NOT NULL,
    tipo character varying(30) NOT NULL,
    subtipo character varying(50) NOT NULL,
    configuracao jsonb NOT NULL,
    pos_x integer NOT NULL,
    pos_y integer NOT NULL,
    ordem integer NOT NULL,
    fluxo_id bigint NOT NULL,
    tenant_id bigint,
    CONSTRAINT atendimento_nodofluxo_ordem_check CHECK ((ordem >= 0))
);


--
-- Name: atendimento_nodofluxo_id_seq; Type: SEQUENCE; Schema: public; Owner: -
--

ALTER TABLE public.atendimento_nodofluxo ALTER COLUMN id ADD GENERATED BY DEFAULT AS IDENTITY (
    SEQUENCE NAME public.atendimento_nodofluxo_id_seq
    START WITH 1
    INCREMENT BY 1
    NO MINVALUE
    NO MAXVALUE
    CACHE 1
);


--
-- Name: atendimentos_fluxo; Type: TABLE; Schema: public; Owner: -
--

CREATE TABLE public.atendimentos_fluxo (
    id bigint NOT NULL,
    status character varying(30) NOT NULL,
    questao_atual integer NOT NULL,
    total_questoes integer NOT NULL,
    questoes_respondidas integer NOT NULL,
    data_inicio timestamp with time zone NOT NULL,
    data_ultima_atividade timestamp with time zone NOT NULL,
    data_conclusao timestamp with time zone,
    tempo_total integer,
    tentativas_atual integer NOT NULL,
    max_tentativas integer NOT NULL,
    dados_respostas jsonb,
    observacoes text,
    ip_origem inet,
    user_agent text,
    dispositivo character varying(100),
    id_externo character varying(100),
    resultado_final jsonb,
    score_qualificacao integer,
    historico_contato_id bigint,
    lead_id bigint NOT NULL,
    tenant_id bigint,
    fluxo_id bigint NOT NULL,
    nodo_atual_id bigint,
    motivo_finalizacao character varying(30) NOT NULL,
    recontato_proximo_em timestamp with time zone,
    recontato_tentativas integer NOT NULL,
    CONSTRAINT atendimentos_fluxo_max_tentativas_check CHECK ((max_tentativas >= 0)),
    CONSTRAINT atendimentos_fluxo_questao_atual_check CHECK ((questao_atual >= 0)),
    CONSTRAINT atendimentos_fluxo_questoes_respondidas_check CHECK ((questoes_respondidas >= 0)),
    CONSTRAINT atendimentos_fluxo_recontato_tentativas_check CHECK ((recontato_tentativas >= 0)),
    CONSTRAINT atendimentos_fluxo_tempo_total_check CHECK ((tempo_total >= 0)),
    CONSTRAINT atendimentos_fluxo_tentativas_atual_check CHECK ((tentativas_atual >= 0)),
    CONSTRAINT atendimentos_fluxo_total_questoes_check CHECK ((total_questoes >= 0))
);


--
-- Name: atendimentos_fluxo_id_seq; Type: SEQUENCE; Schema: public; Owner: -
--

ALTER TABLE public.atendimentos_fluxo ALTER COLUMN id ADD GENERATED BY DEFAULT AS IDENTITY (
    SEQUENCE NAME public.atendimentos_fluxo_id_seq
    START WITH 1
    INCREMENT BY 1
    NO MINVALUE
    NO MAXVALUE
    CACHE 1
);


--
-- Name: auth_group; Type: TABLE; Schema: public; Owner: -
--

CREATE TABLE public.auth_group (
    id integer NOT NULL,
    name character varying(150) NOT NULL
);


--
-- Name: auth_group_id_seq; Type: SEQUENCE; Schema: public; Owner: -
--

ALTER TABLE public.auth_group ALTER COLUMN id ADD GENERATED BY DEFAULT AS IDENTITY (
    SEQUENCE NAME public.auth_group_id_seq
    START WITH 1
    INCREMENT BY 1
    NO MINVALUE
    NO MAXVALUE
    CACHE 1
);


--
-- Name: auth_group_permissions; Type: TABLE; Schema: public; Owner: -
--

CREATE TABLE public.auth_group_permissions (
    id bigint NOT NULL,
    group_id integer NOT NULL,
    permission_id integer NOT NULL
);


--
-- Name: auth_group_permissions_id_seq; Type: SEQUENCE; Schema: public; Owner: -
--

ALTER TABLE public.auth_group_permissions ALTER COLUMN id ADD GENERATED BY DEFAULT AS IDENTITY (
    SEQUENCE NAME public.auth_group_permissions_id_seq
    START WITH 1
    INCREMENT BY 1
    NO MINVALUE
    NO MAXVALUE
    CACHE 1
);


--
-- Name: auth_permission; Type: TABLE; Schema: public; Owner: -
--

CREATE TABLE public.auth_permission (
    id integer NOT NULL,
    name character varying(255) NOT NULL,
    content_type_id integer NOT NULL,
    codename character varying(100) NOT NULL
);


--
-- Name: auth_permission_id_seq; Type: SEQUENCE; Schema: public; Owner: -
--

ALTER TABLE public.auth_permission ALTER COLUMN id ADD GENERATED BY DEFAULT AS IDENTITY (
    SEQUENCE NAME public.auth_permission_id_seq
    START WITH 1
    INCREMENT BY 1
    NO MINVALUE
    NO MAXVALUE
    CACHE 1
);


--
-- Name: auth_user; Type: TABLE; Schema: public; Owner: -
--

CREATE TABLE public.auth_user (
    id integer NOT NULL,
    password character varying(128) NOT NULL,
    last_login timestamp with time zone,
    is_superuser boolean NOT NULL,
    username character varying(150) NOT NULL,
    first_name character varying(150) NOT NULL,
    last_name character varying(150) NOT NULL,
    email character varying(254) NOT NULL,
    is_staff boolean NOT NULL,
    is_active boolean NOT NULL,
    date_joined timestamp with time zone NOT NULL,
    telefone character varying(20)
);


--
-- Name: auth_user_groups; Type: TABLE; Schema: public; Owner: -
--

CREATE TABLE public.auth_user_groups (
    id bigint NOT NULL,
    user_id integer NOT NULL,
    group_id integer NOT NULL
);


--
-- Name: auth_user_groups_id_seq; Type: SEQUENCE; Schema: public; Owner: -
--

ALTER TABLE public.auth_user_groups ALTER COLUMN id ADD GENERATED BY DEFAULT AS IDENTITY (
    SEQUENCE NAME public.auth_user_groups_id_seq
    START WITH 1
    INCREMENT BY 1
    NO MINVALUE
    NO MAXVALUE
    CACHE 1
);


--
-- Name: auth_user_id_seq; Type: SEQUENCE; Schema: public; Owner: -
--

ALTER TABLE public.auth_user ALTER COLUMN id ADD GENERATED BY DEFAULT AS IDENTITY (
    SEQUENCE NAME public.auth_user_id_seq
    START WITH 1
    INCREMENT BY 1
    NO MINVALUE
    NO MAXVALUE
    CACHE 1
);


--
-- Name: auth_user_user_permissions; Type: TABLE; Schema: public; Owner: -
--

CREATE TABLE public.auth_user_user_permissions (
    id bigint NOT NULL,
    user_id integer NOT NULL,
    permission_id integer NOT NULL
);


--
-- Name: auth_user_user_permissions_id_seq; Type: SEQUENCE; Schema: public; Owner: -
--

ALTER TABLE public.auth_user_user_permissions ALTER COLUMN id ADD GENERATED BY DEFAULT AS IDENTITY (
    SEQUENCE NAME public.auth_user_user_permissions_id_seq
    START WITH 1
    INCREMENT BY 1
    NO MINVALUE
    NO MAXVALUE
    CACHE 1
);


--
-- Name: automacoes_acaoregra; Type: TABLE; Schema: public; Owner: -
--

CREATE TABLE public.automacoes_acaoregra (
    id bigint NOT NULL,
    tipo character varying(50) NOT NULL,
    configuracao text NOT NULL,
    ordem integer NOT NULL,
    delay_ativo boolean NOT NULL,
    delay_valor integer NOT NULL,
    delay_unidade character varying(10) NOT NULL,
    tenant_id bigint,
    regra_id bigint NOT NULL,
    CONSTRAINT automacoes_acaoregra_delay_valor_check CHECK ((delay_valor >= 0)),
    CONSTRAINT automacoes_acaoregra_ordem_check CHECK ((ordem >= 0))
);


--
-- Name: automacoes_acaoregra_id_seq; Type: SEQUENCE; Schema: public; Owner: -
--

ALTER TABLE public.automacoes_acaoregra ALTER COLUMN id ADD GENERATED BY DEFAULT AS IDENTITY (
    SEQUENCE NAME public.automacoes_acaoregra_id_seq
    START WITH 1
    INCREMENT BY 1
    NO MINVALUE
    NO MAXVALUE
    CACHE 1
);


--
-- Name: automacoes_condicaoregra; Type: TABLE; Schema: public; Owner: -
--

CREATE TABLE public.automacoes_condicaoregra (
    id bigint NOT NULL,
    campo character varying(100) NOT NULL,
    operador character varying(20) NOT NULL,
    valor character varying(255) NOT NULL,
    ordem integer NOT NULL,
    tenant_id bigint,
    regra_id bigint NOT NULL,
    CONSTRAINT automacoes_condicaoregra_ordem_check CHECK ((ordem >= 0))
);


--
-- Name: automacoes_condicaoregra_id_seq; Type: SEQUENCE; Schema: public; Owner: -
--

ALTER TABLE public.automacoes_condicaoregra ALTER COLUMN id ADD GENERATED BY DEFAULT AS IDENTITY (
    SEQUENCE NAME public.automacoes_condicaoregra_id_seq
    START WITH 1
    INCREMENT BY 1
    NO MINVALUE
    NO MAXVALUE
    CACHE 1
);


--
-- Name: automacoes_conexaonodo; Type: TABLE; Schema: public; Owner: -
--

CREATE TABLE public.automacoes_conexaonodo (
    id bigint NOT NULL,
    tipo_saida character varying(10) NOT NULL,
    regra_id bigint NOT NULL,
    tenant_id bigint,
    nodo_destino_id bigint NOT NULL,
    nodo_origem_id bigint NOT NULL
);


--
-- Name: automacoes_conexaonodo_id_seq; Type: SEQUENCE; Schema: public; Owner: -
--

ALTER TABLE public.automacoes_conexaonodo ALTER COLUMN id ADD GENERATED BY DEFAULT AS IDENTITY (
    SEQUENCE NAME public.automacoes_conexaonodo_id_seq
    START WITH 1
    INCREMENT BY 1
    NO MINVALUE
    NO MAXVALUE
    CACHE 1
);


--
-- Name: automacoes_controleexecucao; Type: TABLE; Schema: public; Owner: -
--

CREATE TABLE public.automacoes_controleexecucao (
    id bigint NOT NULL,
    total_execucoes_periodo integer NOT NULL,
    primeira_execucao_periodo timestamp with time zone,
    ultima_execucao timestamp with time zone,
    lead_id bigint NOT NULL,
    regra_id bigint NOT NULL,
    tenant_id bigint,
    CONSTRAINT automacoes_controleexecucao_total_execucoes_periodo_check CHECK ((total_execucoes_periodo >= 0))
);


--
-- Name: automacoes_controleexecucao_id_seq; Type: SEQUENCE; Schema: public; Owner: -
--

ALTER TABLE public.automacoes_controleexecucao ALTER COLUMN id ADD GENERATED BY DEFAULT AS IDENTITY (
    SEQUENCE NAME public.automacoes_controleexecucao_id_seq
    START WITH 1
    INCREMENT BY 1
    NO MINVALUE
    NO MAXVALUE
    CACHE 1
);


--
-- Name: automacoes_execucaopendente; Type: TABLE; Schema: public; Owner: -
--

CREATE TABLE public.automacoes_execucaopendente (
    id bigint NOT NULL,
    contexto_json jsonb NOT NULL,
    data_agendada timestamp with time zone NOT NULL,
    status character varying(20) NOT NULL,
    data_criacao timestamp with time zone NOT NULL,
    data_execucao timestamp with time zone,
    resultado text NOT NULL,
    acao_id bigint,
    lead_id bigint,
    regra_id bigint NOT NULL,
    tenant_id bigint,
    nodo_id bigint
);


--
-- Name: automacoes_execucaopendente_id_seq; Type: SEQUENCE; Schema: public; Owner: -
--

ALTER TABLE public.automacoes_execucaopendente ALTER COLUMN id ADD GENERATED BY DEFAULT AS IDENTITY (
    SEQUENCE NAME public.automacoes_execucaopendente_id_seq
    START WITH 1
    INCREMENT BY 1
    NO MINVALUE
    NO MAXVALUE
    CACHE 1
);


--
-- Name: automacoes_logexecucao; Type: TABLE; Schema: public; Owner: -
--

CREATE TABLE public.automacoes_logexecucao (
    id bigint NOT NULL,
    status character varying(20) NOT NULL,
    evento_dados jsonb NOT NULL,
    resultado text NOT NULL,
    data_execucao timestamp with time zone NOT NULL,
    data_agendada timestamp with time zone,
    acao_id bigint,
    tenant_id bigint,
    regra_id bigint NOT NULL,
    lead_id bigint,
    nodo_id bigint
);


--
-- Name: automacoes_logexecucao_id_seq; Type: SEQUENCE; Schema: public; Owner: -
--

ALTER TABLE public.automacoes_logexecucao ALTER COLUMN id ADD GENERATED BY DEFAULT AS IDENTITY (
    SEQUENCE NAME public.automacoes_logexecucao_id_seq
    START WITH 1
    INCREMENT BY 1
    NO MINVALUE
    NO MAXVALUE
    CACHE 1
);


--
-- Name: automacoes_nodofluxo; Type: TABLE; Schema: public; Owner: -
--

CREATE TABLE public.automacoes_nodofluxo (
    id bigint NOT NULL,
    tipo character varying(20) NOT NULL,
    subtipo character varying(50) NOT NULL,
    configuracao jsonb NOT NULL,
    pos_x integer NOT NULL,
    pos_y integer NOT NULL,
    ordem integer NOT NULL,
    regra_id bigint NOT NULL,
    tenant_id bigint,
    CONSTRAINT automacoes_nodofluxo_ordem_check CHECK ((ordem >= 0))
);


--
-- Name: automacoes_nodofluxo_id_seq; Type: SEQUENCE; Schema: public; Owner: -
--

ALTER TABLE public.automacoes_nodofluxo ALTER COLUMN id ADD GENERATED BY DEFAULT AS IDENTITY (
    SEQUENCE NAME public.automacoes_nodofluxo_id_seq
    START WITH 1
    INCREMENT BY 1
    NO MINVALUE
    NO MAXVALUE
    CACHE 1
);


--
-- Name: automacoes_regraautomacao; Type: TABLE; Schema: public; Owner: -
--

CREATE TABLE public.automacoes_regraautomacao (
    id bigint NOT NULL,
    nome character varying(200) NOT NULL,
    descricao text NOT NULL,
    evento character varying(50) NOT NULL,
    ativa boolean NOT NULL,
    data_criacao timestamp with time zone NOT NULL,
    data_atualizacao timestamp with time zone NOT NULL,
    total_execucoes integer NOT NULL,
    total_sucesso integer NOT NULL,
    total_erro integer NOT NULL,
    criado_por_id integer,
    tenant_id bigint,
    cooldown_horas integer NOT NULL,
    fluxo_json jsonb NOT NULL,
    max_execucoes_por_lead integer NOT NULL,
    modo_fluxo boolean NOT NULL,
    periodo_limite_horas integer NOT NULL,
    segmento_id bigint,
    CONSTRAINT automacoes_regraautomacao_cooldown_horas_check CHECK ((cooldown_horas >= 0)),
    CONSTRAINT automacoes_regraautomacao_max_execucoes_por_lead_check CHECK ((max_execucoes_por_lead >= 0)),
    CONSTRAINT automacoes_regraautomacao_periodo_limite_horas_check CHECK ((periodo_limite_horas >= 0)),
    CONSTRAINT automacoes_regraautomacao_total_erro_check CHECK ((total_erro >= 0)),
    CONSTRAINT automacoes_regraautomacao_total_execucoes_check CHECK ((total_execucoes >= 0)),
    CONSTRAINT automacoes_regraautomacao_total_sucesso_check CHECK ((total_sucesso >= 0))
);


--
-- Name: automacoes_regraautomacao_id_seq; Type: SEQUENCE; Schema: public; Owner: -
--

ALTER TABLE public.automacoes_regraautomacao ALTER COLUMN id ADD GENERATED BY DEFAULT AS IDENTITY (
    SEQUENCE NAME public.automacoes_regraautomacao_id_seq
    START WITH 1
    INCREMENT BY 1
    NO MINVALUE
    NO MAXVALUE
    CACHE 1
);


--
-- Name: cadastros_clientes; Type: TABLE; Schema: public; Owner: -
--

CREATE TABLE public.cadastros_clientes (
    id bigint NOT NULL,
    nome_completo character varying(255) NOT NULL,
    cpf character varying(14) NOT NULL,
    rg character varying(20),
    email character varying(254) NOT NULL,
    telefone character varying(20) NOT NULL,
    data_nascimento date NOT NULL,
    cep character varying(9) NOT NULL,
    endereco character varying(255) NOT NULL,
    numero character varying(20) NOT NULL,
    bairro character varying(100) NOT NULL,
    cidade character varying(100) NOT NULL,
    estado character varying(2) NOT NULL,
    status character varying(20) NOT NULL,
    ip_cliente inet,
    user_agent text,
    origem_cadastro character varying(50) NOT NULL,
    data_inicio timestamp with time zone NOT NULL,
    data_finalizacao timestamp with time zone,
    tempo_total_cadastro interval,
    tentativas_etapa jsonb NOT NULL,
    campos_preenchidos jsonb NOT NULL,
    erros_validacao jsonb NOT NULL,
    documentos_enviados boolean NOT NULL,
    data_envio_documentos timestamp with time zone,
    contrato_aceito boolean NOT NULL,
    data_aceite_contrato timestamp with time zone,
    tempo_leitura_contrato integer,
    ip_aceite_contrato inet,
    lead_gerado_id bigint,
    tenant_id bigint,
    vencimento_selecionado_id bigint,
    plano_selecionado_id bigint,
    CONSTRAINT cadastros_clientes_tempo_leitura_contrato_check CHECK ((tempo_leitura_contrato >= 0))
);


--
-- Name: cadastros_clientes_id_seq; Type: SEQUENCE; Schema: public; Owner: -
--

ALTER TABLE public.cadastros_clientes ALTER COLUMN id ADD GENERATED BY DEFAULT AS IDENTITY (
    SEQUENCE NAME public.cadastros_clientes_id_seq
    START WITH 1
    INCREMENT BY 1
    NO MINVALUE
    NO MAXVALUE
    CACHE 1
);


--
-- Name: campanha_trafego; Type: TABLE; Schema: public; Owner: -
--

CREATE TABLE public.campanha_trafego (
    id bigint NOT NULL,
    nome character varying(200) NOT NULL,
    codigo character varying(50) NOT NULL,
    descricao text NOT NULL,
    palavra_chave character varying(200) NOT NULL,
    tipo_match character varying(20) NOT NULL,
    case_sensitive boolean NOT NULL,
    plataforma character varying(50) NOT NULL,
    tipo_trafego character varying(50) NOT NULL,
    prioridade integer NOT NULL,
    ativa boolean NOT NULL,
    data_inicio date,
    data_fim date,
    url_destino character varying(500) NOT NULL,
    orcamento numeric(12,2),
    meta_leads integer,
    contador_deteccoes integer NOT NULL,
    ultima_deteccao timestamp with time zone,
    cor_identificacao character varying(7) NOT NULL,
    ordem_exibicao integer NOT NULL,
    observacoes text NOT NULL,
    criado_em timestamp with time zone NOT NULL,
    atualizado_em timestamp with time zone NOT NULL,
    criado_por_id integer,
    tenant_id bigint
);


--
-- Name: campanha_trafego_id_seq; Type: SEQUENCE; Schema: public; Owner: -
--

ALTER TABLE public.campanha_trafego ALTER COLUMN id ADD GENERATED BY DEFAULT AS IDENTITY (
    SEQUENCE NAME public.campanha_trafego_id_seq
    START WITH 1
    INCREMENT BY 1
    NO MINVALUE
    NO MAXVALUE
    CACHE 1
);


--
-- Name: campos_customizados; Type: TABLE; Schema: public; Owner: -
--

CREATE TABLE public.campos_customizados (
    id bigint CONSTRAINT campos_customizados_lead_id_not_null NOT NULL,
    nome character varying(100) CONSTRAINT campos_customizados_lead_nome_not_null NOT NULL,
    slug character varying(100) CONSTRAINT campos_customizados_lead_slug_not_null NOT NULL,
    tipo character varying(20) CONSTRAINT campos_customizados_lead_tipo_not_null NOT NULL,
    opcoes jsonb CONSTRAINT campos_customizados_lead_opcoes_not_null NOT NULL,
    obrigatorio boolean CONSTRAINT campos_customizados_lead_obrigatorio_not_null NOT NULL,
    ordem integer CONSTRAINT campos_customizados_lead_ordem_not_null NOT NULL,
    ativo boolean CONSTRAINT campos_customizados_lead_ativo_not_null NOT NULL,
    tenant_id bigint,
    entidade character varying(20) CONSTRAINT campos_customizados_lead_entidade_not_null NOT NULL,
    CONSTRAINT campos_customizados_lead_ordem_check CHECK ((ordem >= 0))
);


--
-- Name: campos_customizados_lead_id_seq; Type: SEQUENCE; Schema: public; Owner: -
--

ALTER TABLE public.campos_customizados ALTER COLUMN id ADD GENERATED BY DEFAULT AS IDENTITY (
    SEQUENCE NAME public.campos_customizados_lead_id_seq
    START WITH 1
    INCREMENT BY 1
    NO MINVALUE
    NO MAXVALUE
    CACHE 1
);


--
-- Name: carteirinha_carteirinhamembro; Type: TABLE; Schema: public; Owner: -
--

CREATE TABLE public.carteirinha_carteirinhamembro (
    id bigint NOT NULL,
    foto character varying(100),
    data_emissao timestamp with time zone NOT NULL,
    data_validade date,
    ativo boolean NOT NULL,
    membro_id bigint NOT NULL,
    tenant_id bigint,
    modelo_id bigint NOT NULL
);


--
-- Name: carteirinha_carteirinhamembro_id_seq; Type: SEQUENCE; Schema: public; Owner: -
--

ALTER TABLE public.carteirinha_carteirinhamembro ALTER COLUMN id ADD GENERATED BY DEFAULT AS IDENTITY (
    SEQUENCE NAME public.carteirinha_carteirinhamembro_id_seq
    START WITH 1
    INCREMENT BY 1
    NO MINVALUE
    NO MAXVALUE
    CACHE 1
);


--
-- Name: carteirinha_modelocarteirinha; Type: TABLE; Schema: public; Owner: -
--

CREATE TABLE public.carteirinha_modelocarteirinha (
    id bigint NOT NULL,
    nome character varying(100) NOT NULL,
    descricao text NOT NULL,
    tipo_fundo character varying(10) NOT NULL,
    cor_fundo_primaria character varying(7) NOT NULL,
    cor_fundo_secundaria character varying(7) NOT NULL,
    imagem_fundo character varying(100),
    cor_texto character varying(7) NOT NULL,
    cor_texto_secundario character varying(7) NOT NULL,
    cor_destaque character varying(7) NOT NULL,
    logo character varying(100),
    texto_marca character varying(100) NOT NULL,
    mostrar_nome boolean NOT NULL,
    mostrar_cpf boolean NOT NULL,
    mostrar_nivel boolean NOT NULL,
    mostrar_data_emissao boolean NOT NULL,
    mostrar_data_validade boolean NOT NULL,
    mostrar_qr_code boolean NOT NULL,
    mostrar_foto boolean NOT NULL,
    mostrar_pontos boolean NOT NULL,
    mostrar_cidade boolean NOT NULL,
    texto_rodape character varying(255) NOT NULL,
    ativo boolean NOT NULL,
    data_criacao timestamp with time zone NOT NULL,
    tenant_id bigint
);


--
-- Name: carteirinha_modelocarteirinha_id_seq; Type: SEQUENCE; Schema: public; Owner: -
--

ALTER TABLE public.carteirinha_modelocarteirinha ALTER COLUMN id ADD GENERATED BY DEFAULT AS IDENTITY (
    SEQUENCE NAME public.carteirinha_modelocarteirinha_id_seq
    START WITH 1
    INCREMENT BY 1
    NO MINVALUE
    NO MAXVALUE
    CACHE 1
);


--
-- Name: carteirinha_regraatribuicao; Type: TABLE; Schema: public; Owner: -
--

CREATE TABLE public.carteirinha_regraatribuicao (
    id bigint NOT NULL,
    tipo character varying(20) NOT NULL,
    pontuacao_minima integer NOT NULL,
    cidade character varying(100) NOT NULL,
    prioridade integer NOT NULL,
    ativo boolean NOT NULL,
    modelo_id bigint NOT NULL,
    nivel_id bigint,
    tenant_id bigint
);


--
-- Name: carteirinha_regraatribuicao_id_seq; Type: SEQUENCE; Schema: public; Owner: -
--

ALTER TABLE public.carteirinha_regraatribuicao ALTER COLUMN id ADD GENERATED BY DEFAULT AS IDENTITY (
    SEQUENCE NAME public.carteirinha_regraatribuicao_id_seq
    START WITH 1
    INCREMENT BY 1
    NO MINVALUE
    NO MAXVALUE
    CACHE 1
);


--
-- Name: clientes_hubsoft; Type: TABLE; Schema: public; Owner: -
--

CREATE TABLE public.clientes_hubsoft (
    id bigint NOT NULL,
    id_cliente integer NOT NULL,
    uuid_cliente character varying(100) NOT NULL,
    codigo_cliente integer,
    nome_razaosocial character varying(300) NOT NULL,
    nome_fantasia character varying(300) NOT NULL,
    tipo_pessoa character varying(10) NOT NULL,
    cpf_cnpj character varying(20) NOT NULL,
    telefone_primario character varying(30) NOT NULL,
    telefone_secundario character varying(30) NOT NULL,
    telefone_terciario character varying(30) NOT NULL,
    email_principal character varying(254) NOT NULL,
    email_secundario character varying(254) NOT NULL,
    rg character varying(30) NOT NULL,
    rg_emissao character varying(30) NOT NULL,
    inscricao_municipal character varying(50) NOT NULL,
    inscricao_estadual character varying(50) NOT NULL,
    data_cadastro_hubsoft timestamp with time zone,
    data_nascimento date,
    nome_pai character varying(300) NOT NULL,
    nome_mae character varying(300) NOT NULL,
    estado_civil character varying(50) NOT NULL,
    genero character varying(30) NOT NULL,
    nacionalidade character varying(50) NOT NULL,
    profissao character varying(200) NOT NULL,
    alerta boolean NOT NULL,
    alerta_mensagens jsonb NOT NULL,
    ativo boolean NOT NULL,
    id_origem_cliente integer,
    origem_cliente character varying(200) NOT NULL,
    motivo_contratacao character varying(200) NOT NULL,
    id_externo character varying(100) NOT NULL,
    grupos jsonb NOT NULL,
    dados_completos jsonb NOT NULL,
    data_atualizacao_hubsoft timestamp with time zone,
    data_sync timestamp with time zone NOT NULL,
    data_criacao timestamp with time zone NOT NULL,
    houve_alteracao boolean NOT NULL,
    historico_alteracoes jsonb NOT NULL,
    lead_id bigint,
    tenant_id bigint
);


--
-- Name: clientes_hubsoft_id_seq; Type: SEQUENCE; Schema: public; Owner: -
--

ALTER TABLE public.clientes_hubsoft ALTER COLUMN id ADD GENERATED BY DEFAULT AS IDENTITY (
    SEQUENCE NAME public.clientes_hubsoft_id_seq
    START WITH 1
    INCREMENT BY 1
    NO MINVALUE
    NO MAXVALUE
    CACHE 1
);


--
-- Name: configuracao_sistema; Type: TABLE; Schema: public; Owner: -
--

CREATE TABLE public.configuracao_sistema (
    id bigint NOT NULL,
    chave character varying(100) NOT NULL,
    valor text NOT NULL,
    descricao text,
    tipo character varying(20) NOT NULL,
    data_criacao timestamp with time zone NOT NULL,
    data_atualizacao timestamp with time zone NOT NULL,
    ativo boolean NOT NULL,
    tenant_id bigint
);


--
-- Name: configuracao_sistema_id_seq; Type: SEQUENCE; Schema: public; Owner: -
--

ALTER TABLE public.configuracao_sistema ALTER COLUMN id ADD GENERATED BY DEFAULT AS IDENTITY (
    SEQUENCE NAME public.configuracao_sistema_id_seq
    START WITH 1
    INCREMENT BY 1
    NO MINVALUE
    NO MAXVALUE
    CACHE 1
);


--
-- Name: configuracoes_cadastro; Type: TABLE; Schema: public; Owner: -
--

CREATE TABLE public.configuracoes_cadastro (
    id bigint NOT NULL,
    empresa character varying(100) NOT NULL,
    titulo_pagina character varying(200) NOT NULL,
    subtitulo_pagina character varying(300) NOT NULL,
    logo_url character varying(500) NOT NULL,
    background_type character varying(20) NOT NULL,
    background_color_1 character varying(7) NOT NULL,
    background_color_2 character varying(7) NOT NULL,
    background_image_url character varying(500),
    primary_color character varying(7) NOT NULL,
    secondary_color character varying(7) NOT NULL,
    success_color character varying(7) NOT NULL,
    error_color character varying(7) NOT NULL,
    telefone_suporte character varying(20) NOT NULL,
    whatsapp_suporte character varying(20) NOT NULL,
    email_suporte character varying(254) NOT NULL,
    mostrar_selecao_plano boolean NOT NULL,
    cpf_obrigatorio boolean NOT NULL,
    email_obrigatorio boolean NOT NULL,
    telefone_obrigatorio boolean NOT NULL,
    endereco_obrigatorio boolean NOT NULL,
    validar_cep boolean NOT NULL,
    validar_cpf boolean NOT NULL,
    mostrar_progress_bar boolean NOT NULL,
    numero_etapas integer NOT NULL,
    mensagem_sucesso text NOT NULL,
    instrucoes_pos_cadastro text NOT NULL,
    criar_lead_automatico boolean NOT NULL,
    id_origem integer NOT NULL,
    id_origem_servico integer NOT NULL,
    id_vendedor integer NOT NULL,
    origem_lead_padrao character varying(50) NOT NULL,
    enviar_email_confirmacao boolean NOT NULL,
    enviar_whatsapp_confirmacao boolean NOT NULL,
    captcha_obrigatorio boolean NOT NULL,
    limite_tentativas_dia integer NOT NULL,
    solicitar_documentacao boolean NOT NULL,
    texto_instrucao_selfie text NOT NULL,
    texto_instrucao_doc_frente text NOT NULL,
    texto_instrucao_doc_verso text NOT NULL,
    tamanho_max_arquivo_mb integer NOT NULL,
    formatos_aceitos character varying(100) NOT NULL,
    exibir_contrato boolean NOT NULL,
    titulo_contrato character varying(200) NOT NULL,
    texto_contrato text NOT NULL,
    tempo_minimo_leitura_segundos integer NOT NULL,
    texto_aceite_contrato character varying(200) NOT NULL,
    ativo boolean NOT NULL,
    data_criacao timestamp with time zone NOT NULL,
    data_atualizacao timestamp with time zone NOT NULL,
    tenant_id bigint,
    plano_padrao_id bigint,
    CONSTRAINT configuracoes_cadastro_id_origem_check CHECK ((id_origem >= 0)),
    CONSTRAINT configuracoes_cadastro_id_origem_servico_check CHECK ((id_origem_servico >= 0)),
    CONSTRAINT configuracoes_cadastro_id_vendedor_check CHECK ((id_vendedor >= 0)),
    CONSTRAINT configuracoes_cadastro_limite_tentativas_dia_check CHECK ((limite_tentativas_dia >= 0)),
    CONSTRAINT configuracoes_cadastro_numero_etapas_check CHECK ((numero_etapas >= 0)),
    CONSTRAINT configuracoes_cadastro_tamanho_max_arquivo_mb_check CHECK ((tamanho_max_arquivo_mb >= 0)),
    CONSTRAINT configuracoes_cadastro_tempo_minimo_leitura_segundos_check CHECK ((tempo_minimo_leitura_segundos >= 0))
);


--
-- Name: configuracoes_cadastro_id_seq; Type: SEQUENCE; Schema: public; Owner: -
--

ALTER TABLE public.configuracoes_cadastro ALTER COLUMN id ADD GENERATED BY DEFAULT AS IDENTITY (
    SEQUENCE NAME public.configuracoes_cadastro_id_seq
    START WITH 1
    INCREMENT BY 1
    NO MINVALUE
    NO MAXVALUE
    CACHE 1
);


--
-- Name: configuracoes_recontato; Type: TABLE; Schema: public; Owner: -
--

CREATE TABLE public.configuracoes_recontato (
    id bigint NOT NULL,
    mensagem text NOT NULL,
    tempo_recontato integer NOT NULL,
    ativo boolean NOT NULL,
    tenant_id bigint,
    CONSTRAINT configuracoes_recontato_tempo_recontato_check CHECK ((tempo_recontato >= 0))
);


--
-- Name: configuracoes_recontato_id_seq; Type: SEQUENCE; Schema: public; Owner: -
--

ALTER TABLE public.configuracoes_recontato ALTER COLUMN id ADD GENERATED BY DEFAULT AS IDENTITY (
    SEQUENCE NAME public.configuracoes_recontato_id_seq
    START WITH 1
    INCREMENT BY 1
    NO MINVALUE
    NO MAXVALUE
    CACHE 1
);


--
-- Name: crm_alertas_retencao; Type: TABLE; Schema: public; Owner: -
--

CREATE TABLE public.crm_alertas_retencao (
    id bigint NOT NULL,
    tipo_alerta character varying(30) NOT NULL,
    nivel_risco character varying(10) NOT NULL,
    score_churn integer NOT NULL,
    descricao text NOT NULL,
    status character varying(20) NOT NULL,
    data_expiracao_contrato date,
    data_detectado timestamp with time zone NOT NULL,
    data_resolucao timestamp with time zone,
    acoes_tomadas text NOT NULL,
    cliente_hubsoft_id bigint NOT NULL,
    lead_id bigint,
    responsavel_id integer,
    tenant_id bigint,
    oportunidade_id bigint
);


--
-- Name: crm_alertas_retencao_id_seq; Type: SEQUENCE; Schema: public; Owner: -
--

ALTER TABLE public.crm_alertas_retencao ALTER COLUMN id ADD GENERATED BY DEFAULT AS IDENTITY (
    SEQUENCE NAME public.crm_alertas_retencao_id_seq
    START WITH 1
    INCREMENT BY 1
    NO MINVALUE
    NO MAXVALUE
    CACHE 1
);


--
-- Name: crm_configuracao; Type: TABLE; Schema: public; Owner: -
--

CREATE TABLE public.crm_configuracao (
    id bigint NOT NULL,
    sla_alerta_horas_padrao integer NOT NULL,
    criar_oportunidade_automatico boolean NOT NULL,
    score_minimo_auto_criacao integer NOT NULL,
    notificar_responsavel_nova_oportunidade boolean CONSTRAINT crm_configuracao_notificar_responsavel_nova_oportunida_not_null NOT NULL,
    notificar_sla_breach boolean NOT NULL,
    webhook_n8n_nova_oportunidade character varying(200),
    webhook_n8n_mudanca_estagio character varying(200),
    webhook_n8n_tarefa_vencida character varying(200),
    data_atualizacao timestamp with time zone NOT NULL,
    tenant_id bigint,
    estagio_inicial_padrao_id bigint,
    pipeline_padrao_id bigint,
    CONSTRAINT crm_configuracao_sla_alerta_horas_padrao_check CHECK ((sla_alerta_horas_padrao >= 0))
);


--
-- Name: crm_configuracao_id_seq; Type: SEQUENCE; Schema: public; Owner: -
--

ALTER TABLE public.crm_configuracao ALTER COLUMN id ADD GENERATED BY DEFAULT AS IDENTITY (
    SEQUENCE NAME public.crm_configuracao_id_seq
    START WITH 1
    INCREMENT BY 1
    NO MINVALUE
    NO MAXVALUE
    CACHE 1
);


--
-- Name: crm_equipes; Type: TABLE; Schema: public; Owner: -
--

CREATE TABLE public.crm_equipes (
    id bigint NOT NULL,
    nome character varying(100) NOT NULL,
    descricao text NOT NULL,
    cor_hex character varying(7) NOT NULL,
    ativo boolean NOT NULL,
    data_criacao timestamp with time zone NOT NULL,
    lider_id integer,
    tenant_id bigint
);


--
-- Name: crm_equipes_id_seq; Type: SEQUENCE; Schema: public; Owner: -
--

ALTER TABLE public.crm_equipes ALTER COLUMN id ADD GENERATED BY DEFAULT AS IDENTITY (
    SEQUENCE NAME public.crm_equipes_id_seq
    START WITH 1
    INCREMENT BY 1
    NO MINVALUE
    NO MAXVALUE
    CACHE 1
);


--
-- Name: crm_historico_estagio; Type: TABLE; Schema: public; Owner: -
--

CREATE TABLE public.crm_historico_estagio (
    id bigint NOT NULL,
    motivo text NOT NULL,
    tempo_no_estagio_horas numeric(8,2),
    data_transicao timestamp with time zone NOT NULL,
    movido_por_id integer,
    tenant_id bigint,
    oportunidade_id bigint NOT NULL,
    estagio_anterior_id bigint,
    estagio_novo_id bigint NOT NULL
);


--
-- Name: crm_historico_estagio_id_seq; Type: SEQUENCE; Schema: public; Owner: -
--

ALTER TABLE public.crm_historico_estagio ALTER COLUMN id ADD GENERATED BY DEFAULT AS IDENTITY (
    SEQUENCE NAME public.crm_historico_estagio_id_seq
    START WITH 1
    INCREMENT BY 1
    NO MINVALUE
    NO MAXVALUE
    CACHE 1
);


--
-- Name: crm_membros_segmento; Type: TABLE; Schema: public; Owner: -
--

CREATE TABLE public.crm_membros_segmento (
    id bigint NOT NULL,
    adicionado_manualmente boolean NOT NULL,
    data_adicao timestamp with time zone NOT NULL,
    adicionado_por_id integer,
    lead_id bigint NOT NULL,
    tenant_id bigint,
    segmento_id bigint NOT NULL
);


--
-- Name: crm_membros_segmento_id_seq; Type: SEQUENCE; Schema: public; Owner: -
--

ALTER TABLE public.crm_membros_segmento ALTER COLUMN id ADD GENERATED BY DEFAULT AS IDENTITY (
    SEQUENCE NAME public.crm_membros_segmento_id_seq
    START WITH 1
    INCREMENT BY 1
    NO MINVALUE
    NO MAXVALUE
    CACHE 1
);


--
-- Name: crm_metas_vendas; Type: TABLE; Schema: public; Owner: -
--

CREATE TABLE public.crm_metas_vendas (
    id bigint NOT NULL,
    tipo character varying(15) NOT NULL,
    periodo character varying(15) NOT NULL,
    data_inicio date NOT NULL,
    data_fim date NOT NULL,
    meta_vendas_quantidade integer NOT NULL,
    meta_vendas_valor numeric(12,2) NOT NULL,
    meta_leads_qualificados integer NOT NULL,
    meta_contatos integer NOT NULL,
    realizado_vendas_quantidade integer NOT NULL,
    realizado_vendas_valor numeric(12,2) NOT NULL,
    realizado_leads integer NOT NULL,
    data_criacao timestamp with time zone NOT NULL,
    criado_por_id integer,
    equipe_id bigint,
    tenant_id bigint,
    vendedor_id integer,
    CONSTRAINT crm_metas_vendas_meta_contatos_check CHECK ((meta_contatos >= 0)),
    CONSTRAINT crm_metas_vendas_meta_leads_qualificados_check CHECK ((meta_leads_qualificados >= 0)),
    CONSTRAINT crm_metas_vendas_meta_vendas_quantidade_check CHECK ((meta_vendas_quantidade >= 0)),
    CONSTRAINT crm_metas_vendas_realizado_leads_check CHECK ((realizado_leads >= 0)),
    CONSTRAINT crm_metas_vendas_realizado_vendas_quantidade_check CHECK ((realizado_vendas_quantidade >= 0))
);


--
-- Name: crm_metas_vendas_id_seq; Type: SEQUENCE; Schema: public; Owner: -
--

ALTER TABLE public.crm_metas_vendas ALTER COLUMN id ADD GENERATED BY DEFAULT AS IDENTITY (
    SEQUENCE NAME public.crm_metas_vendas_id_seq
    START WITH 1
    INCREMENT BY 1
    NO MINVALUE
    NO MAXVALUE
    CACHE 1
);


--
-- Name: crm_notas_internas; Type: TABLE; Schema: public; Owner: -
--

CREATE TABLE public.crm_notas_internas (
    id bigint NOT NULL,
    conteudo text NOT NULL,
    tipo character varying(20) NOT NULL,
    is_fixada boolean NOT NULL,
    data_criacao timestamp with time zone NOT NULL,
    data_edicao timestamp with time zone,
    editado boolean NOT NULL,
    autor_id integer NOT NULL,
    lead_id bigint,
    tenant_id bigint,
    oportunidade_id bigint
);


--
-- Name: crm_notas_internas_id_seq; Type: SEQUENCE; Schema: public; Owner: -
--

ALTER TABLE public.crm_notas_internas ALTER COLUMN id ADD GENERATED BY DEFAULT AS IDENTITY (
    SEQUENCE NAME public.crm_notas_internas_id_seq
    START WITH 1
    INCREMENT BY 1
    NO MINVALUE
    NO MAXVALUE
    CACHE 1
);


--
-- Name: crm_notas_internas_mencoes; Type: TABLE; Schema: public; Owner: -
--

CREATE TABLE public.crm_notas_internas_mencoes (
    id bigint NOT NULL,
    notainterna_id bigint NOT NULL,
    user_id integer NOT NULL
);


--
-- Name: crm_notas_internas_mencoes_id_seq; Type: SEQUENCE; Schema: public; Owner: -
--

ALTER TABLE public.crm_notas_internas_mencoes ALTER COLUMN id ADD GENERATED BY DEFAULT AS IDENTITY (
    SEQUENCE NAME public.crm_notas_internas_mencoes_id_seq
    START WITH 1
    INCREMENT BY 1
    NO MINVALUE
    NO MAXVALUE
    CACHE 1
);


--
-- Name: crm_oportunidades; Type: TABLE; Schema: public; Owner: -
--

CREATE TABLE public.crm_oportunidades (
    id bigint NOT NULL,
    titulo character varying(255) NOT NULL,
    valor_estimado numeric(12,2),
    probabilidade integer NOT NULL,
    data_fechamento_previsto date,
    data_fechamento_real timestamp with time zone,
    origem_crm character varying(20) NOT NULL,
    prioridade character varying(10) NOT NULL,
    data_entrada_estagio timestamp with time zone NOT NULL,
    motivo_perda text,
    concorrente_perdido character varying(100),
    contrato_hubsoft_id character varying(100),
    churn_risk_score integer,
    data_criacao timestamp with time zone NOT NULL,
    data_atualizacao timestamp with time zone NOT NULL,
    ativo boolean NOT NULL,
    criado_por_id integer,
    lead_id bigint NOT NULL,
    plano_interesse_id bigint,
    responsavel_id integer,
    tenant_id bigint,
    estagio_id bigint NOT NULL,
    pipeline_id bigint,
    dados_custom jsonb NOT NULL
);


--
-- Name: crm_oportunidades_id_seq; Type: SEQUENCE; Schema: public; Owner: -
--

ALTER TABLE public.crm_oportunidades ALTER COLUMN id ADD GENERATED BY DEFAULT AS IDENTITY (
    SEQUENCE NAME public.crm_oportunidades_id_seq
    START WITH 1
    INCREMENT BY 1
    NO MINVALUE
    NO MAXVALUE
    CACHE 1
);


--
-- Name: crm_oportunidades_tags; Type: TABLE; Schema: public; Owner: -
--

CREATE TABLE public.crm_oportunidades_tags (
    id bigint NOT NULL,
    oportunidadevenda_id bigint NOT NULL,
    tagcrm_id bigint NOT NULL
);


--
-- Name: crm_oportunidades_tags_id_seq; Type: SEQUENCE; Schema: public; Owner: -
--

ALTER TABLE public.crm_oportunidades_tags ALTER COLUMN id ADD GENERATED BY DEFAULT AS IDENTITY (
    SEQUENCE NAME public.crm_oportunidades_tags_id_seq
    START WITH 1
    INCREMENT BY 1
    NO MINVALUE
    NO MAXVALUE
    CACHE 1
);


--
-- Name: crm_perfis_vendedor; Type: TABLE; Schema: public; Owner: -
--

CREATE TABLE public.crm_perfis_vendedor (
    id bigint NOT NULL,
    cargo character varying(20) NOT NULL,
    telefone_direto character varying(20) NOT NULL,
    whatsapp character varying(20) NOT NULL,
    id_vendedor_hubsoft integer,
    ativo boolean NOT NULL,
    data_admissao date,
    foto_url character varying(200),
    equipe_id bigint,
    tenant_id bigint,
    user_id integer NOT NULL
);


--
-- Name: crm_perfis_vendedor_id_seq; Type: SEQUENCE; Schema: public; Owner: -
--

ALTER TABLE public.crm_perfis_vendedor ALTER COLUMN id ADD GENERATED BY DEFAULT AS IDENTITY (
    SEQUENCE NAME public.crm_perfis_vendedor_id_seq
    START WITH 1
    INCREMENT BY 1
    NO MINVALUE
    NO MAXVALUE
    CACHE 1
);


--
-- Name: crm_pipeline_estagios; Type: TABLE; Schema: public; Owner: -
--

CREATE TABLE public.crm_pipeline_estagios (
    id bigint NOT NULL,
    nome character varying(100) NOT NULL,
    slug character varying(50) NOT NULL,
    ordem integer NOT NULL,
    cor_hex character varying(7) NOT NULL,
    icone_fa character varying(50) NOT NULL,
    tipo character varying(20) NOT NULL,
    is_final_ganho boolean NOT NULL,
    is_final_perdido boolean NOT NULL,
    probabilidade_padrao integer NOT NULL,
    sla_horas integer,
    ativo boolean NOT NULL,
    criado_em timestamp with time zone NOT NULL,
    tenant_id bigint,
    pipeline_id bigint,
    CONSTRAINT crm_pipeline_estagios_ordem_check CHECK ((ordem >= 0)),
    CONSTRAINT crm_pipeline_estagios_sla_horas_check CHECK ((sla_horas >= 0))
);


--
-- Name: crm_pipeline_estagios_id_seq; Type: SEQUENCE; Schema: public; Owner: -
--

ALTER TABLE public.crm_pipeline_estagios ALTER COLUMN id ADD GENERATED BY DEFAULT AS IDENTITY (
    SEQUENCE NAME public.crm_pipeline_estagios_id_seq
    START WITH 1
    INCREMENT BY 1
    NO MINVALUE
    NO MAXVALUE
    CACHE 1
);


--
-- Name: crm_pipelines; Type: TABLE; Schema: public; Owner: -
--

CREATE TABLE public.crm_pipelines (
    id bigint NOT NULL,
    nome character varying(100) NOT NULL,
    slug character varying(50) NOT NULL,
    tipo character varying(20) NOT NULL,
    descricao text NOT NULL,
    cor_hex character varying(7) NOT NULL,
    icone_fa character varying(50) NOT NULL,
    padrao boolean NOT NULL,
    ativo boolean NOT NULL,
    ordem integer NOT NULL,
    criado_em timestamp with time zone NOT NULL,
    tenant_id bigint,
    CONSTRAINT crm_pipelines_ordem_check CHECK ((ordem >= 0))
);


--
-- Name: crm_pipelines_id_seq; Type: SEQUENCE; Schema: public; Owner: -
--

ALTER TABLE public.crm_pipelines ALTER COLUMN id ADD GENERATED BY DEFAULT AS IDENTITY (
    SEQUENCE NAME public.crm_pipelines_id_seq
    START WITH 1
    INCREMENT BY 1
    NO MINVALUE
    NO MAXVALUE
    CACHE 1
);


--
-- Name: crm_segmentos; Type: TABLE; Schema: public; Owner: -
--

CREATE TABLE public.crm_segmentos (
    id bigint NOT NULL,
    nome character varying(100) NOT NULL,
    descricao text NOT NULL,
    tipo character varying(10) NOT NULL,
    regras_filtro jsonb NOT NULL,
    cor_hex character varying(7) NOT NULL,
    icone_fa character varying(50) NOT NULL,
    ultima_atualizacao_dinamica timestamp with time zone,
    total_leads integer NOT NULL,
    ativo boolean NOT NULL,
    data_criacao timestamp with time zone NOT NULL,
    criado_por_id integer,
    tenant_id bigint,
    CONSTRAINT crm_segmentos_total_leads_check CHECK ((total_leads >= 0))
);


--
-- Name: crm_segmentos_id_seq; Type: SEQUENCE; Schema: public; Owner: -
--

ALTER TABLE public.crm_segmentos ALTER COLUMN id ADD GENERATED BY DEFAULT AS IDENTITY (
    SEQUENCE NAME public.crm_segmentos_id_seq
    START WITH 1
    INCREMENT BY 1
    NO MINVALUE
    NO MAXVALUE
    CACHE 1
);


--
-- Name: crm_tags; Type: TABLE; Schema: public; Owner: -
--

CREATE TABLE public.crm_tags (
    id bigint NOT NULL,
    nome character varying(50) NOT NULL,
    cor_hex character varying(7) NOT NULL,
    data_criacao timestamp with time zone NOT NULL,
    criado_por_id integer,
    tenant_id bigint
);


--
-- Name: crm_tags_id_seq; Type: SEQUENCE; Schema: public; Owner: -
--

ALTER TABLE public.crm_tags ALTER COLUMN id ADD GENERATED BY DEFAULT AS IDENTITY (
    SEQUENCE NAME public.crm_tags_id_seq
    START WITH 1
    INCREMENT BY 1
    NO MINVALUE
    NO MAXVALUE
    CACHE 1
);


--
-- Name: crm_tarefas; Type: TABLE; Schema: public; Owner: -
--

CREATE TABLE public.crm_tarefas (
    id bigint NOT NULL,
    tipo character varying(20) NOT NULL,
    titulo character varying(255) NOT NULL,
    descricao text NOT NULL,
    status character varying(20) NOT NULL,
    prioridade character varying(10) NOT NULL,
    data_vencimento timestamp with time zone,
    data_conclusao timestamp with time zone,
    resultado text NOT NULL,
    lembrete_em timestamp with time zone,
    notificacao_enviada boolean NOT NULL,
    data_criacao timestamp with time zone NOT NULL,
    data_atualizacao timestamp with time zone NOT NULL,
    criado_por_id integer,
    lead_id bigint,
    oportunidade_id bigint,
    responsavel_id integer NOT NULL,
    tenant_id bigint
);


--
-- Name: crm_tarefas_id_seq; Type: SEQUENCE; Schema: public; Owner: -
--

ALTER TABLE public.crm_tarefas ALTER COLUMN id ADD GENERATED BY DEFAULT AS IDENTITY (
    SEQUENCE NAME public.crm_tarefas_id_seq
    START WITH 1
    INCREMENT BY 1
    NO MINVALUE
    NO MAXVALUE
    CACHE 1
);


--
-- Name: deteccao_campanha; Type: TABLE; Schema: public; Owner: -
--

CREATE TABLE public.deteccao_campanha (
    id bigint NOT NULL,
    telefone character varying(20) NOT NULL,
    mensagem_original text NOT NULL,
    mensagem_normalizada text NOT NULL,
    tamanho_mensagem integer,
    trecho_detectado character varying(500) NOT NULL,
    posicao_inicio integer,
    posicao_fim integer,
    metodo_deteccao character varying(20) NOT NULL,
    score_confianca numeric(5,2) NOT NULL,
    eh_primeira_mensagem boolean NOT NULL,
    origem character varying(20) NOT NULL,
    timestamp_mensagem timestamp with time zone,
    ip_origem inet,
    user_agent character varying(500) NOT NULL,
    metadata jsonb NOT NULL,
    aceita boolean NOT NULL,
    motivo_rejeicao text NOT NULL,
    data_rejeicao timestamp with time zone,
    processado_n8n boolean NOT NULL,
    data_processamento_n8n timestamp with time zone,
    resposta_n8n jsonb NOT NULL,
    converteu_venda boolean NOT NULL,
    data_conversao timestamp with time zone,
    valor_venda numeric(12,2),
    detectado_em timestamp with time zone NOT NULL,
    campanha_id bigint,
    lead_id bigint,
    rejeitada_por_id integer,
    tenant_id bigint
);


--
-- Name: deteccao_campanha_id_seq; Type: SEQUENCE; Schema: public; Owner: -
--

ALTER TABLE public.deteccao_campanha ALTER COLUMN id ADD GENERATED BY DEFAULT AS IDENTITY (
    SEQUENCE NAME public.deteccao_campanha_id_seq
    START WITH 1
    INCREMENT BY 1
    NO MINVALUE
    NO MAXVALUE
    CACHE 1
);


--
-- Name: django_admin_log; Type: TABLE; Schema: public; Owner: -
--

CREATE TABLE public.django_admin_log (
    id integer NOT NULL,
    action_time timestamp with time zone NOT NULL,
    object_id text,
    object_repr character varying(200) NOT NULL,
    action_flag smallint NOT NULL,
    change_message text NOT NULL,
    content_type_id integer,
    user_id integer NOT NULL,
    CONSTRAINT django_admin_log_action_flag_check CHECK ((action_flag >= 0))
);


--
-- Name: django_admin_log_id_seq; Type: SEQUENCE; Schema: public; Owner: -
--

ALTER TABLE public.django_admin_log ALTER COLUMN id ADD GENERATED BY DEFAULT AS IDENTITY (
    SEQUENCE NAME public.django_admin_log_id_seq
    START WITH 1
    INCREMENT BY 1
    NO MINVALUE
    NO MAXVALUE
    CACHE 1
);


--
-- Name: django_content_type; Type: TABLE; Schema: public; Owner: -
--

CREATE TABLE public.django_content_type (
    id integer NOT NULL,
    app_label character varying(100) NOT NULL,
    model character varying(100) NOT NULL
);


--
-- Name: django_content_type_id_seq; Type: SEQUENCE; Schema: public; Owner: -
--

ALTER TABLE public.django_content_type ALTER COLUMN id ADD GENERATED BY DEFAULT AS IDENTITY (
    SEQUENCE NAME public.django_content_type_id_seq
    START WITH 1
    INCREMENT BY 1
    NO MINVALUE
    NO MAXVALUE
    CACHE 1
);


--
-- Name: django_migrations; Type: TABLE; Schema: public; Owner: -
--

CREATE TABLE public.django_migrations (
    id bigint NOT NULL,
    app character varying(255) NOT NULL,
    name character varying(255) NOT NULL,
    applied timestamp with time zone NOT NULL
);


--
-- Name: django_migrations_id_seq; Type: SEQUENCE; Schema: public; Owner: -
--

ALTER TABLE public.django_migrations ALTER COLUMN id ADD GENERATED BY DEFAULT AS IDENTITY (
    SEQUENCE NAME public.django_migrations_id_seq
    START WITH 1
    INCREMENT BY 1
    NO MINVALUE
    NO MAXVALUE
    CACHE 1
);


--
-- Name: django_session; Type: TABLE; Schema: public; Owner: -
--

CREATE TABLE public.django_session (
    session_key character varying(40) NOT NULL,
    session_data text NOT NULL,
    expire_date timestamp with time zone NOT NULL
);


--
-- Name: documentos_lead; Type: TABLE; Schema: public; Owner: -
--

CREATE TABLE public.documentos_lead (
    id bigint NOT NULL,
    tipo_documento character varying(30) NOT NULL,
    arquivo_base64 text NOT NULL,
    nome_arquivo character varying(255) NOT NULL,
    tamanho_arquivo integer NOT NULL,
    formato_arquivo character varying(10) NOT NULL,
    status character varying(20) NOT NULL,
    observacoes_validacao text,
    data_upload timestamp with time zone NOT NULL,
    data_validacao timestamp with time zone,
    validado_por character varying(100),
    lead_id bigint NOT NULL,
    tenant_id bigint,
    CONSTRAINT documentos_lead_tamanho_arquivo_check CHECK ((tamanho_arquivo >= 0))
);


--
-- Name: documentos_lead_id_seq; Type: SEQUENCE; Schema: public; Owner: -
--

ALTER TABLE public.documentos_lead ALTER COLUMN id ADD GENERATED BY DEFAULT AS IDENTITY (
    SEQUENCE NAME public.documentos_lead_id_seq
    START WITH 1
    INCREMENT BY 1
    NO MINVALUE
    NO MAXVALUE
    CACHE 1
);


--
-- Name: fluxos_atendimento; Type: TABLE; Schema: public; Owner: -
--

CREATE TABLE public.fluxos_atendimento (
    id bigint NOT NULL,
    nome character varying(255) NOT NULL,
    descricao text,
    tipo_fluxo character varying(20) NOT NULL,
    status character varying(20) NOT NULL,
    max_tentativas integer NOT NULL,
    tempo_limite_minutos integer,
    permite_pular_questoes boolean NOT NULL,
    data_criacao timestamp with time zone NOT NULL,
    data_atualizacao timestamp with time zone NOT NULL,
    criado_por character varying(100),
    ativo boolean NOT NULL,
    tenant_id bigint,
    fluxo_json jsonb NOT NULL,
    modo_fluxo boolean NOT NULL,
    canal character varying(20) NOT NULL,
    recontato_ativo boolean NOT NULL,
    recontato_config jsonb NOT NULL,
    CONSTRAINT fluxos_atendimento_max_tentativas_check CHECK ((max_tentativas >= 0)),
    CONSTRAINT fluxos_atendimento_tempo_limite_minutos_check CHECK ((tempo_limite_minutos >= 0))
);


--
-- Name: fluxos_atendimento_id_seq; Type: SEQUENCE; Schema: public; Owner: -
--

ALTER TABLE public.fluxos_atendimento ALTER COLUMN id ADD GENERATED BY DEFAULT AS IDENTITY (
    SEQUENCE NAME public.fluxos_atendimento_id_seq
    START WITH 1
    INCREMENT BY 1
    NO MINVALUE
    NO MAXVALUE
    CACHE 1
);


--
-- Name: historico_contato; Type: TABLE; Schema: public; Owner: -
--

CREATE TABLE public.historico_contato (
    id bigint NOT NULL,
    telefone character varying(17) NOT NULL,
    data_hora_contato timestamp with time zone NOT NULL,
    status character varying(30) NOT NULL,
    nome_contato character varying(255),
    duracao_segundos integer,
    transcricao text,
    observacoes text,
    ip_origem inet,
    user_agent text,
    dados_extras jsonb,
    sucesso boolean NOT NULL,
    converteu_lead boolean NOT NULL,
    data_conversao_lead timestamp with time zone,
    converteu_venda boolean NOT NULL,
    data_conversao_venda timestamp with time zone,
    valor_venda numeric(12,2),
    origem_contato character varying(50),
    identificador_cliente character varying(255),
    id_conta character varying(100),
    numero_conta character varying(100),
    ultima_mensagem text,
    protocolo_atendimento character varying(100),
    codigo_atendimento character varying(100),
    tenant_id bigint,
    lead_id bigint,
    CONSTRAINT historico_contato_duracao_segundos_check CHECK ((duracao_segundos >= 0))
);


--
-- Name: historico_contato_id_seq; Type: SEQUENCE; Schema: public; Owner: -
--

ALTER TABLE public.historico_contato ALTER COLUMN id ADD GENERATED BY DEFAULT AS IDENTITY (
    SEQUENCE NAME public.historico_contato_id_seq
    START WITH 1
    INCREMENT BY 1
    NO MINVALUE
    NO MAXVALUE
    CACHE 1
);


--
-- Name: imagens_lead_prospecto; Type: TABLE; Schema: public; Owner: -
--

CREATE TABLE public.imagens_lead_prospecto (
    id bigint NOT NULL,
    link_url character varying(1024) NOT NULL,
    descricao character varying(255) NOT NULL,
    status_validacao character varying(30) NOT NULL,
    observacao_validacao text NOT NULL,
    data_validacao timestamp with time zone,
    validado_por character varying(150) NOT NULL,
    data_criacao timestamp with time zone NOT NULL,
    tenant_id bigint,
    lead_id bigint NOT NULL
);


--
-- Name: imagens_lead_prospecto_id_seq; Type: SEQUENCE; Schema: public; Owner: -
--

ALTER TABLE public.imagens_lead_prospecto ALTER COLUMN id ADD GENERATED BY DEFAULT AS IDENTITY (
    SEQUENCE NAME public.imagens_lead_prospecto_id_seq
    START WITH 1
    INCREMENT BY 1
    NO MINVALUE
    NO MAXVALUE
    CACHE 1
);


--
-- Name: inbox_canais; Type: TABLE; Schema: public; Owner: -
--

CREATE TABLE public.inbox_canais (
    id bigint NOT NULL,
    tipo character varying(20) NOT NULL,
    nome character varying(100) NOT NULL,
    ativo boolean NOT NULL,
    configuracao jsonb NOT NULL,
    criado_em timestamp with time zone NOT NULL,
    tenant_id bigint,
    identificador_canal character varying(100) NOT NULL,
    integracao_id bigint,
    provedor character varying(30) NOT NULL,
    fluxo_id bigint
);


--
-- Name: inbox_canais_id_seq; Type: SEQUENCE; Schema: public; Owner: -
--

ALTER TABLE public.inbox_canais ALTER COLUMN id ADD GENERATED BY DEFAULT AS IDENTITY (
    SEQUENCE NAME public.inbox_canais_id_seq
    START WITH 1
    INCREMENT BY 1
    NO MINVALUE
    NO MAXVALUE
    CACHE 1
);


--
-- Name: inbox_configuracao; Type: TABLE; Schema: public; Owner: -
--

CREATE TABLE public.inbox_configuracao (
    id bigint NOT NULL,
    mensagem_fora_horario text NOT NULL,
    distribuicao_padrao character varying(15) NOT NULL,
    atribuir_ao_responder boolean NOT NULL,
    data_atualizacao timestamp with time zone NOT NULL,
    tenant_id bigint
);


--
-- Name: inbox_configuracao_id_seq; Type: SEQUENCE; Schema: public; Owner: -
--

ALTER TABLE public.inbox_configuracao ALTER COLUMN id ADD GENERATED BY DEFAULT AS IDENTITY (
    SEQUENCE NAME public.inbox_configuracao_id_seq
    START WITH 1
    INCREMENT BY 1
    NO MINVALUE
    NO MAXVALUE
    CACHE 1
);


--
-- Name: inbox_conversas; Type: TABLE; Schema: public; Owner: -
--

CREATE TABLE public.inbox_conversas (
    id bigint NOT NULL,
    numero integer NOT NULL,
    contato_nome character varying(255) NOT NULL,
    contato_telefone character varying(17) NOT NULL,
    contato_email character varying(254) NOT NULL,
    status character varying(15) NOT NULL,
    prioridade character varying(10) NOT NULL,
    identificador_externo character varying(100) NOT NULL,
    ultima_mensagem_em timestamp with time zone,
    ultima_mensagem_preview character varying(255) NOT NULL,
    mensagens_nao_lidas integer NOT NULL,
    tempo_primeira_resposta_seg integer,
    data_abertura timestamp with time zone NOT NULL,
    data_resolucao timestamp with time zone,
    data_arquivamento timestamp with time zone,
    metadata jsonb NOT NULL,
    agente_id integer,
    canal_id bigint NOT NULL,
    lead_id bigint,
    oportunidade_id bigint,
    tenant_id bigint,
    ticket_id bigint,
    equipe_id bigint,
    fila_id bigint,
    modo_atendimento character varying(20) NOT NULL,
    CONSTRAINT inbox_conversas_mensagens_nao_lidas_check CHECK ((mensagens_nao_lidas >= 0)),
    CONSTRAINT inbox_conversas_numero_check CHECK ((numero >= 0)),
    CONSTRAINT inbox_conversas_tempo_primeira_resposta_seg_check CHECK ((tempo_primeira_resposta_seg >= 0))
);


--
-- Name: inbox_conversas_etiquetas; Type: TABLE; Schema: public; Owner: -
--

CREATE TABLE public.inbox_conversas_etiquetas (
    id bigint NOT NULL,
    conversa_id bigint NOT NULL,
    etiquetaconversa_id bigint NOT NULL
);


--
-- Name: inbox_conversas_etiquetas_id_seq; Type: SEQUENCE; Schema: public; Owner: -
--

ALTER TABLE public.inbox_conversas_etiquetas ALTER COLUMN id ADD GENERATED BY DEFAULT AS IDENTITY (
    SEQUENCE NAME public.inbox_conversas_etiquetas_id_seq
    START WITH 1
    INCREMENT BY 1
    NO MINVALUE
    NO MAXVALUE
    CACHE 1
);


--
-- Name: inbox_conversas_id_seq; Type: SEQUENCE; Schema: public; Owner: -
--

ALTER TABLE public.inbox_conversas ALTER COLUMN id ADD GENERATED BY DEFAULT AS IDENTITY (
    SEQUENCE NAME public.inbox_conversas_id_seq
    START WITH 1
    INCREMENT BY 1
    NO MINVALUE
    NO MAXVALUE
    CACHE 1
);


--
-- Name: inbox_equipes; Type: TABLE; Schema: public; Owner: -
--

CREATE TABLE public.inbox_equipes (
    id bigint NOT NULL,
    nome character varying(100) NOT NULL,
    descricao text NOT NULL,
    cor_hex character varying(7) NOT NULL,
    ativo boolean NOT NULL,
    criado_em timestamp with time zone NOT NULL,
    lider_id integer,
    tenant_id bigint
);


--
-- Name: inbox_equipes_id_seq; Type: SEQUENCE; Schema: public; Owner: -
--

ALTER TABLE public.inbox_equipes ALTER COLUMN id ADD GENERATED BY DEFAULT AS IDENTITY (
    SEQUENCE NAME public.inbox_equipes_id_seq
    START WITH 1
    INCREMENT BY 1
    NO MINVALUE
    NO MAXVALUE
    CACHE 1
);


--
-- Name: inbox_etiquetas; Type: TABLE; Schema: public; Owner: -
--

CREATE TABLE public.inbox_etiquetas (
    id bigint NOT NULL,
    nome character varying(50) NOT NULL,
    cor_hex character varying(7) NOT NULL,
    criado_em timestamp with time zone NOT NULL,
    criado_por_id integer,
    tenant_id bigint
);


--
-- Name: inbox_etiquetas_id_seq; Type: SEQUENCE; Schema: public; Owner: -
--

ALTER TABLE public.inbox_etiquetas ALTER COLUMN id ADD GENERATED BY DEFAULT AS IDENTITY (
    SEQUENCE NAME public.inbox_etiquetas_id_seq
    START WITH 1
    INCREMENT BY 1
    NO MINVALUE
    NO MAXVALUE
    CACHE 1
);


--
-- Name: inbox_faq_artigos; Type: TABLE; Schema: public; Owner: -
--

CREATE TABLE public.inbox_faq_artigos (
    id bigint NOT NULL,
    titulo character varying(200) NOT NULL,
    conteudo text NOT NULL,
    ordem integer NOT NULL,
    ativo boolean NOT NULL,
    visualizacoes integer NOT NULL,
    criado_em timestamp with time zone NOT NULL,
    atualizado_em timestamp with time zone NOT NULL,
    tenant_id bigint,
    categoria_id bigint NOT NULL,
    CONSTRAINT inbox_faq_artigos_ordem_check CHECK ((ordem >= 0)),
    CONSTRAINT inbox_faq_artigos_visualizacoes_check CHECK ((visualizacoes >= 0))
);


--
-- Name: inbox_faq_artigos_id_seq; Type: SEQUENCE; Schema: public; Owner: -
--

ALTER TABLE public.inbox_faq_artigos ALTER COLUMN id ADD GENERATED BY DEFAULT AS IDENTITY (
    SEQUENCE NAME public.inbox_faq_artigos_id_seq
    START WITH 1
    INCREMENT BY 1
    NO MINVALUE
    NO MAXVALUE
    CACHE 1
);


--
-- Name: inbox_faq_categorias; Type: TABLE; Schema: public; Owner: -
--

CREATE TABLE public.inbox_faq_categorias (
    id bigint NOT NULL,
    nome character varying(100) NOT NULL,
    slug character varying(100) NOT NULL,
    icone character varying(50) NOT NULL,
    cor character varying(7) NOT NULL,
    ordem integer NOT NULL,
    ativo boolean NOT NULL,
    criado_em timestamp with time zone NOT NULL,
    tenant_id bigint,
    CONSTRAINT inbox_faq_categorias_ordem_check CHECK ((ordem >= 0))
);


--
-- Name: inbox_faq_categorias_id_seq; Type: SEQUENCE; Schema: public; Owner: -
--

ALTER TABLE public.inbox_faq_categorias ALTER COLUMN id ADD GENERATED BY DEFAULT AS IDENTITY (
    SEQUENCE NAME public.inbox_faq_categorias_id_seq
    START WITH 1
    INCREMENT BY 1
    NO MINVALUE
    NO MAXVALUE
    CACHE 1
);


--
-- Name: inbox_filas; Type: TABLE; Schema: public; Owner: -
--

CREATE TABLE public.inbox_filas (
    id bigint NOT NULL,
    nome character varying(100) NOT NULL,
    descricao text NOT NULL,
    prioridade integer NOT NULL,
    modo_distribuicao character varying(15) NOT NULL,
    ativo boolean NOT NULL,
    ultimo_agente_id integer,
    criado_em timestamp with time zone NOT NULL,
    equipe_id bigint NOT NULL,
    tenant_id bigint,
    mensagem_fora_horario text NOT NULL,
    CONSTRAINT inbox_filas_prioridade_check CHECK ((prioridade >= 0)),
    CONSTRAINT inbox_filas_ultimo_agente_id_check CHECK ((ultimo_agente_id >= 0))
);


--
-- Name: inbox_filas_id_seq; Type: SEQUENCE; Schema: public; Owner: -
--

ALTER TABLE public.inbox_filas ALTER COLUMN id ADD GENERATED BY DEFAULT AS IDENTITY (
    SEQUENCE NAME public.inbox_filas_id_seq
    START WITH 1
    INCREMENT BY 1
    NO MINVALUE
    NO MAXVALUE
    CACHE 1
);


--
-- Name: inbox_historico_transferencia; Type: TABLE; Schema: public; Owner: -
--

CREATE TABLE public.inbox_historico_transferencia (
    id bigint NOT NULL,
    motivo text NOT NULL,
    data timestamp with time zone NOT NULL,
    conversa_id bigint NOT NULL,
    de_agente_id integer,
    de_equipe_id bigint,
    para_agente_id integer,
    para_equipe_id bigint,
    para_fila_id bigint,
    tenant_id bigint,
    transferido_por_id integer
);


--
-- Name: inbox_historico_transferencia_id_seq; Type: SEQUENCE; Schema: public; Owner: -
--

ALTER TABLE public.inbox_historico_transferencia ALTER COLUMN id ADD GENERATED BY DEFAULT AS IDENTITY (
    SEQUENCE NAME public.inbox_historico_transferencia_id_seq
    START WITH 1
    INCREMENT BY 1
    NO MINVALUE
    NO MAXVALUE
    CACHE 1
);


--
-- Name: inbox_horario_atendimento; Type: TABLE; Schema: public; Owner: -
--

CREATE TABLE public.inbox_horario_atendimento (
    id bigint NOT NULL,
    dia_semana integer NOT NULL,
    hora_inicio time without time zone NOT NULL,
    hora_fim time without time zone NOT NULL,
    ativo boolean NOT NULL,
    tenant_id bigint,
    fila_id bigint
);


--
-- Name: inbox_horario_atendimento_id_seq; Type: SEQUENCE; Schema: public; Owner: -
--

ALTER TABLE public.inbox_horario_atendimento ALTER COLUMN id ADD GENERATED BY DEFAULT AS IDENTITY (
    SEQUENCE NAME public.inbox_horario_atendimento_id_seq
    START WITH 1
    INCREMENT BY 1
    NO MINVALUE
    NO MAXVALUE
    CACHE 1
);


--
-- Name: inbox_membros_equipe; Type: TABLE; Schema: public; Owner: -
--

CREATE TABLE public.inbox_membros_equipe (
    id bigint NOT NULL,
    cargo character varying(20) NOT NULL,
    adicionado_em timestamp with time zone NOT NULL,
    equipe_id bigint NOT NULL,
    tenant_id bigint,
    user_id integer NOT NULL
);


--
-- Name: inbox_membros_equipe_id_seq; Type: SEQUENCE; Schema: public; Owner: -
--

ALTER TABLE public.inbox_membros_equipe ALTER COLUMN id ADD GENERATED BY DEFAULT AS IDENTITY (
    SEQUENCE NAME public.inbox_membros_equipe_id_seq
    START WITH 1
    INCREMENT BY 1
    NO MINVALUE
    NO MAXVALUE
    CACHE 1
);


--
-- Name: inbox_mensagens; Type: TABLE; Schema: public; Owner: -
--

CREATE TABLE public.inbox_mensagens (
    id bigint NOT NULL,
    remetente_tipo character varying(10) NOT NULL,
    remetente_nome character varying(255) NOT NULL,
    tipo_conteudo character varying(15) NOT NULL,
    conteudo text NOT NULL,
    arquivo_url character varying(200) NOT NULL,
    arquivo_nome character varying(255) NOT NULL,
    arquivo_tamanho integer,
    lida boolean NOT NULL,
    data_leitura timestamp with time zone,
    data_envio timestamp with time zone NOT NULL,
    data_entrega timestamp with time zone,
    identificador_externo character varying(100) NOT NULL,
    metadata jsonb NOT NULL,
    erro_envio text NOT NULL,
    conversa_id bigint NOT NULL,
    remetente_user_id integer,
    tenant_id bigint,
    CONSTRAINT inbox_mensagens_arquivo_tamanho_check CHECK ((arquivo_tamanho >= 0))
);


--
-- Name: inbox_mensagens_id_seq; Type: SEQUENCE; Schema: public; Owner: -
--

ALTER TABLE public.inbox_mensagens ALTER COLUMN id ADD GENERATED BY DEFAULT AS IDENTITY (
    SEQUENCE NAME public.inbox_mensagens_id_seq
    START WITH 1
    INCREMENT BY 1
    NO MINVALUE
    NO MAXVALUE
    CACHE 1
);


--
-- Name: inbox_notas_internas; Type: TABLE; Schema: public; Owner: -
--

CREATE TABLE public.inbox_notas_internas (
    id bigint NOT NULL,
    conteudo text NOT NULL,
    data_criacao timestamp with time zone NOT NULL,
    autor_id integer NOT NULL,
    conversa_id bigint NOT NULL,
    tenant_id bigint
);


--
-- Name: inbox_notas_internas_id_seq; Type: SEQUENCE; Schema: public; Owner: -
--

ALTER TABLE public.inbox_notas_internas ALTER COLUMN id ADD GENERATED BY DEFAULT AS IDENTITY (
    SEQUENCE NAME public.inbox_notas_internas_id_seq
    START WITH 1
    INCREMENT BY 1
    NO MINVALUE
    NO MAXVALUE
    CACHE 1
);


--
-- Name: inbox_perfis_agente; Type: TABLE; Schema: public; Owner: -
--

CREATE TABLE public.inbox_perfis_agente (
    id bigint NOT NULL,
    status character varying(10) NOT NULL,
    capacidade_maxima integer NOT NULL,
    ultimo_status_em timestamp with time zone NOT NULL,
    tenant_id bigint,
    user_id integer NOT NULL,
    CONSTRAINT inbox_perfis_agente_capacidade_maxima_check CHECK ((capacidade_maxima >= 0))
);


--
-- Name: inbox_perfis_agente_id_seq; Type: SEQUENCE; Schema: public; Owner: -
--

ALTER TABLE public.inbox_perfis_agente ALTER COLUMN id ADD GENERATED BY DEFAULT AS IDENTITY (
    SEQUENCE NAME public.inbox_perfis_agente_id_seq
    START WITH 1
    INCREMENT BY 1
    NO MINVALUE
    NO MAXVALUE
    CACHE 1
);


--
-- Name: inbox_regras_roteamento; Type: TABLE; Schema: public; Owner: -
--

CREATE TABLE public.inbox_regras_roteamento (
    id bigint NOT NULL,
    tipo character varying(15) NOT NULL,
    horario_inicio time without time zone,
    horario_fim time without time zone,
    dias_semana character varying(20) NOT NULL,
    prioridade integer NOT NULL,
    ativo boolean NOT NULL,
    canal_id bigint,
    etiqueta_id bigint,
    fila_id bigint NOT NULL,
    tenant_id bigint,
    CONSTRAINT inbox_regras_roteamento_prioridade_check CHECK ((prioridade >= 0))
);


--
-- Name: inbox_regras_roteamento_id_seq; Type: SEQUENCE; Schema: public; Owner: -
--

ALTER TABLE public.inbox_regras_roteamento ALTER COLUMN id ADD GENERATED BY DEFAULT AS IDENTITY (
    SEQUENCE NAME public.inbox_regras_roteamento_id_seq
    START WITH 1
    INCREMENT BY 1
    NO MINVALUE
    NO MAXVALUE
    CACHE 1
);


--
-- Name: inbox_respostas_rapidas; Type: TABLE; Schema: public; Owner: -
--

CREATE TABLE public.inbox_respostas_rapidas (
    id bigint NOT NULL,
    titulo character varying(100) NOT NULL,
    atalho character varying(50) NOT NULL,
    conteudo text NOT NULL,
    categoria character varying(50) NOT NULL,
    uso_count integer NOT NULL,
    ativo boolean NOT NULL,
    criado_em timestamp with time zone NOT NULL,
    criado_por_id integer,
    tenant_id bigint,
    CONSTRAINT inbox_respostas_rapidas_uso_count_check CHECK ((uso_count >= 0))
);


--
-- Name: inbox_respostas_rapidas_id_seq; Type: SEQUENCE; Schema: public; Owner: -
--

ALTER TABLE public.inbox_respostas_rapidas ALTER COLUMN id ADD GENERATED BY DEFAULT AS IDENTITY (
    SEQUENCE NAME public.inbox_respostas_rapidas_id_seq
    START WITH 1
    INCREMENT BY 1
    NO MINVALUE
    NO MAXVALUE
    CACHE 1
);


--
-- Name: inbox_widget_config; Type: TABLE; Schema: public; Owner: -
--

CREATE TABLE public.inbox_widget_config (
    id bigint NOT NULL,
    token_publico uuid NOT NULL,
    titulo character varying(200) NOT NULL,
    mensagem_boas_vindas character varying(500) NOT NULL,
    cor_primaria character varying(7) NOT NULL,
    cor_header character varying(7) NOT NULL,
    posicao character varying(15) NOT NULL,
    mostrar_faq boolean NOT NULL,
    pedir_dados_antes boolean NOT NULL,
    campos_obrigatorios jsonb NOT NULL,
    ativo boolean NOT NULL,
    dominios_permitidos jsonb NOT NULL,
    criado_em timestamp with time zone NOT NULL,
    atualizado_em timestamp with time zone NOT NULL,
    tenant_id bigint
);


--
-- Name: inbox_widget_config_id_seq; Type: SEQUENCE; Schema: public; Owner: -
--

ALTER TABLE public.inbox_widget_config ALTER COLUMN id ADD GENERATED BY DEFAULT AS IDENTITY (
    SEQUENCE NAME public.inbox_widget_config_id_seq
    START WITH 1
    INCREMENT BY 1
    NO MINVALUE
    NO MAXVALUE
    CACHE 1
);


--
-- Name: indicacoes_indicacao; Type: TABLE; Schema: public; Owner: -
--

CREATE TABLE public.indicacoes_indicacao (
    id bigint NOT NULL,
    nome_indicado character varying(255) NOT NULL,
    telefone_indicado character varying(20) NOT NULL,
    cpf_indicado character varying(14) NOT NULL,
    cidade_indicado character varying(100) NOT NULL,
    status character varying(20) NOT NULL,
    pontos_creditados boolean NOT NULL,
    data_indicacao timestamp with time zone NOT NULL,
    data_conversao timestamp with time zone,
    observacoes text NOT NULL,
    membro_indicado_id bigint,
    membro_indicador_id bigint NOT NULL,
    tenant_id bigint
);


--
-- Name: indicacoes_indicacao_id_seq; Type: SEQUENCE; Schema: public; Owner: -
--

ALTER TABLE public.indicacoes_indicacao ALTER COLUMN id ADD GENERATED BY DEFAULT AS IDENTITY (
    SEQUENCE NAME public.indicacoes_indicacao_id_seq
    START WITH 1
    INCREMENT BY 1
    NO MINVALUE
    NO MAXVALUE
    CACHE 1
);


--
-- Name: indicacoes_indicacaoconfig; Type: TABLE; Schema: public; Owner: -
--

CREATE TABLE public.indicacoes_indicacaoconfig (
    id bigint NOT NULL,
    titulo character varying(255) NOT NULL,
    subtitulo character varying(255) NOT NULL,
    texto_indicador character varying(255) NOT NULL,
    texto_botao character varying(100) NOT NULL,
    texto_sucesso_titulo character varying(255) NOT NULL,
    texto_sucesso_msg text NOT NULL,
    logo character varying(100),
    imagem_fundo character varying(100),
    cor_fundo character varying(7) NOT NULL,
    cor_botao character varying(7) NOT NULL,
    mostrar_campo_cpf boolean NOT NULL,
    mostrar_campo_cidade boolean NOT NULL,
    tenant_id bigint
);


--
-- Name: indicacoes_indicacaoconfig_id_seq; Type: SEQUENCE; Schema: public; Owner: -
--

ALTER TABLE public.indicacoes_indicacaoconfig ALTER COLUMN id ADD GENERATED BY DEFAULT AS IDENTITY (
    SEQUENCE NAME public.indicacoes_indicacaoconfig_id_seq
    START WITH 1
    INCREMENT BY 1
    NO MINVALUE
    NO MAXVALUE
    CACHE 1
);


--
-- Name: integracoes_api; Type: TABLE; Schema: public; Owner: -
--

CREATE TABLE public.integracoes_api (
    id bigint NOT NULL,
    nome character varying(200) NOT NULL,
    tipo character varying(50) NOT NULL,
    base_url character varying(500) NOT NULL,
    client_id character varying(200) NOT NULL,
    client_secret character varying(500) NOT NULL,
    username character varying(200) NOT NULL,
    password character varying(200) NOT NULL,
    grant_type character varying(50) NOT NULL,
    access_token text NOT NULL,
    token_expira_em timestamp with time zone,
    ativa boolean NOT NULL,
    configuracoes_extras jsonb NOT NULL,
    data_criacao timestamp with time zone NOT NULL,
    data_atualizacao timestamp with time zone NOT NULL,
    tenant_id bigint,
    api_token character varying(100) NOT NULL
);


--
-- Name: integracoes_api_id_seq; Type: SEQUENCE; Schema: public; Owner: -
--

ALTER TABLE public.integracoes_api ALTER COLUMN id ADD GENERATED BY DEFAULT AS IDENTITY (
    SEQUENCE NAME public.integracoes_api_id_seq
    START WITH 1
    INCREMENT BY 1
    NO MINVALUE
    NO MAXVALUE
    CACHE 1
);


--
-- Name: leads_prospectos; Type: TABLE; Schema: public; Owner: -
--

CREATE TABLE public.leads_prospectos (
    id bigint NOT NULL,
    nome_razaosocial character varying(255) NOT NULL,
    email character varying(255),
    telefone character varying(17) NOT NULL,
    valor numeric(12,2),
    empresa character varying(255),
    origem character varying(50) NOT NULL,
    data_cadastro timestamp with time zone NOT NULL,
    status_api character varying(20) NOT NULL,
    id_hubsoft character varying(100),
    id_origem character varying(100),
    id_origem_servico character varying(100),
    cpf_cnpj character varying(18),
    rg character varying(30),
    endereco text,
    rua character varying(255),
    numero_residencia character varying(20),
    bairro character varying(120),
    cidade character varying(100),
    estado character varying(2),
    cep character varying(10),
    ponto_referencia character varying(255),
    id_plano_rp integer,
    id_dia_vencimento integer,
    id_vendedor_rp integer,
    data_nascimento date,
    observacoes text,
    data_atualizacao timestamp with time zone NOT NULL,
    canal_entrada character varying(50),
    tipo_entrada character varying(50),
    total_campanhas_detectadas integer NOT NULL,
    metadata_campanhas jsonb NOT NULL,
    score_qualificacao integer,
    tentativas_contato integer NOT NULL,
    data_ultimo_contato timestamp with time zone,
    motivo_rejeicao text,
    custo_aquisicao numeric(10,2),
    ativo boolean NOT NULL,
    documentacao_completa boolean NOT NULL,
    documentacao_validada boolean NOT NULL,
    data_documentacao_completa timestamp with time zone,
    data_documentacao_validada timestamp with time zone,
    contrato_aceito boolean NOT NULL,
    data_aceite_contrato timestamp with time zone,
    ip_aceite_contrato inet,
    url_pdf_conversa character varying(1024),
    data_geracao_pdf timestamp with time zone,
    html_conversa_path character varying(500),
    data_geracao_html timestamp with time zone,
    anexos_contrato_enviados boolean NOT NULL,
    campanha_conversao_id bigint,
    campanha_origem_id bigint,
    tenant_id bigint,
    dados_custom jsonb NOT NULL,
    CONSTRAINT leads_prospectos_tentativas_contato_check CHECK ((tentativas_contato >= 0))
);


--
-- Name: leads_prospectos_id_seq; Type: SEQUENCE; Schema: public; Owner: -
--

ALTER TABLE public.leads_prospectos ALTER COLUMN id ADD GENERATED BY DEFAULT AS IDENTITY (
    SEQUENCE NAME public.leads_prospectos_id_seq
    START WITH 1
    INCREMENT BY 1
    NO MINVALUE
    NO MAXVALUE
    CACHE 1
);


--
-- Name: log_sistema; Type: TABLE; Schema: public; Owner: -
--

CREATE TABLE public.log_sistema (
    id bigint NOT NULL,
    nivel character varying(10) NOT NULL,
    modulo character varying(100) NOT NULL,
    mensagem text NOT NULL,
    dados_extras jsonb,
    usuario character varying(100),
    ip inet,
    data_criacao timestamp with time zone NOT NULL,
    tenant_id bigint,
    acao character varying(50) NOT NULL,
    categoria character varying(20) NOT NULL,
    entidade character varying(50) NOT NULL,
    entidade_id integer
);


--
-- Name: log_sistema_id_seq; Type: SEQUENCE; Schema: public; Owner: -
--

ALTER TABLE public.log_sistema ALTER COLUMN id ADD GENERATED BY DEFAULT AS IDENTITY (
    SEQUENCE NAME public.log_sistema_id_seq
    START WITH 1
    INCREMENT BY 1
    NO MINVALUE
    NO MAXVALUE
    CACHE 1
);


--
-- Name: logs_integracao; Type: TABLE; Schema: public; Owner: -
--

CREATE TABLE public.logs_integracao (
    id bigint NOT NULL,
    endpoint character varying(500) NOT NULL,
    metodo character varying(10) NOT NULL,
    payload_enviado jsonb NOT NULL,
    resposta_recebida jsonb NOT NULL,
    status_code integer,
    sucesso boolean NOT NULL,
    mensagem_erro text NOT NULL,
    tempo_resposta_ms integer,
    data_criacao timestamp with time zone NOT NULL,
    integracao_id bigint NOT NULL,
    lead_id bigint,
    tenant_id bigint
);


--
-- Name: logs_integracao_id_seq; Type: SEQUENCE; Schema: public; Owner: -
--

ALTER TABLE public.logs_integracao ALTER COLUMN id ADD GENERATED BY DEFAULT AS IDENTITY (
    SEQUENCE NAME public.logs_integracao_id_seq
    START WITH 1
    INCREMENT BY 1
    NO MINVALUE
    NO MAXVALUE
    CACHE 1
);


--
-- Name: marketing_categoria_template; Type: TABLE; Schema: public; Owner: -
--

CREATE TABLE public.marketing_categoria_template (
    id bigint NOT NULL,
    nome character varying(100) NOT NULL,
    icone character varying(50) NOT NULL,
    ordem integer NOT NULL,
    tenant_id bigint,
    CONSTRAINT marketing_categoria_template_ordem_check CHECK ((ordem >= 0))
);


--
-- Name: marketing_categoria_template_id_seq; Type: SEQUENCE; Schema: public; Owner: -
--

ALTER TABLE public.marketing_categoria_template ALTER COLUMN id ADD GENERATED BY DEFAULT AS IDENTITY (
    SEQUENCE NAME public.marketing_categoria_template_id_seq
    START WITH 1
    INCREMENT BY 1
    NO MINVALUE
    NO MAXVALUE
    CACHE 1
);


--
-- Name: marketing_envio_email; Type: TABLE; Schema: public; Owner: -
--

CREATE TABLE public.marketing_envio_email (
    id bigint NOT NULL,
    email_destino character varying(254) NOT NULL,
    assunto_renderizado character varying(300) NOT NULL,
    status character varying(20) NOT NULL,
    tracking_id uuid NOT NULL,
    enviado_em timestamp with time zone NOT NULL,
    aberto_em timestamp with time zone,
    clicado_em timestamp with time zone,
    erro_detalhe text NOT NULL,
    automacao_id bigint,
    lead_id bigint,
    tenant_id bigint,
    template_id bigint
);


--
-- Name: marketing_envio_email_id_seq; Type: SEQUENCE; Schema: public; Owner: -
--

ALTER TABLE public.marketing_envio_email ALTER COLUMN id ADD GENERATED BY DEFAULT AS IDENTITY (
    SEQUENCE NAME public.marketing_envio_email_id_seq
    START WITH 1
    INCREMENT BY 1
    NO MINVALUE
    NO MAXVALUE
    CACHE 1
);


--
-- Name: marketing_template_email; Type: TABLE; Schema: public; Owner: -
--

CREATE TABLE public.marketing_template_email (
    id bigint NOT NULL,
    nome character varying(200) NOT NULL,
    descricao text NOT NULL,
    assunto character varying(300) NOT NULL,
    config_json jsonb NOT NULL,
    blocos_json jsonb NOT NULL,
    html_compilado text NOT NULL,
    status character varying(20) NOT NULL,
    eh_modelo_base boolean NOT NULL,
    thumbnail character varying(100),
    criado_em timestamp with time zone NOT NULL,
    atualizado_em timestamp with time zone NOT NULL,
    categoria_id bigint,
    criado_por_id integer,
    tenant_id bigint
);


--
-- Name: marketing_template_email_id_seq; Type: SEQUENCE; Schema: public; Owner: -
--

ALTER TABLE public.marketing_template_email ALTER COLUMN id ADD GENERATED BY DEFAULT AS IDENTITY (
    SEQUENCE NAME public.marketing_template_email_id_seq
    START WITH 1
    INCREMENT BY 1
    NO MINVALUE
    NO MAXVALUE
    CACHE 1
);


--
-- Name: notificacoes_canalnotificacao; Type: TABLE; Schema: public; Owner: -
--

CREATE TABLE public.notificacoes_canalnotificacao (
    id bigint NOT NULL,
    codigo character varying(20) NOT NULL,
    nome character varying(50) NOT NULL,
    ativo boolean NOT NULL,
    configuracao jsonb NOT NULL,
    icone character varying(50) NOT NULL,
    tenant_id bigint
);


--
-- Name: notificacoes_canalnotificacao_id_seq; Type: SEQUENCE; Schema: public; Owner: -
--

ALTER TABLE public.notificacoes_canalnotificacao ALTER COLUMN id ADD GENERATED BY DEFAULT AS IDENTITY (
    SEQUENCE NAME public.notificacoes_canalnotificacao_id_seq
    START WITH 1
    INCREMENT BY 1
    NO MINVALUE
    NO MAXVALUE
    CACHE 1
);


--
-- Name: notificacoes_notificacao; Type: TABLE; Schema: public; Owner: -
--

CREATE TABLE public.notificacoes_notificacao (
    id bigint NOT NULL,
    destinatario_email character varying(254),
    destinatario_telefone character varying(20),
    titulo character varying(200) NOT NULL,
    mensagem text NOT NULL,
    dados_contexto jsonb NOT NULL,
    status character varying(20) NOT NULL,
    prioridade character varying(20) NOT NULL,
    tentativas integer NOT NULL,
    max_tentativas integer NOT NULL,
    data_criacao timestamp with time zone NOT NULL,
    data_envio timestamp with time zone,
    data_agendamento timestamp with time zone,
    n8n_webhook_id character varying(100),
    n8n_execution_id character varying(100),
    n8n_response jsonb,
    erro_detalhes text,
    canal_id bigint NOT NULL,
    destinatario_id integer,
    tenant_id bigint,
    tipo_id bigint NOT NULL,
    CONSTRAINT notificacoes_notificacao_max_tentativas_check CHECK ((max_tentativas >= 0)),
    CONSTRAINT notificacoes_notificacao_tentativas_check CHECK ((tentativas >= 0))
);


--
-- Name: notificacoes_notificacao_id_seq; Type: SEQUENCE; Schema: public; Owner: -
--

ALTER TABLE public.notificacoes_notificacao ALTER COLUMN id ADD GENERATED BY DEFAULT AS IDENTITY (
    SEQUENCE NAME public.notificacoes_notificacao_id_seq
    START WITH 1
    INCREMENT BY 1
    NO MINVALUE
    NO MAXVALUE
    CACHE 1
);


--
-- Name: notificacoes_preferencianotificacao; Type: TABLE; Schema: public; Owner: -
--

CREATE TABLE public.notificacoes_preferencianotificacao (
    id bigint NOT NULL,
    ativo boolean NOT NULL,
    horario_inicio time without time zone NOT NULL,
    horario_fim time without time zone NOT NULL,
    dias_semana jsonb NOT NULL,
    canal_preferido_id bigint NOT NULL,
    tenant_id bigint,
    usuario_id integer NOT NULL,
    tipo_notificacao_id bigint CONSTRAINT notificacoes_preferencianotificaca_tipo_notificacao_id_not_null NOT NULL
);


--
-- Name: notificacoes_preferencianotificacao_id_seq; Type: SEQUENCE; Schema: public; Owner: -
--

ALTER TABLE public.notificacoes_preferencianotificacao ALTER COLUMN id ADD GENERATED BY DEFAULT AS IDENTITY (
    SEQUENCE NAME public.notificacoes_preferencianotificacao_id_seq
    START WITH 1
    INCREMENT BY 1
    NO MINVALUE
    NO MAXVALUE
    CACHE 1
);


--
-- Name: notificacoes_templatenotificacao; Type: TABLE; Schema: public; Owner: -
--

CREATE TABLE public.notificacoes_templatenotificacao (
    id bigint NOT NULL,
    nome character varying(100) NOT NULL,
    assunto character varying(200) NOT NULL,
    corpo_html text NOT NULL,
    corpo_texto text NOT NULL,
    variaveis jsonb NOT NULL,
    ativo boolean NOT NULL,
    canal_id bigint NOT NULL,
    tenant_id bigint,
    tipo_notificacao_id bigint NOT NULL
);


--
-- Name: notificacoes_templatenotificacao_id_seq; Type: SEQUENCE; Schema: public; Owner: -
--

ALTER TABLE public.notificacoes_templatenotificacao ALTER COLUMN id ADD GENERATED BY DEFAULT AS IDENTITY (
    SEQUENCE NAME public.notificacoes_templatenotificacao_id_seq
    START WITH 1
    INCREMENT BY 1
    NO MINVALUE
    NO MAXVALUE
    CACHE 1
);


--
-- Name: notificacoes_tiponotificacao; Type: TABLE; Schema: public; Owner: -
--

CREATE TABLE public.notificacoes_tiponotificacao (
    id bigint NOT NULL,
    codigo character varying(50) NOT NULL,
    nome character varying(100) NOT NULL,
    descricao text NOT NULL,
    ativo boolean NOT NULL,
    template_padrao text NOT NULL,
    prioridade_padrao character varying(20) NOT NULL,
    whatsapp_config jsonb NOT NULL,
    tenant_id bigint
);


--
-- Name: notificacoes_tiponotificacao_id_seq; Type: SEQUENCE; Schema: public; Owner: -
--

ALTER TABLE public.notificacoes_tiponotificacao ALTER COLUMN id ADD GENERATED BY DEFAULT AS IDENTITY (
    SEQUENCE NAME public.notificacoes_tiponotificacao_id_seq
    START WITH 1
    INCREMENT BY 1
    NO MINVALUE
    NO MAXVALUE
    CACHE 1
);


--
-- Name: nps_configuracaonps; Type: TABLE; Schema: public; Owner: -
--

CREATE TABLE public.nps_configuracaonps (
    id bigint NOT NULL,
    periodicidade_dias integer NOT NULL,
    canal_envio character varying(20) NOT NULL,
    mensagem_template text NOT NULL,
    ativo boolean NOT NULL,
    tenant_id bigint
);


--
-- Name: nps_configuracaonps_id_seq; Type: SEQUENCE; Schema: public; Owner: -
--

ALTER TABLE public.nps_configuracaonps ALTER COLUMN id ADD GENERATED BY DEFAULT AS IDENTITY (
    SEQUENCE NAME public.nps_configuracaonps_id_seq
    START WITH 1
    INCREMENT BY 1
    NO MINVALUE
    NO MAXVALUE
    CACHE 1
);


--
-- Name: nps_pesquisanps; Type: TABLE; Schema: public; Owner: -
--

CREATE TABLE public.nps_pesquisanps (
    id bigint NOT NULL,
    nota integer NOT NULL,
    comentario text NOT NULL,
    categoria character varying(20) NOT NULL,
    canal_resposta character varying(20) NOT NULL,
    data_envio timestamp with time zone,
    data_resposta timestamp with time zone,
    respondida boolean NOT NULL,
    cliente_id bigint,
    membro_id bigint,
    tenant_id bigint
);


--
-- Name: nps_pesquisanps_id_seq; Type: SEQUENCE; Schema: public; Owner: -
--

ALTER TABLE public.nps_pesquisanps ALTER COLUMN id ADD GENERATED BY DEFAULT AS IDENTITY (
    SEQUENCE NAME public.nps_pesquisanps_id_seq
    START WITH 1
    INCREMENT BY 1
    NO MINVALUE
    NO MAXVALUE
    CACHE 1
);


--
-- Name: opcoes_vencimento; Type: TABLE; Schema: public; Owner: -
--

CREATE TABLE public.opcoes_vencimento (
    id bigint NOT NULL,
    dia_vencimento integer NOT NULL,
    descricao character varying(50) NOT NULL,
    ordem_exibicao integer NOT NULL,
    ativo boolean NOT NULL,
    tenant_id bigint,
    CONSTRAINT opcoes_vencimento_dia_vencimento_check CHECK ((dia_vencimento >= 0)),
    CONSTRAINT opcoes_vencimento_ordem_exibicao_check CHECK ((ordem_exibicao >= 0))
);


--
-- Name: opcoes_vencimento_id_seq; Type: SEQUENCE; Schema: public; Owner: -
--

ALTER TABLE public.opcoes_vencimento ALTER COLUMN id ADD GENERATED BY DEFAULT AS IDENTITY (
    SEQUENCE NAME public.opcoes_vencimento_id_seq
    START WITH 1
    INCREMENT BY 1
    NO MINVALUE
    NO MAXVALUE
    CACHE 1
);


--
-- Name: parceiros_categoriaparceiro; Type: TABLE; Schema: public; Owner: -
--

CREATE TABLE public.parceiros_categoriaparceiro (
    id bigint NOT NULL,
    nome character varying(100) NOT NULL,
    slug character varying(50) NOT NULL,
    icone character varying(50) NOT NULL,
    ordem integer NOT NULL,
    ativo boolean NOT NULL,
    tenant_id bigint
);


--
-- Name: parceiros_categoriaparceiro_id_seq; Type: SEQUENCE; Schema: public; Owner: -
--

ALTER TABLE public.parceiros_categoriaparceiro ALTER COLUMN id ADD GENERATED BY DEFAULT AS IDENTITY (
    SEQUENCE NAME public.parceiros_categoriaparceiro_id_seq
    START WITH 1
    INCREMENT BY 1
    NO MINVALUE
    NO MAXVALUE
    CACHE 1
);


--
-- Name: parceiros_cupomdesconto; Type: TABLE; Schema: public; Owner: -
--

CREATE TABLE public.parceiros_cupomdesconto (
    id bigint NOT NULL,
    titulo character varying(255) NOT NULL,
    descricao text NOT NULL,
    imagem character varying(100),
    codigo character varying(50) NOT NULL,
    tipo_desconto character varying(15) NOT NULL,
    valor_desconto numeric(10,2) NOT NULL,
    modalidade character varying(15) NOT NULL,
    custo_pontos integer NOT NULL,
    quantidade_total integer NOT NULL,
    quantidade_resgatada integer NOT NULL,
    limite_por_membro integer NOT NULL,
    data_inicio timestamp with time zone NOT NULL,
    data_fim timestamp with time zone NOT NULL,
    ativo boolean NOT NULL,
    status_aprovacao character varying(15) NOT NULL,
    motivo_rejeicao text NOT NULL,
    data_cadastro timestamp with time zone NOT NULL,
    nivel_minimo_id bigint,
    tenant_id bigint,
    parceiro_id bigint NOT NULL
);


--
-- Name: parceiros_cupomdesconto_cidades_permitidas; Type: TABLE; Schema: public; Owner: -
--

CREATE TABLE public.parceiros_cupomdesconto_cidades_permitidas (
    id bigint NOT NULL,
    cupomdesconto_id bigint CONSTRAINT parceiros_cupomdesconto_cidades_permi_cupomdesconto_id_not_null NOT NULL,
    cidade_id bigint NOT NULL
);


--
-- Name: parceiros_cupomdesconto_cidades_permitidas_id_seq; Type: SEQUENCE; Schema: public; Owner: -
--

ALTER TABLE public.parceiros_cupomdesconto_cidades_permitidas ALTER COLUMN id ADD GENERATED BY DEFAULT AS IDENTITY (
    SEQUENCE NAME public.parceiros_cupomdesconto_cidades_permitidas_id_seq
    START WITH 1
    INCREMENT BY 1
    NO MINVALUE
    NO MAXVALUE
    CACHE 1
);


--
-- Name: parceiros_cupomdesconto_id_seq; Type: SEQUENCE; Schema: public; Owner: -
--

ALTER TABLE public.parceiros_cupomdesconto ALTER COLUMN id ADD GENERATED BY DEFAULT AS IDENTITY (
    SEQUENCE NAME public.parceiros_cupomdesconto_id_seq
    START WITH 1
    INCREMENT BY 1
    NO MINVALUE
    NO MAXVALUE
    CACHE 1
);


--
-- Name: parceiros_parceiro; Type: TABLE; Schema: public; Owner: -
--

CREATE TABLE public.parceiros_parceiro (
    id bigint NOT NULL,
    nome character varying(255) NOT NULL,
    logo character varying(100),
    descricao text NOT NULL,
    contato_nome character varying(255) NOT NULL,
    contato_telefone character varying(20) NOT NULL,
    contato_email character varying(254) NOT NULL,
    ativo boolean NOT NULL,
    data_cadastro timestamp with time zone NOT NULL,
    categoria_id bigint,
    tenant_id bigint,
    usuario_id integer
);


--
-- Name: parceiros_parceiro_cidades; Type: TABLE; Schema: public; Owner: -
--

CREATE TABLE public.parceiros_parceiro_cidades (
    id bigint NOT NULL,
    parceiro_id bigint NOT NULL,
    cidade_id bigint NOT NULL
);


--
-- Name: parceiros_parceiro_cidades_id_seq; Type: SEQUENCE; Schema: public; Owner: -
--

ALTER TABLE public.parceiros_parceiro_cidades ALTER COLUMN id ADD GENERATED BY DEFAULT AS IDENTITY (
    SEQUENCE NAME public.parceiros_parceiro_cidades_id_seq
    START WITH 1
    INCREMENT BY 1
    NO MINVALUE
    NO MAXVALUE
    CACHE 1
);


--
-- Name: parceiros_parceiro_id_seq; Type: SEQUENCE; Schema: public; Owner: -
--

ALTER TABLE public.parceiros_parceiro ALTER COLUMN id ADD GENERATED BY DEFAULT AS IDENTITY (
    SEQUENCE NAME public.parceiros_parceiro_id_seq
    START WITH 1
    INCREMENT BY 1
    NO MINVALUE
    NO MAXVALUE
    CACHE 1
);


--
-- Name: parceiros_resgatecupom; Type: TABLE; Schema: public; Owner: -
--

CREATE TABLE public.parceiros_resgatecupom (
    id bigint NOT NULL,
    codigo_unico character varying(20) NOT NULL,
    pontos_gastos integer NOT NULL,
    status character varying(20) NOT NULL,
    valor_compra numeric(10,2),
    data_resgate timestamp with time zone NOT NULL,
    data_utilizacao timestamp with time zone,
    cupom_id bigint NOT NULL,
    membro_id bigint NOT NULL,
    tenant_id bigint
);


--
-- Name: parceiros_resgatecupom_id_seq; Type: SEQUENCE; Schema: public; Owner: -
--

ALTER TABLE public.parceiros_resgatecupom ALTER COLUMN id ADD GENERATED BY DEFAULT AS IDENTITY (
    SEQUENCE NAME public.parceiros_resgatecupom_id_seq
    START WITH 1
    INCREMENT BY 1
    NO MINVALUE
    NO MAXVALUE
    CACHE 1
);


--
-- Name: planos_internet; Type: TABLE; Schema: public; Owner: -
--

CREATE TABLE public.planos_internet (
    id bigint NOT NULL,
    nome character varying(100) NOT NULL,
    descricao text NOT NULL,
    velocidade_download integer NOT NULL,
    velocidade_upload integer NOT NULL,
    valor_mensal numeric(8,2) NOT NULL,
    id_sistema_externo character varying(50),
    wifi_6 boolean NOT NULL,
    suporte_prioritario boolean NOT NULL,
    suporte_24h boolean NOT NULL,
    upload_simetrico boolean NOT NULL,
    ordem_exibicao integer NOT NULL,
    destaque character varying(50) NOT NULL,
    ativo boolean NOT NULL,
    data_criacao timestamp with time zone NOT NULL,
    data_atualizacao timestamp with time zone NOT NULL,
    tenant_id bigint,
    CONSTRAINT planos_internet_ordem_exibicao_check CHECK ((ordem_exibicao >= 0)),
    CONSTRAINT planos_internet_velocidade_download_check CHECK ((velocidade_download >= 0)),
    CONSTRAINT planos_internet_velocidade_upload_check CHECK ((velocidade_upload >= 0))
);


--
-- Name: planos_internet_id_seq; Type: SEQUENCE; Schema: public; Owner: -
--

ALTER TABLE public.planos_internet ALTER COLUMN id ADD GENERATED BY DEFAULT AS IDENTITY (
    SEQUENCE NAME public.planos_internet_id_seq
    START WITH 1
    INCREMENT BY 1
    NO MINVALUE
    NO MAXVALUE
    CACHE 1
);


--
-- Name: prospectos; Type: TABLE; Schema: public; Owner: -
--

CREATE TABLE public.prospectos (
    id bigint NOT NULL,
    nome_prospecto character varying(255) NOT NULL,
    id_prospecto_hubsoft character varying(100),
    status character varying(20) NOT NULL,
    data_criacao timestamp with time zone NOT NULL,
    data_processamento timestamp with time zone,
    tentativas_processamento integer NOT NULL,
    tempo_processamento numeric(10,3),
    erro_processamento text,
    data_inicio_processamento timestamp with time zone,
    data_fim_processamento timestamp with time zone,
    usuario_processamento character varying(100),
    score_conversao numeric(5,2),
    prioridade integer NOT NULL,
    dados_processamento jsonb,
    resultado_processamento jsonb,
    lead_id bigint,
    tenant_id bigint,
    CONSTRAINT prospectos_prioridade_check CHECK ((prioridade >= 0)),
    CONSTRAINT prospectos_tentativas_processamento_check CHECK ((tentativas_processamento >= 0))
);


--
-- Name: prospectos_id_seq; Type: SEQUENCE; Schema: public; Owner: -
--

ALTER TABLE public.prospectos ALTER COLUMN id ADD GENERATED BY DEFAULT AS IDENTITY (
    SEQUENCE NAME public.prospectos_id_seq
    START WITH 1
    INCREMENT BY 1
    NO MINVALUE
    NO MAXVALUE
    CACHE 1
);


--
-- Name: questoes_fluxo; Type: TABLE; Schema: public; Owner: -
--

CREATE TABLE public.questoes_fluxo (
    id bigint NOT NULL,
    indice integer NOT NULL,
    titulo character varying(255) NOT NULL,
    descricao text,
    tipo_questao character varying(20) NOT NULL,
    tipo_validacao character varying(25) NOT NULL,
    opcoes_resposta jsonb,
    resposta_padrao text,
    regex_validacao character varying(500),
    tamanho_minimo integer,
    tamanho_maximo integer,
    valor_minimo numeric(15,2),
    valor_maximo numeric(15,2),
    valor_dependencia text,
    roteamento_respostas jsonb,
    prompt_ia_validacao text,
    criterios_ia jsonb,
    max_tentativas integer NOT NULL,
    estrategia_erro character varying(20) NOT NULL,
    mensagem_erro_padrao text,
    mensagem_tentativa_esgotada text,
    instrucoes_resposta_correta text,
    ativo boolean NOT NULL,
    permite_voltar boolean NOT NULL,
    permite_editar boolean NOT NULL,
    ordem_exibicao integer NOT NULL,
    webhook_n8n_validacao character varying(200),
    webhook_n8n_pos_resposta character varying(200),
    opcoes_dinamicas_fonte character varying(50),
    query_opcoes_dinamicas text,
    variaveis_contexto jsonb,
    template_questao text,
    fluxo_id bigint NOT NULL,
    questao_dependencia_id bigint,
    questao_erro_redirecionamento_id bigint,
    questao_padrao_proxima_id bigint,
    tenant_id bigint,
    CONSTRAINT questoes_fluxo_indice_check CHECK ((indice >= 0)),
    CONSTRAINT questoes_fluxo_max_tentativas_check CHECK ((max_tentativas >= 0)),
    CONSTRAINT questoes_fluxo_ordem_exibicao_check CHECK ((ordem_exibicao >= 0)),
    CONSTRAINT questoes_fluxo_tamanho_maximo_check CHECK ((tamanho_maximo >= 0)),
    CONSTRAINT questoes_fluxo_tamanho_minimo_check CHECK ((tamanho_minimo >= 0))
);


--
-- Name: questoes_fluxo_id_seq; Type: SEQUENCE; Schema: public; Owner: -
--

ALTER TABLE public.questoes_fluxo ALTER COLUMN id ADD GENERATED BY DEFAULT AS IDENTITY (
    SEQUENCE NAME public.questoes_fluxo_id_seq
    START WITH 1
    INCREMENT BY 1
    NO MINVALUE
    NO MAXVALUE
    CACHE 1
);


--
-- Name: respostas_questao; Type: TABLE; Schema: public; Owner: -
--

CREATE TABLE public.respostas_questao (
    id bigint NOT NULL,
    resposta text NOT NULL,
    resposta_processada jsonb,
    valida boolean NOT NULL,
    mensagem_erro text,
    tentativas integer NOT NULL,
    data_resposta timestamp with time zone NOT NULL,
    tempo_resposta integer,
    ip_origem inet,
    user_agent text,
    dados_extras jsonb,
    atendimento_id bigint NOT NULL,
    questao_id bigint NOT NULL,
    tenant_id bigint,
    CONSTRAINT respostas_questao_tempo_resposta_check CHECK ((tempo_resposta >= 0)),
    CONSTRAINT respostas_questao_tentativas_check CHECK ((tentativas >= 0))
);


--
-- Name: respostas_questao_id_seq; Type: SEQUENCE; Schema: public; Owner: -
--

ALTER TABLE public.respostas_questao ALTER COLUMN id ADD GENERATED BY DEFAULT AS IDENTITY (
    SEQUENCE NAME public.respostas_questao_id_seq
    START WITH 1
    INCREMENT BY 1
    NO MINVALUE
    NO MAXVALUE
    CACHE 1
);


--
-- Name: retencao_acaoretencao; Type: TABLE; Schema: public; Owner: -
--

CREATE TABLE public.retencao_acaoretencao (
    id bigint NOT NULL,
    tipo_acao character varying(30) NOT NULL,
    descricao text NOT NULL,
    executada boolean NOT NULL,
    data_criacao timestamp with time zone NOT NULL,
    data_execucao timestamp with time zone,
    responsavel_id integer,
    tenant_id bigint,
    alerta_id bigint NOT NULL
);


--
-- Name: retencao_acaoretencao_id_seq; Type: SEQUENCE; Schema: public; Owner: -
--

ALTER TABLE public.retencao_acaoretencao ALTER COLUMN id ADD GENERATED BY DEFAULT AS IDENTITY (
    SEQUENCE NAME public.retencao_acaoretencao_id_seq
    START WITH 1
    INCREMENT BY 1
    NO MINVALUE
    NO MAXVALUE
    CACHE 1
);


--
-- Name: retencao_alertachurn; Type: TABLE; Schema: public; Owner: -
--

CREATE TABLE public.retencao_alertachurn (
    id bigint NOT NULL,
    tipo character varying(30) NOT NULL,
    severidade character varying(10) NOT NULL,
    descricao text NOT NULL,
    resolvido boolean NOT NULL,
    data_criacao timestamp with time zone NOT NULL,
    data_resolucao timestamp with time zone,
    cliente_id bigint NOT NULL,
    tenant_id bigint
);


--
-- Name: retencao_alertachurn_id_seq; Type: SEQUENCE; Schema: public; Owner: -
--

ALTER TABLE public.retencao_alertachurn ALTER COLUMN id ADD GENERATED BY DEFAULT AS IDENTITY (
    SEQUENCE NAME public.retencao_alertachurn_id_seq
    START WITH 1
    INCREMENT BY 1
    NO MINVALUE
    NO MAXVALUE
    CACHE 1
);


--
-- Name: retencao_scorecliente; Type: TABLE; Schema: public; Owner: -
--

CREATE TABLE public.retencao_scorecliente (
    id bigint NOT NULL,
    score integer NOT NULL,
    fatores jsonb NOT NULL,
    ultima_atualizacao timestamp with time zone NOT NULL,
    cliente_id bigint NOT NULL,
    tenant_id bigint
);


--
-- Name: retencao_scorecliente_id_seq; Type: SEQUENCE; Schema: public; Owner: -
--

ALTER TABLE public.retencao_scorecliente ALTER COLUMN id ADD GENERATED BY DEFAULT AS IDENTITY (
    SEQUENCE NAME public.retencao_scorecliente_id_seq
    START WITH 1
    INCREMENT BY 1
    NO MINVALUE
    NO MAXVALUE
    CACHE 1
);


--
-- Name: roleta_bannerclube; Type: TABLE; Schema: public; Owner: -
--

CREATE TABLE public.roleta_bannerclube (
    id bigint NOT NULL,
    titulo character varying(200) NOT NULL,
    imagem character varying(100) NOT NULL,
    link character varying(200) NOT NULL,
    ordem integer NOT NULL,
    ativo boolean NOT NULL,
    tenant_id bigint
);


--
-- Name: roleta_bannerclube_id_seq; Type: SEQUENCE; Schema: public; Owner: -
--

ALTER TABLE public.roleta_bannerclube ALTER COLUMN id ADD GENERATED BY DEFAULT AS IDENTITY (
    SEQUENCE NAME public.roleta_bannerclube_id_seq
    START WITH 1
    INCREMENT BY 1
    NO MINVALUE
    NO MAXVALUE
    CACHE 1
);


--
-- Name: roleta_cidade; Type: TABLE; Schema: public; Owner: -
--

CREATE TABLE public.roleta_cidade (
    id bigint NOT NULL,
    nome character varying(100) NOT NULL,
    ativo boolean NOT NULL,
    tenant_id bigint
);


--
-- Name: roleta_cidade_id_seq; Type: SEQUENCE; Schema: public; Owner: -
--

ALTER TABLE public.roleta_cidade ALTER COLUMN id ADD GENERATED BY DEFAULT AS IDENTITY (
    SEQUENCE NAME public.roleta_cidade_id_seq
    START WITH 1
    INCREMENT BY 1
    NO MINVALUE
    NO MAXVALUE
    CACHE 1
);


--
-- Name: roleta_extratopontuacao; Type: TABLE; Schema: public; Owner: -
--

CREATE TABLE public.roleta_extratopontuacao (
    id bigint NOT NULL,
    pontos_saldo_ganhos integer NOT NULL,
    pontos_xp_ganhos integer NOT NULL,
    descricao_extra character varying(255),
    data_recebimento timestamp with time zone NOT NULL,
    tenant_id bigint,
    membro_id bigint NOT NULL,
    regra_id bigint NOT NULL
);


--
-- Name: roleta_extratopontuacao_id_seq; Type: SEQUENCE; Schema: public; Owner: -
--

ALTER TABLE public.roleta_extratopontuacao ALTER COLUMN id ADD GENERATED BY DEFAULT AS IDENTITY (
    SEQUENCE NAME public.roleta_extratopontuacao_id_seq
    START WITH 1
    INCREMENT BY 1
    NO MINVALUE
    NO MAXVALUE
    CACHE 1
);


--
-- Name: roleta_landingconfig; Type: TABLE; Schema: public; Owner: -
--

CREATE TABLE public.roleta_landingconfig (
    id bigint NOT NULL,
    titulo character varying(200) NOT NULL,
    subtitulo character varying(300) NOT NULL,
    whatsapp_numero character varying(20) NOT NULL,
    whatsapp_mensagem character varying(300) NOT NULL,
    texto_como_funciona text NOT NULL,
    texto_rodape character varying(300) NOT NULL,
    cor_primaria character varying(10) NOT NULL,
    cor_secundaria character varying(10) NOT NULL,
    logo character varying(100) NOT NULL,
    ativo boolean NOT NULL,
    tenant_id bigint
);


--
-- Name: roleta_landingconfig_id_seq; Type: SEQUENCE; Schema: public; Owner: -
--

ALTER TABLE public.roleta_landingconfig ALTER COLUMN id ADD GENERATED BY DEFAULT AS IDENTITY (
    SEQUENCE NAME public.roleta_landingconfig_id_seq
    START WITH 1
    INCREMENT BY 1
    NO MINVALUE
    NO MAXVALUE
    CACHE 1
);


--
-- Name: roleta_membroclube; Type: TABLE; Schema: public; Owner: -
--

CREATE TABLE public.roleta_membroclube (
    id bigint NOT NULL,
    nome character varying(255) NOT NULL,
    cpf character varying(14) NOT NULL,
    email character varying(254),
    telefone character varying(20),
    cep character varying(10),
    endereco character varying(255),
    bairro character varying(100),
    cidade character varying(100),
    estado character varying(2),
    saldo integer NOT NULL,
    xp_total integer NOT NULL,
    data_cadastro timestamp with time zone NOT NULL,
    id_cliente_hubsoft integer,
    validado boolean NOT NULL,
    codigo_indicacao character varying(10),
    tenant_id bigint
);


--
-- Name: roleta_membroclube_id_seq; Type: SEQUENCE; Schema: public; Owner: -
--

ALTER TABLE public.roleta_membroclube ALTER COLUMN id ADD GENERATED BY DEFAULT AS IDENTITY (
    SEQUENCE NAME public.roleta_membroclube_id_seq
    START WITH 1
    INCREMENT BY 1
    NO MINVALUE
    NO MAXVALUE
    CACHE 1
);


--
-- Name: roleta_nivelclube; Type: TABLE; Schema: public; Owner: -
--

CREATE TABLE public.roleta_nivelclube (
    id bigint NOT NULL,
    nome character varying(50) NOT NULL,
    xp_necessario integer NOT NULL,
    ordem integer NOT NULL,
    tenant_id bigint
);


--
-- Name: roleta_nivelclube_id_seq; Type: SEQUENCE; Schema: public; Owner: -
--

ALTER TABLE public.roleta_nivelclube ALTER COLUMN id ADD GENERATED BY DEFAULT AS IDENTITY (
    SEQUENCE NAME public.roleta_nivelclube_id_seq
    START WITH 1
    INCREMENT BY 1
    NO MINVALUE
    NO MAXVALUE
    CACHE 1
);


--
-- Name: roleta_participanteroleta; Type: TABLE; Schema: public; Owner: -
--

CREATE TABLE public.roleta_participanteroleta (
    id bigint NOT NULL,
    nome character varying(255),
    cpf character varying(14) NOT NULL,
    email character varying(254),
    telefone character varying(20),
    cep character varying(10),
    endereco character varying(255),
    bairro character varying(100),
    cidade character varying(100),
    estado character varying(2),
    premio character varying(255) NOT NULL,
    canal_origem character varying(100) NOT NULL,
    perfil_cliente character varying(10) NOT NULL,
    id_cliente_hubsoft integer,
    saldo integer NOT NULL,
    status character varying(50) NOT NULL,
    data_criacao timestamp with time zone NOT NULL,
    membro_id bigint,
    tenant_id bigint
);


--
-- Name: roleta_participanteroleta_id_seq; Type: SEQUENCE; Schema: public; Owner: -
--

ALTER TABLE public.roleta_participanteroleta ALTER COLUMN id ADD GENERATED BY DEFAULT AS IDENTITY (
    SEQUENCE NAME public.roleta_participanteroleta_id_seq
    START WITH 1
    INCREMENT BY 1
    NO MINVALUE
    NO MAXVALUE
    CACHE 1
);


--
-- Name: roleta_premioroleta; Type: TABLE; Schema: public; Owner: -
--

CREATE TABLE public.roleta_premioroleta (
    id bigint NOT NULL,
    nome character varying(255) NOT NULL,
    quantidade integer NOT NULL,
    posicoes character varying(50) NOT NULL,
    probabilidade integer NOT NULL,
    mensagem_vitoria text NOT NULL,
    tenant_id bigint
);


--
-- Name: roleta_premioroleta_cidades_permitidas; Type: TABLE; Schema: public; Owner: -
--

CREATE TABLE public.roleta_premioroleta_cidades_permitidas (
    id bigint NOT NULL,
    premioroleta_id bigint NOT NULL,
    cidade_id bigint NOT NULL
);


--
-- Name: roleta_premioroleta_cidades_permitidas_id_seq; Type: SEQUENCE; Schema: public; Owner: -
--

ALTER TABLE public.roleta_premioroleta_cidades_permitidas ALTER COLUMN id ADD GENERATED BY DEFAULT AS IDENTITY (
    SEQUENCE NAME public.roleta_premioroleta_cidades_permitidas_id_seq
    START WITH 1
    INCREMENT BY 1
    NO MINVALUE
    NO MAXVALUE
    CACHE 1
);


--
-- Name: roleta_premioroleta_id_seq; Type: SEQUENCE; Schema: public; Owner: -
--

ALTER TABLE public.roleta_premioroleta ALTER COLUMN id ADD GENERATED BY DEFAULT AS IDENTITY (
    SEQUENCE NAME public.roleta_premioroleta_id_seq
    START WITH 1
    INCREMENT BY 1
    NO MINVALUE
    NO MAXVALUE
    CACHE 1
);


--
-- Name: roleta_regrapontuacao; Type: TABLE; Schema: public; Owner: -
--

CREATE TABLE public.roleta_regrapontuacao (
    id bigint NOT NULL,
    gatilho character varying(50) NOT NULL,
    nome_exibicao character varying(100) NOT NULL,
    pontos_saldo integer NOT NULL,
    pontos_xp integer NOT NULL,
    limite_por_membro integer NOT NULL,
    ativo boolean NOT NULL,
    visivel_na_roleta boolean NOT NULL,
    tenant_id bigint
);


--
-- Name: roleta_regrapontuacao_id_seq; Type: SEQUENCE; Schema: public; Owner: -
--

ALTER TABLE public.roleta_regrapontuacao ALTER COLUMN id ADD GENERATED BY DEFAULT AS IDENTITY (
    SEQUENCE NAME public.roleta_regrapontuacao_id_seq
    START WITH 1
    INCREMENT BY 1
    NO MINVALUE
    NO MAXVALUE
    CACHE 1
);


--
-- Name: roleta_roletaconfig; Type: TABLE; Schema: public; Owner: -
--

CREATE TABLE public.roleta_roletaconfig (
    id bigint NOT NULL,
    custo_giro integer NOT NULL,
    xp_por_giro integer NOT NULL,
    nome_clube character varying(100) NOT NULL,
    limite_giros_por_membro integer NOT NULL,
    periodo_limite character varying(10) NOT NULL,
    tenant_id bigint
);


--
-- Name: roleta_roletaconfig_id_seq; Type: SEQUENCE; Schema: public; Owner: -
--

ALTER TABLE public.roleta_roletaconfig ALTER COLUMN id ADD GENERATED BY DEFAULT AS IDENTITY (
    SEQUENCE NAME public.roleta_roletaconfig_id_seq
    START WITH 1
    INCREMENT BY 1
    NO MINVALUE
    NO MAXVALUE
    CACHE 1
);


--
-- Name: roleta_rouletteasset; Type: TABLE; Schema: public; Owner: -
--

CREATE TABLE public.roleta_rouletteasset (
    id bigint NOT NULL,
    tipo character varying(20) NOT NULL,
    ordem integer NOT NULL,
    imagem character varying(100) NOT NULL,
    ativo boolean NOT NULL,
    tenant_id bigint
);


--
-- Name: roleta_rouletteasset_id_seq; Type: SEQUENCE; Schema: public; Owner: -
--

ALTER TABLE public.roleta_rouletteasset ALTER COLUMN id ADD GENERATED BY DEFAULT AS IDENTITY (
    SEQUENCE NAME public.roleta_rouletteasset_id_seq
    START WITH 1
    INCREMENT BY 1
    NO MINVALUE
    NO MAXVALUE
    CACHE 1
);


--
-- Name: servicos_cliente_hubsoft; Type: TABLE; Schema: public; Owner: -
--

CREATE TABLE public.servicos_cliente_hubsoft (
    id bigint NOT NULL,
    id_cliente_servico integer NOT NULL,
    uuid_cliente_servico character varying(100) NOT NULL,
    id_servico integer,
    numero_plano integer,
    nome character varying(300) NOT NULL,
    valor numeric(10,2),
    tecnologia character varying(100) NOT NULL,
    velocidade_download character varying(50) NOT NULL,
    velocidade_upload character varying(50) NOT NULL,
    status character varying(100) NOT NULL,
    status_prefixo character varying(100) NOT NULL,
    data_habilitacao timestamp with time zone,
    data_venda character varying(30) NOT NULL,
    data_inicio_contrato character varying(30) NOT NULL,
    data_fim_contrato character varying(30) NOT NULL,
    vigencia_meses integer,
    data_cadastro_servico character varying(50) NOT NULL,
    data_atualizacao_servico timestamp with time zone,
    id_cliente_servico_autenticacao integer,
    login character varying(100) NOT NULL,
    senha character varying(100) NOT NULL,
    mac_addr character varying(30) NOT NULL,
    phy_addr character varying(30) NOT NULL,
    vlan character varying(30) NOT NULL,
    ipv4 inet,
    ipv6 inet,
    id_motivo_cancelamento integer,
    data_cancelamento timestamp with time zone,
    motivo_cancelamento character varying(200) NOT NULL,
    id_vendedor integer,
    vendedor_nome character varying(200) NOT NULL,
    vendedor_email character varying(254) NOT NULL,
    dados_completos jsonb NOT NULL,
    data_sync timestamp with time zone NOT NULL,
    cliente_id bigint NOT NULL,
    tenant_id bigint
);


--
-- Name: servicos_cliente_hubsoft_id_seq; Type: SEQUENCE; Schema: public; Owner: -
--

ALTER TABLE public.servicos_cliente_hubsoft ALTER COLUMN id ADD GENERATED BY DEFAULT AS IDENTITY (
    SEQUENCE NAME public.servicos_cliente_hubsoft_id_seq
    START WITH 1
    INCREMENT BY 1
    NO MINVALUE
    NO MAXVALUE
    CACHE 1
);


--
-- Name: sistema_feature_plano; Type: TABLE; Schema: public; Owner: -
--

CREATE TABLE public.sistema_feature_plano (
    id bigint NOT NULL,
    nome character varying(200) NOT NULL,
    slug character varying(50) NOT NULL,
    categoria character varying(20) NOT NULL,
    descricao character varying(500) NOT NULL,
    ativo boolean NOT NULL,
    plano_id bigint NOT NULL
);


--
-- Name: sistema_feature_plano_id_seq; Type: SEQUENCE; Schema: public; Owner: -
--

ALTER TABLE public.sistema_feature_plano ALTER COLUMN id ADD GENERATED BY DEFAULT AS IDENTITY (
    SEQUENCE NAME public.sistema_feature_plano_id_seq
    START WITH 1
    INCREMENT BY 1
    NO MINVALUE
    NO MAXVALUE
    CACHE 1
);


--
-- Name: sistema_funcionalidade; Type: TABLE; Schema: public; Owner: -
--

CREATE TABLE public.sistema_funcionalidade (
    id bigint NOT NULL,
    modulo character varying(20) NOT NULL,
    codigo character varying(50) NOT NULL,
    nome character varying(100) NOT NULL,
    descricao character varying(255) NOT NULL,
    ordem integer NOT NULL,
    CONSTRAINT sistema_funcionalidade_ordem_check CHECK ((ordem >= 0))
);


--
-- Name: sistema_funcionalidade_id_seq; Type: SEQUENCE; Schema: public; Owner: -
--

ALTER TABLE public.sistema_funcionalidade ALTER COLUMN id ADD GENERATED BY DEFAULT AS IDENTITY (
    SEQUENCE NAME public.sistema_funcionalidade_id_seq
    START WITH 1
    INCREMENT BY 1
    NO MINVALUE
    NO MAXVALUE
    CACHE 1
);


--
-- Name: sistema_perfil_permissao; Type: TABLE; Schema: public; Owner: -
--

CREATE TABLE public.sistema_perfil_permissao (
    id bigint NOT NULL,
    nome character varying(100) NOT NULL,
    descricao text NOT NULL,
    criado_em timestamp with time zone NOT NULL,
    tenant_id bigint NOT NULL
);


--
-- Name: sistema_perfil_permissao_funcionalidades; Type: TABLE; Schema: public; Owner: -
--

CREATE TABLE public.sistema_perfil_permissao_funcionalidades (
    id bigint NOT NULL,
    perfilpermissao_id bigint CONSTRAINT sistema_perfil_permissao_funcionali_perfilpermissao_id_not_null NOT NULL,
    funcionalidade_id bigint CONSTRAINT sistema_perfil_permissao_funcionalid_funcionalidade_id_not_null NOT NULL
);


--
-- Name: sistema_perfil_permissao_funcionalidades_id_seq; Type: SEQUENCE; Schema: public; Owner: -
--

ALTER TABLE public.sistema_perfil_permissao_funcionalidades ALTER COLUMN id ADD GENERATED BY DEFAULT AS IDENTITY (
    SEQUENCE NAME public.sistema_perfil_permissao_funcionalidades_id_seq
    START WITH 1
    INCREMENT BY 1
    NO MINVALUE
    NO MAXVALUE
    CACHE 1
);


--
-- Name: sistema_perfil_permissao_id_seq; Type: SEQUENCE; Schema: public; Owner: -
--

ALTER TABLE public.sistema_perfil_permissao ALTER COLUMN id ADD GENERATED BY DEFAULT AS IDENTITY (
    SEQUENCE NAME public.sistema_perfil_permissao_id_seq
    START WITH 1
    INCREMENT BY 1
    NO MINVALUE
    NO MAXVALUE
    CACHE 1
);


--
-- Name: sistema_perfil_usuario; Type: TABLE; Schema: public; Owner: -
--

CREATE TABLE public.sistema_perfil_usuario (
    id bigint NOT NULL,
    telefone character varying(20),
    user_id integer NOT NULL,
    tenant_id bigint NOT NULL
);


--
-- Name: sistema_perfil_usuario_id_seq; Type: SEQUENCE; Schema: public; Owner: -
--

ALTER TABLE public.sistema_perfil_usuario ALTER COLUMN id ADD GENERATED BY DEFAULT AS IDENTITY (
    SEQUENCE NAME public.sistema_perfil_usuario_id_seq
    START WITH 1
    INCREMENT BY 1
    NO MINVALUE
    NO MAXVALUE
    CACHE 1
);


--
-- Name: sistema_permissao_usuario; Type: TABLE; Schema: public; Owner: -
--

CREATE TABLE public.sistema_permissao_usuario (
    id bigint NOT NULL,
    tenant_id bigint NOT NULL,
    user_id integer NOT NULL,
    perfil_id bigint
);


--
-- Name: sistema_permissao_usuario_id_seq; Type: SEQUENCE; Schema: public; Owner: -
--

ALTER TABLE public.sistema_permissao_usuario ALTER COLUMN id ADD GENERATED BY DEFAULT AS IDENTITY (
    SEQUENCE NAME public.sistema_permissao_usuario_id_seq
    START WITH 1
    INCREMENT BY 1
    NO MINVALUE
    NO MAXVALUE
    CACHE 1
);


--
-- Name: sistema_plano; Type: TABLE; Schema: public; Owner: -
--

CREATE TABLE public.sistema_plano (
    id bigint NOT NULL,
    nome character varying(100) NOT NULL,
    modulo character varying(20) NOT NULL,
    tier character varying(10) NOT NULL,
    descricao text NOT NULL,
    preco_mensal numeric(10,2) NOT NULL,
    preco_transacional numeric(10,2) NOT NULL,
    unidade_transacional character varying(100) NOT NULL,
    ordem integer NOT NULL,
    destaque boolean NOT NULL,
    ativo boolean NOT NULL,
    criado_em timestamp with time zone NOT NULL,
    atualizado_em timestamp with time zone NOT NULL,
    CONSTRAINT sistema_plano_ordem_check CHECK ((ordem >= 0))
);


--
-- Name: sistema_plano_id_seq; Type: SEQUENCE; Schema: public; Owner: -
--

ALTER TABLE public.sistema_plano ALTER COLUMN id ADD GENERATED BY DEFAULT AS IDENTITY (
    SEQUENCE NAME public.sistema_plano_id_seq
    START WITH 1
    INCREMENT BY 1
    NO MINVALUE
    NO MAXVALUE
    CACHE 1
);


--
-- Name: sistema_tenant; Type: TABLE; Schema: public; Owner: -
--

CREATE TABLE public.sistema_tenant (
    id bigint NOT NULL,
    nome character varying(200) NOT NULL,
    cnpj character varying(18),
    slug character varying(50) NOT NULL,
    modulo_comercial boolean NOT NULL,
    modulo_marketing boolean NOT NULL,
    modulo_cs boolean NOT NULL,
    plano_comercial character varying(10) NOT NULL,
    plano_marketing character varying(10) NOT NULL,
    plano_cs character varying(10) NOT NULL,
    hubsoft_url character varying(200),
    hubsoft_token character varying(255),
    em_trial boolean NOT NULL,
    trial_inicio date,
    trial_fim date,
    ativo boolean NOT NULL,
    criado_em timestamp with time zone NOT NULL,
    atualizado_em timestamp with time zone NOT NULL,
    plano_comercial_ref_id bigint,
    plano_cs_ref_id bigint,
    plano_marketing_ref_id bigint
);


--
-- Name: sistema_tenant_id_seq; Type: SEQUENCE; Schema: public; Owner: -
--

ALTER TABLE public.sistema_tenant ALTER COLUMN id ADD GENERATED BY DEFAULT AS IDENTITY (
    SEQUENCE NAME public.sistema_tenant_id_seq
    START WITH 1
    INCREMENT BY 1
    NO MINVALUE
    NO MAXVALUE
    CACHE 1
);


--
-- Name: status_configuravel; Type: TABLE; Schema: public; Owner: -
--

CREATE TABLE public.status_configuravel (
    id bigint NOT NULL,
    grupo character varying(50) NOT NULL,
    codigo character varying(50) NOT NULL,
    rotulo character varying(100) NOT NULL,
    ativo boolean NOT NULL,
    ordem integer NOT NULL,
    tenant_id bigint,
    CONSTRAINT status_configuravel_ordem_check CHECK ((ordem >= 0))
);


--
-- Name: status_configuravel_id_seq; Type: SEQUENCE; Schema: public; Owner: -
--

ALTER TABLE public.status_configuravel ALTER COLUMN id ADD GENERATED BY DEFAULT AS IDENTITY (
    SEQUENCE NAME public.status_configuravel_id_seq
    START WITH 1
    INCREMENT BY 1
    NO MINVALUE
    NO MAXVALUE
    CACHE 1
);


--
-- Name: suporte_artigos_conhecimento; Type: TABLE; Schema: public; Owner: -
--

CREATE TABLE public.suporte_artigos_conhecimento (
    id bigint NOT NULL,
    titulo character varying(255) NOT NULL,
    slug character varying(255) NOT NULL,
    conteudo text NOT NULL,
    resumo character varying(300) NOT NULL,
    tags character varying(500) NOT NULL,
    publicado boolean NOT NULL,
    destaque boolean NOT NULL,
    visualizacoes integer NOT NULL,
    util_sim integer NOT NULL,
    util_nao integer NOT NULL,
    criado_em timestamp with time zone NOT NULL,
    atualizado_em timestamp with time zone NOT NULL,
    autor_id integer,
    tenant_id bigint,
    categoria_id bigint NOT NULL,
    CONSTRAINT suporte_artigos_conhecimento_util_nao_check CHECK ((util_nao >= 0)),
    CONSTRAINT suporte_artigos_conhecimento_util_sim_check CHECK ((util_sim >= 0)),
    CONSTRAINT suporte_artigos_conhecimento_visualizacoes_check CHECK ((visualizacoes >= 0))
);


--
-- Name: suporte_artigos_conhecimento_id_seq; Type: SEQUENCE; Schema: public; Owner: -
--

ALTER TABLE public.suporte_artigos_conhecimento ALTER COLUMN id ADD GENERATED BY DEFAULT AS IDENTITY (
    SEQUENCE NAME public.suporte_artigos_conhecimento_id_seq
    START WITH 1
    INCREMENT BY 1
    NO MINVALUE
    NO MAXVALUE
    CACHE 1
);


--
-- Name: suporte_categorias; Type: TABLE; Schema: public; Owner: -
--

CREATE TABLE public.suporte_categorias (
    id bigint NOT NULL,
    nome character varying(100) NOT NULL,
    slug character varying(50) NOT NULL,
    descricao text NOT NULL,
    icone character varying(50) NOT NULL,
    ordem integer NOT NULL,
    ativo boolean NOT NULL,
    tenant_id bigint,
    fila_padrao_id bigint,
    CONSTRAINT suporte_categorias_ordem_check CHECK ((ordem >= 0))
);


--
-- Name: suporte_categorias_conhecimento; Type: TABLE; Schema: public; Owner: -
--

CREATE TABLE public.suporte_categorias_conhecimento (
    id bigint NOT NULL,
    nome character varying(100) NOT NULL,
    slug character varying(50) NOT NULL,
    descricao text NOT NULL,
    icone character varying(50) NOT NULL,
    cor_hex character varying(7) NOT NULL,
    ordem integer NOT NULL,
    ativo boolean NOT NULL,
    tenant_id bigint,
    CONSTRAINT suporte_categorias_conhecimento_ordem_check CHECK ((ordem >= 0))
);


--
-- Name: suporte_categorias_conhecimento_id_seq; Type: SEQUENCE; Schema: public; Owner: -
--

ALTER TABLE public.suporte_categorias_conhecimento ALTER COLUMN id ADD GENERATED BY DEFAULT AS IDENTITY (
    SEQUENCE NAME public.suporte_categorias_conhecimento_id_seq
    START WITH 1
    INCREMENT BY 1
    NO MINVALUE
    NO MAXVALUE
    CACHE 1
);


--
-- Name: suporte_categorias_id_seq; Type: SEQUENCE; Schema: public; Owner: -
--

ALTER TABLE public.suporte_categorias ALTER COLUMN id ADD GENERATED BY DEFAULT AS IDENTITY (
    SEQUENCE NAME public.suporte_categorias_id_seq
    START WITH 1
    INCREMENT BY 1
    NO MINVALUE
    NO MAXVALUE
    CACHE 1
);


--
-- Name: suporte_comentarios; Type: TABLE; Schema: public; Owner: -
--

CREATE TABLE public.suporte_comentarios (
    id bigint NOT NULL,
    mensagem text NOT NULL,
    interno boolean NOT NULL,
    data_criacao timestamp with time zone NOT NULL,
    autor_id integer NOT NULL,
    tenant_id bigint,
    ticket_id bigint NOT NULL
);


--
-- Name: suporte_comentarios_id_seq; Type: SEQUENCE; Schema: public; Owner: -
--

ALTER TABLE public.suporte_comentarios ALTER COLUMN id ADD GENERATED BY DEFAULT AS IDENTITY (
    SEQUENCE NAME public.suporte_comentarios_id_seq
    START WITH 1
    INCREMENT BY 1
    NO MINVALUE
    NO MAXVALUE
    CACHE 1
);


--
-- Name: suporte_historico_ticket; Type: TABLE; Schema: public; Owner: -
--

CREATE TABLE public.suporte_historico_ticket (
    id bigint NOT NULL,
    tipo character varying(20) NOT NULL,
    campo character varying(50) NOT NULL,
    valor_anterior character varying(200) NOT NULL,
    valor_novo character varying(200) NOT NULL,
    descricao character varying(255) NOT NULL,
    data timestamp with time zone NOT NULL,
    tenant_id bigint,
    ticket_id bigint NOT NULL,
    usuario_id integer
);


--
-- Name: suporte_historico_ticket_id_seq; Type: SEQUENCE; Schema: public; Owner: -
--

ALTER TABLE public.suporte_historico_ticket ALTER COLUMN id ADD GENERATED BY DEFAULT AS IDENTITY (
    SEQUENCE NAME public.suporte_historico_ticket_id_seq
    START WITH 1
    INCREMENT BY 1
    NO MINVALUE
    NO MAXVALUE
    CACHE 1
);


--
-- Name: suporte_sla_config; Type: TABLE; Schema: public; Owner: -
--

CREATE TABLE public.suporte_sla_config (
    id bigint NOT NULL,
    plano_tier character varying(10) NOT NULL,
    tempo_primeira_resposta_horas integer NOT NULL,
    tempo_resolucao_horas integer NOT NULL,
    ativo boolean NOT NULL,
    tenant_id bigint,
    CONSTRAINT suporte_sla_config_tempo_primeira_resposta_horas_check CHECK ((tempo_primeira_resposta_horas >= 0)),
    CONSTRAINT suporte_sla_config_tempo_resolucao_horas_check CHECK ((tempo_resolucao_horas >= 0))
);


--
-- Name: suporte_sla_config_id_seq; Type: SEQUENCE; Schema: public; Owner: -
--

ALTER TABLE public.suporte_sla_config ALTER COLUMN id ADD GENERATED BY DEFAULT AS IDENTITY (
    SEQUENCE NAME public.suporte_sla_config_id_seq
    START WITH 1
    INCREMENT BY 1
    NO MINVALUE
    NO MAXVALUE
    CACHE 1
);


--
-- Name: suporte_tickets; Type: TABLE; Schema: public; Owner: -
--

CREATE TABLE public.suporte_tickets (
    id bigint NOT NULL,
    numero integer NOT NULL,
    titulo character varying(255) NOT NULL,
    descricao text NOT NULL,
    prioridade character varying(10) NOT NULL,
    status character varying(20) NOT NULL,
    sla_horas integer,
    data_abertura timestamp with time zone NOT NULL,
    data_primeira_resposta timestamp with time zone,
    data_resolucao timestamp with time zone,
    data_fechamento timestamp with time zone,
    atendente_id integer,
    categoria_id bigint,
    solicitante_id integer NOT NULL,
    tenant_id bigint,
    tenant_cliente_id bigint,
    csat_comentario text NOT NULL,
    csat_data timestamp with time zone,
    csat_nota integer,
    CONSTRAINT suporte_tickets_csat_nota_check CHECK ((csat_nota >= 0)),
    CONSTRAINT suporte_tickets_numero_check CHECK ((numero >= 0)),
    CONSTRAINT suporte_tickets_sla_horas_check CHECK ((sla_horas >= 0))
);


--
-- Name: suporte_tickets_id_seq; Type: SEQUENCE; Schema: public; Owner: -
--

ALTER TABLE public.suporte_tickets ALTER COLUMN id ADD GENERATED BY DEFAULT AS IDENTITY (
    SEQUENCE NAME public.suporte_tickets_id_seq
    START WITH 1
    INCREMENT BY 1
    NO MINVALUE
    NO MAXVALUE
    CACHE 1
);


--
-- Name: tentativas_resposta; Type: TABLE; Schema: public; Owner: -
--

CREATE TABLE public.tentativas_resposta (
    id bigint NOT NULL,
    tentativa_numero integer NOT NULL,
    resposta_original text NOT NULL,
    resposta_processada jsonb,
    valida boolean NOT NULL,
    mensagem_erro text,
    resultado_ia jsonb,
    confianca_ia numeric(5,4),
    resultado_webhook jsonb,
    estrategia_aplicada character varying(50),
    contexto_tentativa jsonb,
    data_tentativa timestamp with time zone NOT NULL,
    tempo_resposta_segundos integer,
    ip_origem inet,
    user_agent text,
    atendimento_id bigint NOT NULL,
    questao_id bigint NOT NULL,
    tenant_id bigint,
    CONSTRAINT tentativas_resposta_tempo_resposta_segundos_check CHECK ((tempo_resposta_segundos >= 0)),
    CONSTRAINT tentativas_resposta_tentativa_numero_check CHECK ((tentativa_numero >= 0))
);


--
-- Name: tentativas_resposta_id_seq; Type: SEQUENCE; Schema: public; Owner: -
--

ALTER TABLE public.tentativas_resposta ALTER COLUMN id ADD GENERATED BY DEFAULT AS IDENTITY (
    SEQUENCE NAME public.tentativas_resposta_id_seq
    START WITH 1
    INCREMENT BY 1
    NO MINVALUE
    NO MAXVALUE
    CACHE 1
);


--
-- Name: vendas_web_configuracaoempresa; Type: TABLE; Schema: public; Owner: -
--

CREATE TABLE public.vendas_web_configuracaoempresa (
    id bigint NOT NULL,
    nome_empresa character varying(100) NOT NULL,
    logo_empresa character varying(100),
    cor_primaria character varying(7) NOT NULL,
    cor_secundaria character varying(7) NOT NULL,
    ativo boolean NOT NULL,
    data_criacao timestamp with time zone NOT NULL,
    data_atualizacao timestamp with time zone NOT NULL,
    tenant_id bigint,
    enviar_leads_integracao boolean NOT NULL,
    integracao_leads_id bigint
);


--
-- Name: vendas_web_configuracaoempresa_id_seq; Type: SEQUENCE; Schema: public; Owner: -
--

ALTER TABLE public.vendas_web_configuracaoempresa ALTER COLUMN id ADD GENERATED BY DEFAULT AS IDENTITY (
    SEQUENCE NAME public.vendas_web_configuracaoempresa_id_seq
    START WITH 1
    INCREMENT BY 1
    NO MINVALUE
    NO MAXVALUE
    CACHE 1
);


--
-- Name: viabilidade_cidadeviabilidade; Type: TABLE; Schema: public; Owner: -
--

CREATE TABLE public.viabilidade_cidadeviabilidade (
    id bigint NOT NULL,
    cidade character varying(120) NOT NULL,
    estado character varying(2) NOT NULL,
    cep character varying(9),
    bairro character varying(120),
    observacao text,
    ativo boolean NOT NULL,
    data_criacao timestamp with time zone NOT NULL,
    data_atualizacao timestamp with time zone NOT NULL,
    tenant_id bigint
);


--
-- Name: viabilidade_cidadeviabilidade_id_seq; Type: SEQUENCE; Schema: public; Owner: -
--

ALTER TABLE public.viabilidade_cidadeviabilidade ALTER COLUMN id ADD GENERATED BY DEFAULT AS IDENTITY (
    SEQUENCE NAME public.viabilidade_cidadeviabilidade_id_seq
    START WITH 1
    INCREMENT BY 1
    NO MINVALUE
    NO MAXVALUE
    CACHE 1
);


--
-- Data for Name: atendimento_conexaonodo; Type: TABLE DATA; Schema: public; Owner: -
--

COPY public.atendimento_conexaonodo (id, tipo_saida, fluxo_id, tenant_id, nodo_destino_id, nodo_origem_id) FROM stdin;
254	true	9	7	214	212
255	default	9	7	212	213
256	true	9	7	215	214
257	false	9	7	234	214
258	true	9	7	216	215
259	false	9	7	234	215
260	true	9	7	218	216
261	false	9	7	217	216
262	true	9	7	216	217
263	false	9	7	234	217
264	default	9	7	219	218
11	default	3	3	13	11
12	default	3	3	14	12
13	default	3	3	12	13
14	default	3	3	15	14
15	true	3	3	16	15
16	false	3	3	17	15
17	default	3	3	18	16
18	default	3	3	18	17
19	default	3	3	19	18
20	default	3	3	20	19
21	default	4	7	22	21
22	default	4	7	23	22
23	default	4	7	24	23
24	default	4	7	25	24
25	default	4	7	26	25
26	default	4	7	27	26
27	true	4	7	28	27
28	false	4	7	32	27
29	default	4	7	29	28
30	default	4	7	30	29
31	default	4	7	31	30
32	default	4	7	25	32
265	default	9	7	220	219
266	true	9	7	221	220
267	false	9	7	234	220
268	default	9	7	222	221
269	default	9	7	223	222
270	true	9	7	224	223
271	true	9	7	230	224
272	false	9	7	233	224
273	true	9	7	229	225
274	false	9	7	235	225
275	true	9	7	228	226
276	false	9	7	225	226
277	true	9	7	232	227
278	false	9	7	234	227
279	true	9	7	231	228
280	true	9	7	231	229
281	default	9	7	226	230
51	default	6	7	52	51
54	default	6	7	52	53
57	default	6	7	56	55
58	true	6	7	57	56
59	false	6	7	58	56
60	default	6	7	54	57
61	default	6	7	54	58
62	true	6	7	61	59
63	false	6	7	60	59
66	default	6	7	62	61
67	default	6	7	63	62
70	default	6	7	63	64
71	default	6	7	66	65
72	default	6	7	67	66
75	true	6	7	69	68
76	false	6	7	73	68
77	default	6	7	70	69
80	default	6	7	72	71
81	default	6	7	74	73
52	true	6	7	54	52
55	true	6	7	59	54
64	true	6	7	59	60
68	true	6	7	65	63
73	true	6	7	68	67
78	true	6	7	71	70
82	false	6	7	53	52
83	false	6	7	55	54
84	false	6	7	55	60
85	false	6	7	64	63
86	false	6	7	73	67
282	true	9	7	227	231
105	true	5	7	94	93
106	false	5	7	109	93
107	default	5	7	106	94
108	true	5	7	93	95
109	default	5	7	97	96
110	true	5	7	98	97
111	true	5	7	99	98
112	true	5	7	101	99
113	false	5	7	100	99
114	true	5	7	99	100
115	default	5	7	102	101
116	default	5	7	103	102
117	true	5	7	104	103
118	default	5	7	105	104
119	default	5	7	95	105
120	true	5	7	107	106
121	default	5	7	108	107
122	default	5	7	110	109
285	default	9	7	236	232
286	default	9	7	237	233
\.


--
-- Data for Name: atendimento_execucao_pendente; Type: TABLE DATA; Schema: public; Owner: -
--

COPY public.atendimento_execucao_pendente (id, contexto_json, data_agendada, status, data_criacao, data_execucao, resultado, atendimento_id, tenant_id, nodo_id) FROM stdin;
\.


--
-- Data for Name: atendimento_log_fluxo; Type: TABLE DATA; Schema: public; Owner: -
--

COPY public.atendimento_log_fluxo (id, tipo_nodo, subtipo_nodo, status, mensagem, dados, data_execucao, atendimento_id, lead_id, nodo_id, tenant_id) FROM stdin;
1346	entrada	inicio_fluxo	sucesso	Fluxo iniciado	{}	2026-04-10 13:03:30.326424-03	106	144	213	7
1347	questao	texto	sucesso	Mensagem enviada: Ola! Sou o Pedro, consultor de ingresso da FATEPI/FAESPI. Que bom ter voce aqui!	{}	2026-04-10 13:03:30.349285-03	106	144	212	7
1348	questao	texto	aguardando	Pergunta: Qual o seu nome completo?	{}	2026-04-10 13:03:30.355457-03	106	144	214	7
1	entrada	inicio_fluxo	sucesso	Fluxo iniciado	{}	2026-04-06 18:21:51.359178-03	23	52	\N	3
2	questao	texto	aguardando	Pergunta: Qual seu nome completo?	{}	2026-04-06 18:21:51.369308-03	23	52	\N	3
3	questao	texto	sucesso	Resposta recebida: Lucas Rodrigues	{"resposta": "Lucas Rodrigues"}	2026-04-06 19:13:04.397424-03	23	52	\N	3
4	questao	texto	aguardando	Pergunta: Em qual cidade voce mora?	{}	2026-04-06 19:13:04.406484-03	23	52	\N	3
5	questao	texto	sucesso	Resposta recebida: Teresina	{"resposta": "Teresina"}	2026-04-06 19:13:11.882363-03	23	52	\N	3
6	condicao	resposta_check	sucesso	Condicao: ultima_resposta igual Recife → false	{"branch": "false", "resultado": false}	2026-04-06 19:13:11.887865-03	23	52	\N	3
7	acao	criar_tarefa	sucesso	Acao executada: criar_tarefa	{}	2026-04-06 19:13:11.89725-03	23	52	\N	3
8	questao	select	aguardando	Pergunta: Qual plano te interessa?	{}	2026-04-06 19:13:11.901828-03	23	52	\N	3
25	entrada	inicio_fluxo	sucesso	Fluxo iniciado	{}	2026-04-08 15:49:33.991963-03	28	66	21	7
26	ia_respondedor	ia_respondedor	aguardando	IA respondeu: Olá, Lucas! Como posso te ajudar hoje? Poderia me informar seu nome completo?	{}	2026-04-08 15:49:36.796827-03	28	66	22	7
27	ia_extrator	ia_extrator	sucesso	Extraido: {'nome_razaosocial': 'Lucas Rodrigues'}	{"campos": {"nome_razaosocial": "Lucas Rodrigues"}, "salvo_no_lead": true}	2026-04-08 15:49:47.104105-03	28	66	23	7
28	ia_respondedor	ia_respondedor	aguardando	IA respondeu: Olá, Lucas Rodrigues! Qual curso você tem interesse? Se não souber, posso te apresentar algumas opçõ	{}	2026-04-08 15:49:49.153517-03	28	66	24	7
29	ia_extrator	ia_extrator	sucesso	Extraido: {'curso': 'Direito'}	{"campos": {"curso": "Direito"}, "salvo_no_lead": false}	2026-04-08 15:50:32.227706-03	28	66	25	7
30	ia_classificador	ia_classificador	sucesso	Classificado como: curso_valido	{"valor": "curso_valido", "mensagem": "Direito", "variavel": "validacao_curso"}	2026-04-08 15:50:33.398202-03	28	66	26	7
31	condicao	campo_check	sucesso	Condicao: var.validacao_curso igual curso_valido → true	{"branch": "true", "resultado": true}	2026-04-08 15:50:33.400373-03	28	66	27	7
32	acao	criar_oportunidade	sucesso	Acao executada: criar_oportunidade	{}	2026-04-08 15:50:33.425685-03	28	66	28	7
33	acao	mover_estagio	sucesso	Acao executada: mover_estagio	{}	2026-04-08 15:50:33.432378-03	28	66	29	7
34	ia_respondedor	ia_respondedor	aguardando	IA respondeu: O curso de Direito é presencial, com aulas de segunda a sexta, das 18h30 às 21h40. Qual a forma de i	{}	2026-04-08 15:50:36.084888-03	28	66	30	7
35	finalizacao	finalizar	sucesso	Fluxo finalizado. Score: N/A	{"score": null, "tempo_total": 80}	2026-04-08 15:50:54.944573-03	28	66	31	7
36	entrada	inicio_fluxo	sucesso	Fluxo iniciado	{}	2026-04-08 16:00:10.73876-03	29	66	21	7
37	ia_respondedor	ia_respondedor	aguardando	IA respondeu: Olá, Lucas! Como posso te ajudar hoje? Qual é o seu nome completo?	{}	2026-04-08 16:00:12.857891-03	29	66	22	7
38	ia_extrator	ia_extrator	sucesso	Extraido: {'nome_razaosocial': 'Lucas Rodrigues'}	{"campos": {"nome_razaosocial": "Lucas Rodrigues"}, "salvo_no_lead": true}	2026-04-08 16:01:50.341468-03	29	66	23	7
39	ia_respondedor	ia_respondedor	aguardando	IA respondeu: Olá, Lucas! Qual curso você tem interesse em fazer? Se não souber, posso te apresentar algumas opçõe	{}	2026-04-08 16:01:54.311309-03	29	66	24	7
40	ia_extrator	ia_extrator	sucesso	Extraido: {'curso_interesse': 'Direito'}	{"campos": {"curso_interesse": "Direito"}, "salvo_no_lead": true}	2026-04-08 16:02:02.507847-03	29	66	25	7
41	ia_classificador	ia_classificador	sucesso	Classificado como: curso_valido	{"valor": "curso_valido", "mensagem": "Direito", "variavel": "validacao_curso"}	2026-04-08 16:02:04.70813-03	29	66	26	7
42	condicao	campo_check	sucesso	Condicao: var.validacao_curso igual curso_valido → true	{"branch": "true", "resultado": true}	2026-04-08 16:02:04.711356-03	29	66	27	7
43	acao	criar_oportunidade	sucesso	Acao executada: criar_oportunidade	{}	2026-04-08 16:02:04.718392-03	29	66	28	7
44	acao	mover_estagio	sucesso	Acao executada: mover_estagio	{}	2026-04-08 16:02:04.731225-03	29	66	29	7
45	ia_respondedor	ia_respondedor	aguardando	IA respondeu: O curso de Direito é presencial, de segunda a sexta, das 18h30 às 21h40. \n\nQual a forma de ingresso 	{}	2026-04-08 16:02:07.950215-03	29	66	30	7
46	finalizacao	finalizar	sucesso	Fluxo finalizado. Score: N/A	{"score": null, "tempo_total": 127}	2026-04-08 16:02:18.506723-03	29	66	31	7
1349	questao	texto	sucesso	Resposta recebida: Lucas Rodrigues	{"resposta": "Lucas Rodrigues"}	2026-04-10 13:03:33.863871-03	106	144	214	7
1350	questao	texto	sucesso	IA extraiu: {'nome_razaosocial': 'Lucas Rodrigues'}	{"campos": {"nome_razaosocial": "Lucas Rodrigues"}}	2026-04-10 13:03:43.682544-03	106	144	214	7
1351	questao	texto	aguardando	Pergunta: Prazer! Qual curso voce tem interesse? Nossos cursos: Direito, Sistemas de Informacao, Psicologia, Enfermagem, Fisioterapia, Administracao, Ciencias Contabeis, Pedagogia, Fonoaudiologia, Educacao Fisica, Servico Social.	{}	2026-04-10 13:03:43.688063-03	106	144	215	7
792	questao	texto	sucesso	Resposta recebida: Me explique melhor o curso de direito	{"resposta": "Me explique melhor o curso de direito"}	2026-04-10 06:51:19.855856-03	83	123	\N	7
310	entrada	inicio_fluxo	sucesso	Fluxo iniciado	{}	2026-04-10 04:08:55.367428-03	59	101	\N	7
311	questao	texto	sucesso	Mensagem enviada: Ola! Sou o Pedro, consultor de ingresso da FATEPI/FAESPI. Que bom ter voce aqui!	{}	2026-04-10 04:08:55.381327-03	59	101	\N	7
312	questao	texto	sucesso	Pulou questao: nome_razaosocial ja preenchido (Lead Teste)	{}	2026-04-10 04:08:55.390166-03	59	101	\N	7
313	questao	texto	sucesso	IA extraiu: {'nome_razaosocial': 'Teste'}	{"campos": {"nome_razaosocial": "Teste"}}	2026-04-10 04:08:58.534266-03	59	101	\N	7
314	questao	texto	aguardando	Pergunta: Prazer! Qual curso voce tem interesse? Nossos cursos: Direito, Sistemas de Informacao, Psicologia, Enfermagem, Fisioterapia, Administracao, Ciencias Contabeis, Pedagogia, Fonoaudiologia, Educacao Fisica, Servico Social.	{}	2026-04-10 04:08:58.549625-03	59	101	\N	7
342	entrada	inicio_fluxo	sucesso	Fluxo iniciado	{}	2026-04-10 04:19:25.203948-03	62	103	\N	7
343	questao	texto	sucesso	Mensagem enviada: Ola! Sou o Pedro, consultor de ingresso da FATEPI/FAESPI. Que bom ter voce aqui!	{}	2026-04-10 04:19:25.208485-03	62	103	\N	7
344	questao	texto	aguardando	Pergunta: Qual o seu nome completo?	{}	2026-04-10 04:19:25.211995-03	62	103	\N	7
364	entrada	inicio_fluxo	sucesso	Fluxo iniciado	{}	2026-04-10 04:20:44.835354-03	63	104	\N	7
365	questao	texto	sucesso	Mensagem enviada: Ola! Sou o Pedro, consultor de ingresso da FATEPI/FAESPI. Que bom ter voce aqui!	{}	2026-04-10 04:20:44.839912-03	63	104	\N	7
366	questao	texto	aguardando	Pergunta: Qual o seu nome completo?	{}	2026-04-10 04:20:44.844501-03	63	104	\N	7
315	entrada	inicio_fluxo	sucesso	Fluxo iniciado	{}	2026-04-10 04:12:06.412726-03	60	102	\N	7
316	questao	texto	sucesso	Mensagem enviada: Ola! Sou o Pedro, consultor de ingresso da FATEPI/FAESPI. Que bom ter voce aqui!	{}	2026-04-10 04:12:06.435778-03	60	102	\N	7
317	questao	texto	sucesso	Pulou questao: nome_razaosocial ja preenchido (Lead Teste)	{}	2026-04-10 04:12:06.437245-03	60	102	\N	7
318	questao	texto	sucesso	IA extraiu: {'nome_razaosocial': 'Teste'}	{"campos": {"nome_razaosocial": "Teste"}}	2026-04-10 04:12:07.86618-03	60	102	\N	7
319	questao	texto	aguardando	Pergunta: Prazer! Qual curso voce tem interesse? Nossos cursos: Direito, Sistemas de Informacao, Psicologia, Enfermagem, Fisioterapia, Administracao, Ciencias Contabeis, Pedagogia, Fonoaudiologia, Educacao Fisica, Servico Social.	{}	2026-04-10 04:12:07.869446-03	60	102	\N	7
345	questao	texto	sucesso	Resposta recebida: Lucas Rodrigues	{"resposta": "Lucas Rodrigues"}	2026-04-10 04:19:29.307652-03	62	103	\N	7
346	questao	texto	sucesso	IA extraiu: {'nome_razaosocial': 'Lucas Rodrigues'}	{"campos": {"nome_razaosocial": "Lucas Rodrigues"}}	2026-04-10 04:19:32.486783-03	62	103	\N	7
347	questao	texto	aguardando	Pergunta: Prazer! Qual curso voce tem interesse? Nossos cursos: Direito, Sistemas de Informacao, Psicologia, Enfermagem, Fisioterapia, Administracao, Ciencias Contabeis, Pedagogia, Fonoaudiologia, Educacao Fisica, Servico Social.	{}	2026-04-10 04:19:32.493047-03	62	103	\N	7
367	questao	texto	sucesso	Resposta recebida: Pedro Paulo	{"resposta": "Pedro Paulo"}	2026-04-10 04:20:48.820524-03	63	104	\N	7
368	questao	texto	sucesso	IA extraiu: {'nome_razaosocial': 'Pedro Paulo'}	{"campos": {"nome_razaosocial": "Pedro Paulo"}}	2026-04-10 04:20:51.861306-03	63	104	\N	7
369	questao	texto	aguardando	Pergunta: Prazer! Qual curso voce tem interesse? Nossos cursos: Direito, Sistemas de Informacao, Psicologia, Enfermagem, Fisioterapia, Administracao, Ciencias Contabeis, Pedagogia, Fonoaudiologia, Educacao Fisica, Servico Social.	{}	2026-04-10 04:20:51.868023-03	63	104	\N	7
793	questao	texto	sucesso	IA classificou como: curso_valido	{"valor": "curso_valido", "variavel": "validacao_curso"}	2026-04-10 06:51:25.353343-03	83	123	\N	7
126	entrada	inicio_fluxo	sucesso	Fluxo iniciado	{}	2026-04-09 16:07:31.346855-03	48	93	\N	7
127	questao	texto	aguardando	Pergunta: Ola! Sou o Pedro, consultor de ingresso da FATEPI/FAESPI. Para eu te passar os detalhes da bolsa, qual seu nome completo?	{}	2026-04-09 16:07:31.386866-03	48	93	\N	7
128	questao	texto	sucesso	Resposta recebida: Joao Silva	{"resposta": "Joao Silva"}	2026-04-09 16:07:31.400624-03	48	93	\N	7
129	questao	texto	sucesso	IA extraiu: {'nome_razaosocial': 'Joao Silva'}	{"campos": {"nome_razaosocial": "Joao Silva"}}	2026-04-09 16:07:34.647512-03	48	93	\N	7
131	questao	texto	sucesso	Resposta recebida: Direito	{"resposta": "Direito"}	2026-04-09 16:07:34.681502-03	48	93	\N	7
794	questao	texto	sucesso	IA extraiu: {'curso_interesse': 'Direito'}	{"campos": {"curso_interesse": "Direito"}}	2026-04-10 06:51:26.417487-03	83	123	\N	7
1352	questao	texto	sucesso	Resposta recebida: Direito	{"resposta": "Direito"}	2026-04-10 13:03:50.934831-03	106	144	215	7
1353	questao	texto	sucesso	IA extraiu: {'curso_interesse': 'Direito', 'classificacao': 'curso_valido'}	{"campos": {"classificacao": "curso_valido", "curso_interesse": "Direito"}}	2026-04-10 13:04:00.535674-03	106	144	215	7
1354	questao	texto	sucesso	IA classificou (via extracao): curso_valido	{"valor": "curso_valido", "variavel": "validacao_curso"}	2026-04-10 13:04:02.11578-03	106	144	215	7
1355	condicao	campo_check	sucesso	Condicao: var.validacao_curso igual curso_valido → true	{"branch": "true", "resultado": true}	2026-04-10 13:04:02.126452-03	106	144	216	7
1356	acao	criar_oportunidade	sucesso	Acao executada: criar_oportunidade	{}	2026-04-10 13:04:02.143088-03	106	144	218	7
1357	acao	mover_estagio	sucesso	Acao executada: mover_estagio	{}	2026-04-10 13:04:02.149829-03	106	144	219	7
1358	questao	texto	aguardando	Pergunta: O curso e presencial, de segunda a sexta, das 18h30 as 21h40. Como voce pretende ingressar: Nota do ENEM, Prova Online ou Transferencia?	{}	2026-04-10 13:04:02.156109-03	106	144	220	7
799	questao	texto	sucesso	Resposta recebida: Nota do Enem	{"resposta": "Nota do Enem"}	2026-04-10 06:51:32.552021-03	83	123	\N	7
99	entrada	inicio_fluxo	sucesso	Fluxo iniciado	{}	2026-04-09 08:50:22.658952-03	32	66	51	7
100	questao	texto	sucesso	Pulou questao: nome_razaosocial ja preenchido (Lucas Rodrigues)	{}	2026-04-09 08:50:22.675109-03	32	66	52	7
101	questao	texto	sucesso	IA extraiu: {'nome_razaosocial': 'Lucas Rodrigues'}	{"campos": {"nome_razaosocial": "Lucas Rodrigues"}}	2026-04-09 08:50:24.896714-03	32	66	52	7
102	entrada	inicio_fluxo	sucesso	Fluxo iniciado	{}	2026-04-09 08:53:08.333516-03	33	66	51	7
103	questao	texto	sucesso	Pulou questao: nome_razaosocial ja preenchido (Lucas Rodrigues)	{}	2026-04-09 08:53:08.340527-03	33	66	52	7
104	questao	texto	sucesso	IA extraiu: {'nome_razaosocial': 'Lucas Rodrigues'}	{"campos": {"nome_razaosocial": "Lucas Rodrigues"}}	2026-04-09 08:53:10.660069-03	33	66	52	7
105	questao	texto	aguardando	Pergunta: Prazer! Qual curso voce tem interesse? Nossos cursos: Direito, Sistemas de Informacao, Psicologia, Enfermagem, Fisioterapia, Administracao, Ciencias Contabeis, Pedagogia, Fonoaudiologia, Educacao Fisica e Servico Social.	{}	2026-04-09 08:53:10.663314-03	33	66	54	7
106	entrada	inicio_fluxo	sucesso	Fluxo iniciado	{}	2026-04-09 08:57:45.537983-03	34	66	51	7
107	questao	texto	sucesso	Pulou questao: nome_razaosocial ja preenchido (Lucas Rodrigues)	{}	2026-04-09 08:57:45.544476-03	34	66	52	7
108	questao	texto	sucesso	IA extraiu: {'nome_razaosocial': 'Lucas Rodrigues'}	{"campos": {"nome_razaosocial": "Lucas Rodrigues"}}	2026-04-09 08:57:47.648913-03	34	66	52	7
109	questao	texto	aguardando	Pergunta: Prazer! Qual curso voce tem interesse? Nossos cursos: Direito, Sistemas de Informacao, Psicologia, Enfermagem, Fisioterapia, Administracao, Ciencias Contabeis, Pedagogia, Fonoaudiologia, Educacao Fisica e Servico Social.	{}	2026-04-09 08:57:47.652913-03	34	66	54	7
47	entrada	inicio_fluxo	sucesso	Fluxo iniciado	{}	2026-04-08 17:35:04.898409-03	30	66	\N	7
48	questao	texto	aguardando	Pergunta: Ola! Sou o Pedro, consultor de ingresso da FATEPI/FAESPI. Para eu te passar os detalhes da bolsa, qual seu nome completo?	{}	2026-04-08 17:35:04.90648-03	30	66	\N	7
49	questao	texto	sucesso	Resposta recebida: oi	{"resposta": "oi"}	2026-04-08 17:35:08.520322-03	30	66	\N	7
50	questao	texto	sucesso	IA extraiu: {'nome_razaosocial': ''}	{"campos": {"nome_razaosocial": ""}}	2026-04-08 17:35:12.52087-03	30	66	\N	7
51	questao	texto	aguardando	Pergunta: Prazer! Qual curso voce tem interesse? Nossos cursos: Direito, Sistemas de Informacao, Psicologia, Enfermagem, Fisioterapia, Administracao, Ciencias Contabeis, Pedagogia, Fonoaudiologia, Educacao Fisica e Servico Social.	{}	2026-04-08 17:35:12.526114-03	30	66	\N	7
52	questao	texto	sucesso	Resposta recebida: Direito	{"resposta": "Direito"}	2026-04-08 17:35:31.004238-03	30	66	\N	7
53	questao	texto	sucesso	IA classificou como: curso_valido	{"valor": "curso_valido", "variavel": "validacao_curso"}	2026-04-08 17:35:34.012656-03	30	66	\N	7
54	questao	texto	sucesso	IA extraiu: {'curso_interesse': 'Direito'}	{"campos": {"curso_interesse": "Direito"}}	2026-04-08 17:35:36.375089-03	30	66	\N	7
55	condicao	campo_check	sucesso	Condicao: var.validacao_curso igual curso_valido → true	{"branch": "true", "resultado": true}	2026-04-08 17:35:36.379089-03	30	66	\N	7
56	acao	criar_oportunidade	sucesso	Acao executada: criar_oportunidade	{}	2026-04-08 17:35:36.38734-03	30	66	\N	7
57	acao	mover_estagio	sucesso	Acao executada: mover_estagio	{}	2026-04-08 17:35:36.390498-03	30	66	\N	7
58	questao	texto	aguardando	Pergunta: O curso e presencial, de segunda a sexta, das 18h30 as 21h40. Como voce pretende ingressar: Nota do ENEM, Prova Online ou Transferencia?	{}	2026-04-08 17:35:36.394518-03	30	66	\N	7
59	questao	texto	sucesso	Resposta recebida: Enem	{"resposta": "Enem"}	2026-04-08 17:35:50.550512-03	30	66	\N	7
60	questao	texto	sucesso	IA extraiu: {'forma_ingresso': 'ENEM'}	{"campos": {"forma_ingresso": "ENEM"}}	2026-04-08 17:35:55.094262-03	30	66	\N	7
61	acao	mover_estagio	sucesso	Acao executada: mover_estagio	{}	2026-04-08 17:35:55.100293-03	30	66	\N	7
62	ia_respondedor	ia_respondedor	aguardando	IA respondeu: Olá oi!\n\nVocê escolheu o curso de Direito e vai ingressar via ENEM. Aqui estão os valores do curso:\n	{}	2026-04-08 17:35:58.925432-03	30	66	\N	7
63	questao	texto	aguardando	Pergunta: 	{}	2026-04-08 17:36:25.344584-03	30	66	\N	7
93	questao	texto	aguardando	Pergunta: 	{}	2026-04-08 20:14:01.662567-03	31	66	\N	7
800	questao	texto	sucesso	IA extraiu: {'forma_ingresso': 'ENEM'}	{"campos": {"forma_ingresso": "ENEM"}}	2026-04-10 06:51:36.777859-03	83	123	\N	7
801	acao	mover_estagio	sucesso	Acao executada: mover_estagio	{}	2026-04-10 06:51:36.783902-03	83	123	\N	7
802	ia_respondedor	ia_respondedor	aguardando	IA respondeu: Claro, Joana. Aqui estão os valores para o curso de Direito, com o ingresso via ENEM:\n\n- Valor Integ	{}	2026-04-10 06:51:40.412463-03	83	123	\N	7
902	questao	texto	sucesso	Resposta recebida: Pagamento realizado	{"resposta": "Pagamento realizado"}	2026-04-10 07:14:05.257939-03	86	124	\N	7
64	questao	texto	sucesso	Resposta recebida: oi	{"resposta": "oi"}	2026-04-08 20:07:16.081756-03	30	66	\N	7
65	questao	texto	sucesso	Resposta recebida: oi	{"resposta": "oi"}	2026-04-08 20:07:17.333535-03	30	66	\N	7
66	questao	texto	sucesso	Resposta recebida: oi	{"resposta": "oi"}	2026-04-08 20:07:18.197312-03	30	66	\N	7
67	questao	texto	sucesso	IA classificou como: duvida	{"valor": "duvida", "variavel": "decisao_matricula"}	2026-04-08 20:07:20.219689-03	30	66	\N	7
68	condicao	campo_check	sucesso	Condicao: var.decisao_matricula igual sim → false	{"branch": "false", "resultado": false}	2026-04-08 20:07:20.233901-03	30	66	\N	7
69	questao	texto	sucesso	IA classificou como: duvida	{"valor": "duvida", "variavel": "decisao_matricula"}	2026-04-08 20:07:20.462201-03	30	66	\N	7
70	condicao	campo_check	sucesso	Condicao: var.decisao_matricula igual sim → false	{"branch": "false", "resultado": false}	2026-04-08 20:07:20.468355-03	30	66	\N	7
71	questao	texto	sucesso	IA classificou como: duvida	{"valor": "duvida", "variavel": "decisao_matricula"}	2026-04-08 20:07:20.654284-03	30	66	\N	7
72	condicao	campo_check	sucesso	Condicao: var.decisao_matricula igual sim → false	{"branch": "false", "resultado": false}	2026-04-08 20:07:20.664519-03	30	66	\N	7
73	ia_respondedor	ia_respondedor	aguardando	IA respondeu: Olá! Como posso ajudá-lo hoje? Se tiver alguma dúvida sobre a matrícula ou sobre nossos cursos, fiqu	{}	2026-04-08 20:07:21.688338-03	30	66	\N	7
74	ia_respondedor	ia_respondedor	aguardando	IA respondeu: Olá! Como posso te ajudar hoje? Se tiver alguma dúvida sobre nossos cursos, matrículas ou qualquer o	{}	2026-04-08 20:07:22.714623-03	30	66	\N	7
75	ia_respondedor	ia_respondedor	aguardando	IA respondeu: Olá! Como posso ajudar você hoje? Se tem alguma dúvida sobre a matrícula ou sobre a FATEPI/FAESPI, f	{}	2026-04-08 20:07:23.843086-03	30	66	\N	7
76	finalizacao	finalizar	sucesso	Fluxo finalizado. Score: N/A	{"score": null, "tempo_total": 9142}	2026-04-08 20:07:27.356259-03	30	66	\N	7
77	entrada	inicio_fluxo	sucesso	Fluxo iniciado	{}	2026-04-08 20:07:34.720616-03	31	66	\N	7
78	questao	texto	aguardando	Pergunta: Ola! Sou o Pedro, consultor de ingresso da FATEPI/FAESPI. Para eu te passar os detalhes da bolsa, qual seu nome completo?	{}	2026-04-08 20:07:34.726699-03	31	66	\N	7
79	questao	texto	sucesso	Resposta recebida: Lucas Rodrigues	{"resposta": "Lucas Rodrigues"}	2026-04-08 20:07:41.056519-03	31	66	\N	7
80	questao	texto	sucesso	IA extraiu: {'nome_razaosocial': 'Lucas Rodrigues'}	{"campos": {"nome_razaosocial": "Lucas Rodrigues"}}	2026-04-08 20:07:43.268659-03	31	66	\N	7
81	questao	texto	aguardando	Pergunta: Prazer! Qual curso voce tem interesse? Nossos cursos: Direito, Sistemas de Informacao, Psicologia, Enfermagem, Fisioterapia, Administracao, Ciencias Contabeis, Pedagogia, Fonoaudiologia, Educacao Fisica e Servico Social.	{}	2026-04-08 20:07:43.278731-03	31	66	\N	7
82	questao	texto	sucesso	Resposta recebida: Direito	{"resposta": "Direito"}	2026-04-08 20:07:47.584277-03	31	66	\N	7
83	questao	texto	sucesso	IA classificou como: curso_valido	{"valor": "curso_valido", "variavel": "validacao_curso"}	2026-04-08 20:07:49.252673-03	31	66	\N	7
84	questao	texto	sucesso	IA extraiu: {'curso_interesse': 'Direito'}	{"campos": {"curso_interesse": "Direito"}}	2026-04-08 20:07:51.531525-03	31	66	\N	7
85	condicao	campo_check	sucesso	Condicao: var.validacao_curso igual curso_valido → true	{"branch": "true", "resultado": true}	2026-04-08 20:07:51.536209-03	31	66	\N	7
86	acao	criar_oportunidade	sucesso	Acao executada: criar_oportunidade	{}	2026-04-08 20:07:51.544458-03	31	66	\N	7
87	acao	mover_estagio	sucesso	Acao executada: mover_estagio	{}	2026-04-08 20:07:51.550826-03	31	66	\N	7
88	questao	texto	aguardando	Pergunta: O curso e presencial, de segunda a sexta, das 18h30 as 21h40. Como voce pretende ingressar: Nota do ENEM, Prova Online ou Transferencia?	{}	2026-04-08 20:07:51.555503-03	31	66	\N	7
89	questao	texto	sucesso	Resposta recebida: Enem	{"resposta": "Enem"}	2026-04-08 20:08:00.606477-03	31	66	\N	7
90	questao	texto	sucesso	IA extraiu: {'forma_ingresso': 'ENEM'}	{"campos": {"forma_ingresso": "ENEM"}}	2026-04-08 20:08:02.315888-03	31	66	\N	7
91	acao	mover_estagio	sucesso	Acao executada: mover_estagio	{}	2026-04-08 20:08:02.321397-03	31	66	\N	7
92	ia_respondedor	ia_respondedor	aguardando	IA respondeu: Olá, Lucas Rodrigues!\n\nFico feliz com sua escolha pelo curso de Direito. Vamos aos valores para você	{}	2026-04-08 20:08:04.681012-03	31	66	\N	7
94	questao	texto	sucesso	Resposta recebida: oi	{"resposta": "oi"}	2026-04-08 23:14:41.513821-03	31	66	\N	7
95	questao	texto	sucesso	IA classificou como: duvida	{"valor": "duvida", "variavel": "decisao_matricula"}	2026-04-08 23:14:43.944498-03	31	66	\N	7
96	condicao	campo_check	sucesso	Condicao: var.decisao_matricula igual sim → false	{"branch": "false", "resultado": false}	2026-04-08 23:14:43.951063-03	31	66	\N	7
97	ia_respondedor	ia_respondedor	aguardando	IA respondeu: Olá, Lucas! Como posso te ajudar hoje? Se você tiver alguma dúvida sobre o processo de matrícula ou 	{}	2026-04-08 23:14:46.26163-03	31	66	\N	7
98	finalizacao	finalizar	sucesso	Fluxo finalizado. Score: N/A	{"score": null, "tempo_total": 11248}	2026-04-08 23:15:03.499059-03	31	66	\N	7
1359	questao	texto	sucesso	Resposta recebida: Nota do Enem	{"resposta": "Nota do Enem"}	2026-04-10 13:04:08.534934-03	106	144	220	7
1360	questao	texto	sucesso	IA extraiu: {'forma_ingresso': 'ENEM'}	{"campos": {"forma_ingresso": "ENEM"}}	2026-04-10 13:04:15.214388-03	106	144	220	7
1361	acao	mover_estagio	sucesso	Acao executada: mover_estagio	{}	2026-04-10 13:04:15.226096-03	106	144	221	7
1362	ia_respondedor	ia_respondedor	aguardando	IA respondeu: Claro, Lucas! Aqui estão as informações sobre o curso de Direito para ingresso via ENEM:\n\n- Valor In	{}	2026-04-10 13:04:24.104917-03	106	144	222	7
727	questao	texto	sucesso	Resposta recebida: Direito	{"resposta": "Direito"}	2026-04-10 06:46:12.203013-03	81	121	\N	7
728	questao	texto	sucesso	IA classificou como: curso_valido	{"valor": "curso_valido", "variavel": "validacao_curso"}	2026-04-10 06:46:15.532765-03	81	121	\N	7
729	questao	texto	sucesso	IA extraiu: {'curso_interesse': 'Direito', 'classificacao': 'curso_valido'}	{"campos": {"classificacao": "curso_valido", "curso_interesse": "Direito"}}	2026-04-10 06:46:17.650673-03	81	121	\N	7
1363	questao	texto	sucesso	Mensagem enviada: 	{}	2026-04-10 13:04:44.823872-03	106	144	223	7
1364	questao	texto	sucesso	IA classificou como: sim	{"valor": "sim", "variavel": "decisao_matricula"}	2026-04-10 13:04:47.971272-03	106	144	223	7
1365	condicao	campo_check	sucesso	Condicao: var.decisao_matricula igual sim → true	{"branch": "true", "resultado": true}	2026-04-10 13:04:47.973995-03	106	144	224	7
1366	acao	mover_estagio	sucesso	Acao executada: mover_estagio	{}	2026-04-10 13:04:47.985467-03	106	144	230	7
1367	condicao	campo_check	sucesso	Condicao: var.oport_dados_custom_forma_ingresso igual ENEM → true	{"branch": "true", "resultado": true}	2026-04-10 13:04:47.987705-03	106	144	226	7
192	questao	texto	sucesso	Resposta recebida: oi	{"resposta": "oi"}	2026-04-09 16:16:13.758676-03	34	66	54	7
193	questao	texto	sucesso	Resposta recebida: oi	{"resposta": "oi"}	2026-04-09 16:16:15.664206-03	34	66	54	7
194	questao	texto	fallback	Validacao falhou, redirecionando para fallback: A resposta não contém um curso válido da lista fornecida. Por favor, indique um dos cursos: Direito, Sistemas de Informação, Psicologia, Enfermagem, Fisioterapia, Administração, Ciências Contábeis, Pedagogia, Fonoaudiologia, Educação Física ou Serviço Social.	{}	2026-04-09 16:16:16.218445-03	34	66	54	7
195	questao	texto	sucesso	Resposta recebida: oi	{"resposta": "oi"}	2026-04-09 16:16:16.810633-03	34	66	54	7
196	ia_classificador	ia_classificador	sucesso	Classificado como: saudacao	{"valor": "saudacao", "mensagem": "oi", "variavel": "tipo_fallback"}	2026-04-09 16:16:17.451627-03	34	66	55	7
197	condicao	campo_check	sucesso	Condicao: var.tipo_fallback igual duvida_valores → false	{"branch": "false", "resultado": false}	2026-04-09 16:16:17.455148-03	34	66	56	7
198	questao	texto	fallback	Validacao falhou, redirecionando para fallback: A resposta não corresponde a uma opção válida de curso. Por favor, escolha entre os cursos disponíveis.	{}	2026-04-09 16:16:17.491589-03	34	66	54	7
199	ia_classificador	ia_classificador	sucesso	Classificado como: saudacao	{"valor": "saudacao", "mensagem": "oi", "variavel": "tipo_fallback"}	2026-04-09 16:16:18.931124-03	34	66	55	7
200	condicao	campo_check	sucesso	Condicao: var.tipo_fallback igual duvida_valores → false	{"branch": "false", "resultado": false}	2026-04-09 16:16:18.934215-03	34	66	56	7
201	ia_respondedor	ia_respondedor	aguardando	IA respondeu: Olá, Lucas! Como posso te ajudar hoje? Qual curso você tem interesse?	{}	2026-04-09 16:16:19.164952-03	34	66	58	7
202	questao	texto	fallback	Validacao falhou, redirecionando para fallback: Por favor, indique um dos cursos disponíveis: Direito, Sistemas de Informacao, Psicologia, Enfermagem, Fisioterapia, Administracao, Ciencias Contabeis, Pedagogia, Fonoaudiologia, Educacao Fisica ou Servico Social.	{}	2026-04-09 16:16:19.362554-03	34	66	54	7
203	ia_respondedor	ia_respondedor	aguardando	IA respondeu: Olá, Lucas! Como posso te ajudar hoje? Qual curso você tem interesse?	{}	2026-04-09 16:16:20.391773-03	34	66	58	7
204	ia_classificador	ia_classificador	sucesso	Classificado como: saudacao	{"valor": "saudacao", "mensagem": "oi", "variavel": "tipo_fallback"}	2026-04-09 16:16:20.604454-03	34	66	55	7
205	condicao	campo_check	sucesso	Condicao: var.tipo_fallback igual duvida_valores → false	{"branch": "false", "resultado": false}	2026-04-09 16:16:20.60908-03	34	66	56	7
206	ia_respondedor	ia_respondedor	aguardando	IA respondeu: Olá, Lucas! Como posso ajudar você hoje? Qual curso você tem interesse?	{}	2026-04-09 16:16:22.153773-03	34	66	58	7
207	questao	texto	aguardando	Pergunta: Prazer! Qual curso voce tem interesse? Nossos cursos: Direito, Sistemas de Informacao, Psicologia, Enfermagem, Fisioterapia, Administracao, Ciencias Contabeis, Pedagogia, Fonoaudiologia, Educacao Fisica e Servico Social.	{}	2026-04-09 16:16:32.280431-03	34	66	54	7
208	questao	texto	sucesso	Resposta recebida: Aonde fica o endereço?	{"resposta": "Aonde fica o endereço?"}	2026-04-09 16:17:06.052442-03	34	66	54	7
209	questao	texto	fallback	Validacao falhou, redirecionando para fallback: O usuário fez uma pergunta sobre o endereço, mas não expressou interesse em nenhum dos cursos listados anteriormente.	{}	2026-04-09 16:17:07.819447-03	34	66	54	7
210	ia_classificador	ia_classificador	sucesso	Classificado como: duvida_localizacao	{"valor": "duvida_localizacao", "mensagem": "Aonde fica o endereço?", "variavel": "tipo_fallback"}	2026-04-09 16:17:09.030816-03	34	66	55	7
211	condicao	campo_check	sucesso	Condicao: var.tipo_fallback igual duvida_valores → false	{"branch": "false", "resultado": false}	2026-04-09 16:17:09.034838-03	34	66	56	7
212	ia_respondedor	ia_respondedor	aguardando	IA respondeu: O endereço da FATEPI/FAESPI é Rua Primeiro de Maio, 2235, Bairro Primavera, Teresina - PI. Qual curs	{}	2026-04-09 16:17:10.537725-03	34	66	58	7
213	questao	texto	aguardando	Pergunta: Prazer! Qual curso voce tem interesse? Nossos cursos: Direito, Sistemas de Informacao, Psicologia, Enfermagem, Fisioterapia, Administracao, Ciencias Contabeis, Pedagogia, Fonoaudiologia, Educacao Fisica e Servico Social.	{}	2026-04-09 16:17:52.164677-03	34	66	54	7
1368	questao	texto	aguardando	Pergunta: Para ingressar via ENEM, preciso que voce envie o print ou foto da sua nota do ENEM (minimo 400 pontos). Pode enviar agora!	{}	2026-04-10 13:04:47.991321-03	106	144	228	7
219	entrada	inicio_fluxo	sucesso	Fluxo iniciado	{}	2026-04-09 16:45:41.769539-03	51	97	\N	7
220	questao	texto	sucesso	Pulou questao: nome_razaosocial ja preenchido (Teste)	{}	2026-04-09 16:45:41.776738-03	51	97	\N	7
221	questao	texto	erro	IA nao extraiu dados: {'nome_razaosocial': ''}	{"campos": {"nome_razaosocial": ""}}	2026-04-09 16:45:43.17674-03	51	97	\N	7
222	ia_agente	ia_agente	aguardando	Agente IA iniciou: Olá, Teste! Como posso ajudá-lo hoje? Se você tiver alguma dúvida sobre a FATEPI/FAESPI, como cursos	{}	2026-04-09 16:45:44.779044-03	51	97	\N	7
808	questao	texto	aguardando	Pergunta: Para ingressar via ENEM, preciso que voce envie o print ou foto da sua nota do ENEM (minimo 400 pontos). Pode enviar agora!	{}	2026-04-10 06:51:46.417029-03	83	123	\N	7
904	questao	select	sucesso	Resposta recebida: Instagram	{"resposta": "Instagram"}	2026-04-10 07:14:14.83279-03	86	124	\N	7
905	questao	select	sucesso	IA extraiu: {'como_conheceu': 'Instagram'}	{"campos": {"como_conheceu": "Instagram"}}	2026-04-10 07:14:18.418429-03	86	124	\N	7
906	acao	mover_estagio	sucesso	Acao executada: mover_estagio	{}	2026-04-10 07:14:18.426527-03	86	124	\N	7
1369	questao	texto	sucesso	Resposta recebida: enviado.png	{"resposta": "enviado.png"}	2026-04-10 13:04:52.767532-03	106	144	228	7
1370	questao	texto	aguardando	Pergunta: Excelente! Para garantir sua vaga, realize o pagamento pelo PIX abaixo:\n\nPIX: 00020126580014br.gov.bcb.pix013652d3c4c3-6213-459a-bd59-ac47480dd1945204000053039865802BR5925GILCIFRAN VIEIRA DE SOUSA6008TERESINA62070503***630427D9\n\nAssim que realizar o pagamento, me envie o comprovante!\nNosso horario de confirmacao e de segunda a sexta, das 8h as 18h.	{}	2026-04-10 13:04:52.800462-03	106	144	231	7
320	questao	texto	sucesso	Resposta recebida: Não sei ainda	{"resposta": "Não sei ainda"}	2026-04-10 04:12:15.339288-03	60	102	\N	7
321	questao	texto	fallback	Validacao falhou, redirecionando para fallback: O usuário não sabe ainda qual curso deseja escolher, por isso não foi feita uma seleção válida entre os cursos disponíveis.	{}	2026-04-10 04:12:17.097202-03	60	102	\N	7
322	ia_agente	ia_agente	sucesso	Agente IA (fallback): Sem problemas! É normal ter dúvidas na hora de escolher um curso. Posso te ajudar com informações so. Retornando para questao 144	{}	2026-04-10 04:12:20.753032-03	60	102	\N	7
348	questao	texto	sucesso	Resposta recebida: Direito	{"resposta": "Direito"}	2026-04-10 04:19:35.605769-03	62	103	\N	7
349	questao	texto	sucesso	IA classificou como: curso_valido	{"valor": "curso_valido", "variavel": "validacao_curso"}	2026-04-10 04:19:37.744318-03	62	103	\N	7
350	questao	texto	sucesso	IA extraiu: {'curso_interesse': 'Direito', 'classificacao': 'curso_valido'}	{"campos": {"classificacao": "curso_valido", "curso_interesse": "Direito"}}	2026-04-10 04:19:39.039387-03	62	103	\N	7
370	questao	texto	sucesso	Resposta recebida: Direito	{"resposta": "Direito"}	2026-04-10 04:20:54.012572-03	63	104	\N	7
323	questao	texto	sucesso	Resposta recebida: Direito	{"resposta": "Direito"}	2026-04-10 04:12:26.78657-03	60	102	\N	7
324	questao	texto	sucesso	IA classificou como: curso_valido	{"valor": "curso_valido", "variavel": "validacao_curso"}	2026-04-10 04:12:29.63384-03	60	102	\N	7
325	questao	texto	sucesso	IA extraiu: {'curso_interesse': 'Direito', 'classificacao': 'curso_valido'}	{"campos": {"classificacao": "curso_valido", "curso_interesse": "Direito"}}	2026-04-10 04:12:31.282821-03	60	102	\N	7
326	condicao	campo_check	sucesso	Condicao: var.validacao_curso igual curso_valido → true	{"branch": "true", "resultado": true}	2026-04-10 04:12:31.286904-03	60	102	\N	7
327	questao	select	aguardando	Pergunta: Antes de continuar, como voce conheceu a FATEPI?	{}	2026-04-10 04:12:31.290513-03	60	102	\N	7
328	entrada	inicio_fluxo	sucesso	Fluxo iniciado	{}	2026-04-10 04:15:00.81451-03	61	99	\N	7
329	questao	texto	sucesso	Mensagem enviada: Ola! Sou o Pedro, consultor de ingresso da FATEPI/FAESPI. Que bom ter voce aqui!	{}	2026-04-10 04:15:00.82802-03	61	99	\N	7
330	questao	texto	aguardando	Pergunta: Qual o seu nome completo?	{}	2026-04-10 04:15:00.832083-03	61	99	\N	7
351	condicao	campo_check	sucesso	Condicao: var.validacao_curso igual curso_valido → true	{"branch": "true", "resultado": true}	2026-04-10 04:19:39.042388-03	62	103	\N	7
352	acao	criar_oportunidade	sucesso	Acao executada: criar_oportunidade	{}	2026-04-10 04:19:39.053094-03	62	103	\N	7
353	acao	mover_estagio	sucesso	Acao executada: mover_estagio	{}	2026-04-10 04:19:39.061318-03	62	103	\N	7
354	questao	texto	aguardando	Pergunta: O curso e presencial, de segunda a sexta, das 18h30 as 21h40. Como voce pretende ingressar: Nota do ENEM, Prova Online ou Transferencia?	{}	2026-04-10 04:19:39.063989-03	62	103	\N	7
371	questao	texto	sucesso	IA classificou como: curso_valido	{"valor": "curso_valido", "variavel": "validacao_curso"}	2026-04-10 04:20:57.444395-03	63	104	\N	7
372	questao	texto	sucesso	IA extraiu: {'curso_interesse': 'Direito', 'classificacao': 'curso_valido'}	{"campos": {"classificacao": "curso_valido", "curso_interesse": "Direito"}}	2026-04-10 04:20:59.069167-03	63	104	\N	7
373	condicao	campo_check	sucesso	Condicao: var.validacao_curso igual curso_valido → true	{"branch": "true", "resultado": true}	2026-04-10 04:20:59.073682-03	63	104	\N	7
374	acao	criar_oportunidade	sucesso	Acao executada: criar_oportunidade	{}	2026-04-10 04:20:59.082871-03	63	104	\N	7
375	acao	mover_estagio	sucesso	Acao executada: mover_estagio	{}	2026-04-10 04:20:59.08723-03	63	104	\N	7
376	questao	texto	aguardando	Pergunta: O curso e presencial, de segunda a sexta, das 18h30 as 21h40. Como voce pretende ingressar: Nota do ENEM, Prova Online ou Transferencia?	{}	2026-04-10 04:20:59.090364-03	63	104	\N	7
334	questao	texto	sucesso	Resposta recebida: Ainda não sei	{"resposta": "Ainda não sei"}	2026-04-10 04:15:13.575418-03	61	99	\N	7
335	questao	texto	fallback	Validacao falhou, redirecionando para fallback: O usuário ainda não sabe qual curso escolher, portanto a resposta é considerada inválida.	{}	2026-04-10 04:15:14.770749-03	61	99	\N	7
336	ia_agente	ia_agente	sucesso	Agente IA (fallback): Entendo, Lucas! Não tem problema em ainda estar decidindo. Se precisar de informações sobre os curso. Retornando para questao 144	{}	2026-04-10 04:15:16.831514-03	61	99	\N	7
753	condicao	campo_check	sucesso	Condicao: var.validacao_curso igual curso_valido → true	{"branch": "true", "resultado": true}	2026-04-10 06:47:36.563967-03	82	122	\N	7
754	acao	criar_oportunidade	sucesso	Acao executada: criar_oportunidade	{}	2026-04-10 06:47:36.570531-03	82	122	\N	7
755	acao	mover_estagio	sucesso	Acao executada: mover_estagio	{}	2026-04-10 06:47:36.57375-03	82	122	\N	7
767	questao	texto	sucesso	Resposta recebida: Enviei	{"resposta": "Enviei"}	2026-04-10 06:48:09.068534-03	82	122	\N	7
734	questao	texto	sucesso	Resposta recebida: Enem	{"resposta": "Enem"}	2026-04-10 06:46:19.974843-03	81	121	\N	7
1371	questao	texto	sucesso	Resposta recebida: efetuei o pagamento	{"resposta": "efetuei o pagamento"}	2026-04-10 13:05:04.95539-03	106	144	231	7
1372	questao	select	aguardando	Pergunta: Antes de continuar, como voce conheceu a FATEPI?	{}	2026-04-10 13:05:04.986868-03	106	144	227	7
811	questao	texto	sucesso	Resposta recebida: Pagamento efetuado	{"resposta": "Pagamento efetuado"}	2026-04-10 06:51:57.618445-03	83	123	\N	7
812	questao	select	aguardando	Pergunta: Antes de continuar, como voce conheceu a FATEPI?	{}	2026-04-10 06:51:57.635672-03	83	123	\N	7
911	questao	texto	sucesso	Resposta recebida: Lucas Rodrigues	{"resposta": "Lucas Rodrigues"}	2026-04-10 10:50:15.294354-03	87	125	\N	7
331	questao	texto	sucesso	Resposta recebida: Lucas Rodrigues	{"resposta": "Lucas Rodrigues"}	2026-04-10 04:15:06.221418-03	61	99	\N	7
332	questao	texto	sucesso	IA extraiu: {'nome_razaosocial': 'Lucas Rodrigues'}	{"campos": {"nome_razaosocial": "Lucas Rodrigues"}}	2026-04-10 04:15:09.951698-03	61	99	\N	7
333	questao	texto	aguardando	Pergunta: Prazer! Qual curso voce tem interesse? Nossos cursos: Direito, Sistemas de Informacao, Psicologia, Enfermagem, Fisioterapia, Administracao, Ciencias Contabeis, Pedagogia, Fonoaudiologia, Educacao Fisica, Servico Social.	{}	2026-04-10 04:15:09.959749-03	61	99	\N	7
355	questao	texto	sucesso	Resposta recebida: `Prova online	{"resposta": "`Prova online"}	2026-04-10 04:19:45.216268-03	62	103	\N	7
356	questao	texto	sucesso	IA extraiu: {'forma_ingresso': 'Prova Online'}	{"campos": {"forma_ingresso": "Prova Online"}}	2026-04-10 04:19:47.826821-03	62	103	\N	7
357	acao	mover_estagio	sucesso	Acao executada: mover_estagio	{}	2026-04-10 04:19:47.830972-03	62	103	\N	7
358	ia_respondedor	ia_respondedor	aguardando	IA respondeu: Aqui estão os valores para o curso de Direito via Prova Online:\n\n- Valor Integral: R$ 1.500,00\n- Mat	{}	2026-04-10 04:19:54.036293-03	62	103	\N	7
377	questao	texto	sucesso	Resposta recebida: Enem	{"resposta": "Enem"}	2026-04-10 04:21:00.491433-03	63	104	\N	7
378	questao	texto	sucesso	IA extraiu: {'forma_ingresso': 'ENEM'}	{"campos": {"forma_ingresso": "ENEM"}}	2026-04-10 04:21:04.009134-03	63	104	\N	7
379	acao	mover_estagio	sucesso	Acao executada: mover_estagio	{}	2026-04-10 04:21:04.01215-03	63	104	\N	7
380	ia_respondedor	ia_respondedor	aguardando	IA respondeu: Pedro Paulo, vamos aos valores para você que escolheu o curso de Direito e vai ingressar via ENEM:\n\n	{}	2026-04-10 04:21:07.954234-03	63	104	\N	7
359	questao	texto	sucesso	Mensagem enviada: 	{}	2026-04-10 04:20:11.522827-03	62	103	\N	7
305	entrada	inicio_fluxo	sucesso	Fluxo iniciado	{}	2026-04-10 04:04:31.254023-03	58	100	\N	7
306	questao	texto	sucesso	Mensagem enviada: Ola! Sou o Pedro, consultor de ingresso da FATEPI/FAESPI. Que bom ter voce aqui!	{}	2026-04-10 04:04:31.270194-03	58	100	\N	7
307	questao	texto	sucesso	Pulou questao: nome_razaosocial ja preenchido (Lead Teste)	{}	2026-04-10 04:04:31.277903-03	58	100	\N	7
308	questao	texto	sucesso	IA extraiu: {'nome_razaosocial': 'Teste'}	{"campos": {"nome_razaosocial": "Teste"}}	2026-04-10 04:04:34.079996-03	58	100	\N	7
309	questao	texto	aguardando	Pergunta: Prazer! Qual curso voce tem interesse? Nossos cursos: Direito, Sistemas de Informacao, Psicologia, Enfermagem, Fisioterapia, Administracao, Ciencias Contabeis, Pedagogia, Fonoaudiologia, Educacao Fisica, Servico Social.	{}	2026-04-10 04:04:34.087152-03	58	100	\N	7
337	questao	texto	sucesso	Resposta recebida: Direito	{"resposta": "Direito"}	2026-04-10 04:15:24.036388-03	61	99	\N	7
338	questao	texto	sucesso	IA classificou como: curso_valido	{"valor": "curso_valido", "variavel": "validacao_curso"}	2026-04-10 04:15:26.623809-03	61	99	\N	7
339	questao	texto	sucesso	IA extraiu: {'curso_interesse': 'Direito', 'classificacao': 'curso_valido'}	{"campos": {"classificacao": "curso_valido", "curso_interesse": "Direito"}}	2026-04-10 04:15:27.884247-03	61	99	\N	7
340	condicao	campo_check	sucesso	Condicao: var.validacao_curso igual curso_valido → true	{"branch": "true", "resultado": true}	2026-04-10 04:15:27.886752-03	61	99	\N	7
341	questao	select	aguardando	Pergunta: Antes de continuar, como voce conheceu a FATEPI?	{}	2026-04-10 04:15:27.889454-03	61	99	\N	7
360	questao	texto	sucesso	IA classificou como: sim	{"valor": "sim", "variavel": "decisao_matricula"}	2026-04-10 04:20:12.538608-03	62	103	\N	7
361	condicao	campo_check	sucesso	Condicao: var.decisao_matricula igual sim → true	{"branch": "true", "resultado": true}	2026-04-10 04:20:12.542238-03	62	103	\N	7
362	acao	mover_estagio	sucesso	Acao executada: mover_estagio	{}	2026-04-10 04:20:12.549608-03	62	103	\N	7
363	questao	texto	aguardando	Pergunta: Excelente! Para garantir sua vaga, realize o pagamento pelo PIX abaixo:\n\nPIX: 00020126580014br.gov.bcb.pix013652d3c4c3-6213-459a-bd59-ac47480dd1945204000053039865802BR5925GILCIFRAN VIEIRA DE SOUSA6008TERESINA62070503***630427D9\n\nAssim que realizar o pagamento, me envie o comprovante!\nNosso horario de confirmacao e de segunda a sexta, das 8h as 18h.	{}	2026-04-10 04:20:12.551609-03	62	103	\N	7
381	questao	texto	sucesso	Mensagem enviada: 	{}	2026-04-10 04:21:15.547705-03	63	104	\N	7
382	questao	texto	sucesso	IA classificou como: sim	{"valor": "sim", "variavel": "decisao_matricula"}	2026-04-10 04:21:16.984709-03	63	104	\N	7
247	entrada	inicio_fluxo	sucesso	Fluxo iniciado	{}	2026-04-09 23:20:39.751201-03	53	99	\N	7
912	ia_agente	ia_agente	sucesso	Agente IA (fallback): Olá, Lucas! Obrigado por enviar seu nome completo. Se precisar de mais informações ou ajuda durante . Retornando para questao 190	{}	2026-04-10 10:50:32.552976-03	87	125	\N	7
386	entrada	inicio_fluxo	sucesso	Fluxo iniciado	{}	2026-04-10 04:23:10.13896-03	64	105	\N	7
1373	questao	select	sucesso	Resposta recebida: Instagram	{"resposta": "Instagram"}	2026-04-10 13:05:11.320773-03	106	144	227	7
1374	questao	select	sucesso	IA extraiu: {'como_conheceu': 'Instagram'}	{"campos": {"como_conheceu": "Instagram"}}	2026-04-10 13:05:15.795583-03	106	144	227	7
1375	acao	mover_estagio	sucesso	Acao executada: mover_estagio	{}	2026-04-10 13:05:15.801592-03	106	144	232	7
130	questao	texto	aguardando	Pergunta: Prazer! Qual curso voce tem interesse? Nossos cursos: Direito, Sistemas de Informacao, Psicologia, Enfermagem, Fisioterapia, Administracao, Ciencias Contabeis, Pedagogia, Fonoaudiologia, Educacao Fisica, Servico Social.	{}	2026-04-09 16:07:34.657096-03	48	93	\N	7
132	questao	texto	sucesso	IA classificou como: curso_valido	{"valor": "curso_valido", "variavel": "validacao_curso"}	2026-04-09 16:07:38.712903-03	48	93	\N	7
133	questao	texto	sucesso	IA extraiu: {'curso_interesse': 'Direito', 'classificacao': 'curso_valido'}	{"campos": {"classificacao": "curso_valido", "curso_interesse": "Direito"}}	2026-04-09 16:07:40.212199-03	48	93	\N	7
134	condicao	campo_check	sucesso	Condicao: var.validacao_curso igual curso_valido → true	{"branch": "true", "resultado": true}	2026-04-09 16:07:40.215085-03	48	93	\N	7
135	acao	criar_oportunidade	sucesso	Acao executada: criar_oportunidade	{}	2026-04-09 16:07:40.224786-03	48	93	\N	7
136	acao	mover_estagio	sucesso	Acao executada: mover_estagio	{}	2026-04-09 16:07:40.2289-03	48	93	\N	7
137	questao	texto	aguardando	Pergunta: O curso e presencial, de segunda a sexta, das 18h30 as 21h40. Como voce pretende ingressar: Nota do ENEM, Prova Online ou Transferencia?	{}	2026-04-09 16:07:40.233902-03	48	93	\N	7
138	questao	texto	sucesso	Resposta recebida: Nota do ENEM	{"resposta": "Nota do ENEM"}	2026-04-09 16:07:40.244719-03	48	93	\N	7
139	questao	texto	sucesso	IA extraiu: {'forma_ingresso': 'ENEM'}	{"campos": {"forma_ingresso": "ENEM"}}	2026-04-09 16:07:43.209543-03	48	93	\N	7
140	acao	mover_estagio	sucesso	Acao executada: mover_estagio	{}	2026-04-09 16:07:43.217131-03	48	93	\N	7
141	ia_respondedor	ia_respondedor	aguardando	IA respondeu: Desculpe, mas não tenho acesso à nota do ENEM do candidato João Silva. Para prosseguir, poderíamos d	{}	2026-04-09 16:07:44.954945-03	48	93	\N	7
142	questao	texto	sucesso	Mensagem enviada: 	{}	2026-04-09 16:07:44.981762-03	48	93	\N	7
143	questao	texto	sucesso	IA classificou como: sim	{"valor": "sim", "variavel": "decisao_matricula"}	2026-04-09 16:07:46.296432-03	48	93	\N	7
223	ia_agente	ia_agente	aguardando	Agente IA turno 2: Parece que você mencionou "ngrok", que é uma ferramenta usada para expor servidores locais por meio 	{}	2026-04-09 16:52:11.091667-03	51	97	\N	7
1376	finalizacao	finalizar	sucesso	Fluxo finalizado. Score: 10	{"score": 10, "tempo_total": 105}	2026-04-10 13:05:15.821411-03	106	144	236	7
813	questao	select	sucesso	Resposta recebida: Google	{"resposta": "Google"}	2026-04-10 06:52:00.280177-03	83	123	\N	7
814	questao	select	sucesso	IA extraiu: {'como_conheceu': 'Google'}	{"campos": {"como_conheceu": "Google"}}	2026-04-10 06:52:03.703735-03	83	123	\N	7
815	acao	mover_estagio	sucesso	Acao executada: mover_estagio	{}	2026-04-10 06:52:03.710259-03	83	123	\N	7
816	transferir_humano	transferir_humano	sucesso	Transferido para humano. Fila: 6	{"fila_id": "6", "conversa_id": null}	2026-04-10 06:52:03.718576-03	83	123	\N	7
248	questao	texto	sucesso	Pulou questao: nome_razaosocial ja preenchido (Lead Teste)	{}	2026-04-09 23:20:39.764351-03	53	99	\N	7
249	questao	texto	sucesso	IA extraiu: {'nome_razaosocial': 'Teste'}	{"campos": {"nome_razaosocial": "Teste"}}	2026-04-09 23:20:42.014834-03	53	99	\N	7
250	questao	texto	aguardando	Pergunta: Prazer! Qual curso voce tem interesse? Nossos cursos: Direito, Sistemas de Informacao, Psicologia, Enfermagem, Fisioterapia, Administracao, Ciencias Contabeis, Pedagogia, Fonoaudiologia, Educacao Fisica, Servico Social.	{}	2026-04-09 23:20:42.019429-03	53	99	\N	7
251	questao	texto	sucesso	Resposta recebida: po	{"resposta": "po"}	2026-04-09 23:20:42.521557-03	53	99	\N	7
252	questao	texto	fallback	Validacao falhou, redirecionando para fallback: A resposta 'po' não corresponde a nenhum dos cursos disponíveis.	{}	2026-04-09 23:20:44.954878-03	53	99	\N	7
253	ia_agente	ia_agente	sucesso	Agente IA (fallback): Olá! Como posso ajudar você hoje? Se tiver alguma dúvida sobre a inscrição ou qualquer outro tema re. Retornando para questao 122	{}	2026-04-09 23:20:46.623761-03	53	99	\N	7
254	entrada	inicio_fluxo	sucesso	Fluxo iniciado	{}	2026-04-09 23:21:12.970663-03	54	99	\N	7
255	questao	texto	sucesso	Pulou questao: nome_razaosocial ja preenchido (Lead Teste)	{}	2026-04-09 23:21:12.97503-03	54	99	\N	7
256	questao	texto	sucesso	IA extraiu: {'nome_razaosocial': 'Teste'}	{"campos": {"nome_razaosocial": "Teste"}}	2026-04-09 23:21:14.679701-03	54	99	\N	7
257	questao	texto	aguardando	Pergunta: Prazer! Qual curso voce tem interesse? Nossos cursos: Direito, Sistemas de Informacao, Psicologia, Enfermagem, Fisioterapia, Administracao, Ciencias Contabeis, Pedagogia, Fonoaudiologia, Educacao Fisica, Servico Social.	{}	2026-04-09 23:21:14.683259-03	54	99	\N	7
258	entrada	inicio_fluxo	sucesso	Fluxo iniciado	{}	2026-04-09 23:21:19.712895-03	55	99	\N	7
259	questao	texto	sucesso	Pulou questao: nome_razaosocial ja preenchido (Lead Teste)	{}	2026-04-09 23:21:19.719063-03	55	99	\N	7
260	questao	texto	sucesso	IA extraiu: {'nome_razaosocial': 'Teste'}	{"campos": {"nome_razaosocial": "Teste"}}	2026-04-09 23:21:20.733224-03	55	99	\N	7
261	questao	texto	aguardando	Pergunta: Prazer! Qual curso voce tem interesse? Nossos cursos: Direito, Sistemas de Informacao, Psicologia, Enfermagem, Fisioterapia, Administracao, Ciencias Contabeis, Pedagogia, Fonoaudiologia, Educacao Fisica, Servico Social.	{}	2026-04-09 23:21:20.738811-03	55	99	\N	7
262	entrada	inicio_fluxo	sucesso	Fluxo iniciado	{}	2026-04-09 23:21:33.418875-03	56	92	\N	7
263	questao	texto	sucesso	Pulou questao: nome_razaosocial ja preenchido (Lead Teste)	{}	2026-04-09 23:21:33.424921-03	56	92	\N	7
264	questao	texto	sucesso	IA extraiu: {'nome_razaosocial': 'Teste'}	{"campos": {"nome_razaosocial": "Teste"}}	2026-04-09 23:21:34.343006-03	56	92	\N	7
265	questao	texto	aguardando	Pergunta: Prazer! Qual curso voce tem interesse? Nossos cursos: Direito, Sistemas de Informacao, Psicologia, Enfermagem, Fisioterapia, Administracao, Ciencias Contabeis, Pedagogia, Fonoaudiologia, Educacao Fisica, Servico Social.	{}	2026-04-09 23:21:34.347089-03	56	92	\N	7
266	questao	texto	sucesso	Resposta recebida: Não sei ainda	{"resposta": "Não sei ainda"}	2026-04-09 23:21:46.117052-03	56	92	\N	7
267	questao	texto	fallback	Validacao falhou, redirecionando para fallback: A resposta 'Não sei ainda' não corresponde a um curso válido da lista fornecida.	{}	2026-04-09 23:21:47.689523-03	56	92	\N	7
268	ia_agente	ia_agente	sucesso	Agente IA (fallback): Entendo que você pode estar em dúvida sobre algum aspecto do processo de inscrição ou da faculdade. . Retornando para questao 122	{}	2026-04-09 23:21:49.167142-03	56	92	\N	7
269	questao	texto	sucesso	Resposta recebida: Me explique mais sobre o curso de direito	{"resposta": "Me explique mais sobre o curso de direito"}	2026-04-09 23:23:29.077827-03	56	92	\N	7
270	questao	texto	sucesso	IA classificou como: curso_invalido	{"valor": "curso_invalido", "variavel": "validacao_curso"}	2026-04-09 23:23:32.430723-03	56	92	\N	7
271	questao	texto	sucesso	IA extraiu: {'curso_interesse': 'Direito', 'classificacao': 'curso_valido'}	{"campos": {"classificacao": "curso_valido", "curso_interesse": "Direito"}}	2026-04-09 23:23:33.444029-03	56	92	\N	7
272	condicao	campo_check	sucesso	Condicao: var.validacao_curso igual curso_valido → false	{"branch": "false", "resultado": false}	2026-04-09 23:23:33.447088-03	56	92	\N	7
273	questao	texto	aguardando	Pergunta: Desculpe, nao temos esse curso. Nossos cursos: Direito, Sistemas de Informacao, Psicologia, Enfermagem, Fisioterapia, Administracao, Ciencias Contabeis, Pedagogia, Fonoaudiologia, Educacao Fisica, Servico Social. Qual te interessa?	{}	2026-04-09 23:23:33.449298-03	56	92	\N	7
274	questao	texto	sucesso	Resposta recebida: Direito	{"resposta": "Direito"}	2026-04-09 23:23:39.456765-03	56	92	\N	7
275	questao	texto	sucesso	IA classificou como: curso_valido	{"valor": "curso_valido", "variavel": "validacao_curso"}	2026-04-09 23:23:41.4847-03	56	92	\N	7
276	questao	texto	sucesso	IA extraiu: {'curso_interesse': 'Direito'}	{"campos": {"curso_interesse": "Direito"}}	2026-04-09 23:23:43.166514-03	56	92	\N	7
277	condicao	campo_check	sucesso	Condicao: var.validacao_curso igual curso_valido → true	{"branch": "true", "resultado": true}	2026-04-09 23:23:43.171106-03	56	92	\N	7
278	acao	criar_oportunidade	sucesso	Acao executada: criar_oportunidade	{}	2026-04-09 23:23:43.182059-03	56	92	\N	7
279	acao	mover_estagio	sucesso	Acao executada: mover_estagio	{}	2026-04-09 23:23:43.184606-03	56	92	\N	7
280	questao	texto	aguardando	Pergunta: O curso e presencial, de segunda a sexta, das 18h30 as 21h40. Como voce pretende ingressar: Nota do ENEM, Prova Online ou Transferencia?	{}	2026-04-09 23:23:43.187648-03	56	92	\N	7
281	questao	texto	sucesso	Resposta recebida: Como funciona pela nota do Enem	{"resposta": "Como funciona pela nota do Enem"}	2026-04-09 23:23:48.820484-03	56	92	\N	7
282	questao	texto	sucesso	IA extraiu: {'forma_ingresso': 'ENEM'}	{"campos": {"forma_ingresso": "ENEM"}}	2026-04-09 23:23:51.264189-03	56	92	\N	7
283	acao	mover_estagio	sucesso	Acao executada: mover_estagio	{}	2026-04-09 23:23:51.269203-03	56	92	\N	7
284	ia_respondedor	ia_respondedor	aguardando	IA respondeu: O ingresso via ENEM na FATEPI/FAESPI funciona com a utilização da sua nota do exame para garantir um	{}	2026-04-09 23:23:53.541926-03	56	92	\N	7
285	entrada	inicio_fluxo	sucesso	Fluxo iniciado	{}	2026-04-09 23:30:27.976019-03	57	92	\N	7
1377	entrada	inicio_fluxo	sucesso	Fluxo iniciado	{}	2026-04-10 13:05:31.643106-03	107	145	213	7
286	questao	texto	sucesso	Pulou questao: nome_razaosocial ja preenchido (Lead Teste)	{}	2026-04-09 23:30:27.989689-03	57	92	\N	7
287	questao	texto	sucesso	IA extraiu: {'nome_razaosocial': 'Teste'}	{"campos": {"nome_razaosocial": "Teste"}}	2026-04-09 23:30:29.536838-03	57	92	\N	7
288	questao	texto	aguardando	Pergunta: Prazer! Qual curso voce tem interesse? Nossos cursos: Direito, Sistemas de Informacao, Psicologia, Enfermagem, Fisioterapia, Administracao, Ciencias Contabeis, Pedagogia, Fonoaudiologia, Educacao Fisica, Servico Social.	{}	2026-04-09 23:30:29.53993-03	57	92	\N	7
289	questao	texto	sucesso	Resposta recebida: Direito	{"resposta": "Direito"}	2026-04-09 23:30:33.709532-03	57	92	\N	7
290	questao	texto	sucesso	IA classificou como: curso_valido	{"valor": "curso_valido", "variavel": "validacao_curso"}	2026-04-09 23:30:37.010651-03	57	92	\N	7
291	questao	texto	sucesso	IA extraiu: {'curso_interesse': 'Direito', 'classificacao': 'curso_valido'}	{"campos": {"classificacao": "curso_valido", "curso_interesse": "Direito"}}	2026-04-09 23:30:38.302154-03	57	92	\N	7
292	condicao	campo_check	sucesso	Condicao: var.validacao_curso igual curso_valido → true	{"branch": "true", "resultado": true}	2026-04-09 23:30:38.306179-03	57	92	\N	7
293	acao	criar_oportunidade	sucesso	Acao executada: criar_oportunidade	{}	2026-04-09 23:30:38.312706-03	57	92	\N	7
294	acao	mover_estagio	sucesso	Acao executada: mover_estagio	{}	2026-04-09 23:30:38.317215-03	57	92	\N	7
295	questao	texto	aguardando	Pergunta: O curso e presencial, de segunda a sexta, das 18h30 as 21h40. Como voce pretende ingressar: Nota do ENEM, Prova Online ou Transferencia?	{}	2026-04-09 23:30:38.318724-03	57	92	\N	7
296	questao	texto	sucesso	Resposta recebida: Como funciona pela nota do Enem	{"resposta": "Como funciona pela nota do Enem"}	2026-04-09 23:30:40.858346-03	57	92	\N	7
297	questao	texto	sucesso	IA extraiu: {'forma_ingresso': 'ENEM'}	{"campos": {"forma_ingresso": "ENEM"}}	2026-04-09 23:30:44.101873-03	57	92	\N	7
298	acao	mover_estagio	sucesso	Acao executada: mover_estagio	{}	2026-04-09 23:30:44.106471-03	57	92	\N	7
299	ia_respondedor	ia_respondedor	aguardando	IA respondeu: O ingresso por meio da nota do ENEM (Exame Nacional do Ensino Médio) permite que você utilize sua po	{}	2026-04-09 23:30:47.421164-03	57	92	\N	7
300	questao	texto	sucesso	Mensagem enviada: 	{}	2026-04-09 23:31:09.699879-03	57	92	\N	7
301	questao	texto	sucesso	IA classificou como: sim	{"valor": "sim", "variavel": "decisao_matricula"}	2026-04-09 23:31:10.795271-03	57	92	\N	7
302	condicao	campo_check	sucesso	Condicao: var.decisao_matricula igual sim → true	{"branch": "true", "resultado": true}	2026-04-09 23:31:10.800309-03	57	92	\N	7
303	acao	mover_estagio	sucesso	Acao executada: mover_estagio	{}	2026-04-09 23:31:10.812204-03	57	92	\N	7
304	questao	texto	aguardando	Pergunta: Excelente! Para garantir sua vaga, realize o pagamento pelo PIX abaixo:\n\nPIX: 00020126580014br.gov.bcb.pix013652d3c4c3-6213-459a-bd59-ac47480dd1945204000053039865802BR5925GILCIFRAN VIEIRA DE SOUSA6008TERESINA62070503***630427D9\n\nAssim que realizar o pagamento, me envie o comprovante!	{}	2026-04-09 23:31:10.815204-03	57	92	\N	7
1378	questao	texto	sucesso	Mensagem enviada: Ola! Sou o Pedro, consultor de ingresso da FATEPI/FAESPI. Que bom ter voce aqui!	{}	2026-04-10 13:05:31.650668-03	107	145	212	7
1379	questao	texto	aguardando	Pergunta: Qual o seu nome completo?	{}	2026-04-10 13:05:31.655024-03	107	145	214	7
818	questao	texto	sucesso	Mensagem enviada: Ola! Sou o Pedro, consultor de ingresso da FATEPI/FAESPI. Que bom ter voce aqui!	{}	2026-04-10 06:54:37.709187-03	84	66	\N	7
819	questao	texto	sucesso	Pulou questao: nome_razaosocial ja preenchido (Lucas Rodrigues)	{}	2026-04-10 06:54:37.712836-03	84	66	\N	7
820	questao	texto	sucesso	IA extraiu: {'nome_razaosocial': 'Lucas Rodrigues'}	{"campos": {"nome_razaosocial": "Lucas Rodrigues"}}	2026-04-10 06:54:39.694651-03	84	66	\N	7
821	questao	texto	aguardando	Pergunta: Prazer! Qual curso voce tem interesse? Nossos cursos: Direito, Sistemas de Informacao, Psicologia, Enfermagem, Fisioterapia, Administracao, Ciencias Contabeis, Pedagogia, Fonoaudiologia, Educacao Fisica, Servico Social.	{}	2026-04-10 06:54:39.699063-03	84	66	\N	7
913	entrada	inicio_fluxo	sucesso	Fluxo iniciado	{}	2026-04-10 10:52:58.142282-03	88	126	\N	7
739	questao	texto	sucesso	IA classificou como: sim	{"valor": "sim", "variavel": "decisao_matricula"}	2026-04-10 06:46:31.076191-03	81	121	\N	7
740	condicao	campo_check	sucesso	Condicao: var.decisao_matricula igual sim → true	{"branch": "true", "resultado": true}	2026-04-10 06:46:31.080588-03	81	121	\N	7
741	acao	mover_estagio	sucesso	Acao executada: mover_estagio	{}	2026-04-10 06:46:31.089547-03	81	121	\N	7
742	condicao	campo_check	sucesso	Condicao: var.oport_dados_custom_forma_ingresso igual ENEM → true	{"branch": "true", "resultado": true}	2026-04-10 06:46:31.091279-03	81	121	\N	7
743	questao	texto	aguardando	Pergunta: Para ingressar via ENEM, preciso que voce envie o print ou foto da sua nota do ENEM (minimo 400 pontos). Pode enviar agora!	{}	2026-04-10 06:46:31.094384-03	81	121	\N	7
383	condicao	campo_check	sucesso	Condicao: var.decisao_matricula igual sim → true	{"branch": "true", "resultado": true}	2026-04-10 04:21:16.990777-03	63	104	\N	7
384	acao	mover_estagio	sucesso	Acao executada: mover_estagio	{}	2026-04-10 04:21:17.000067-03	63	104	\N	7
385	questao	texto	aguardando	Pergunta: Excelente! Para garantir sua vaga, realize o pagamento pelo PIX abaixo:\n\nPIX: 00020126580014br.gov.bcb.pix013652d3c4c3-6213-459a-bd59-ac47480dd1945204000053039865802BR5925GILCIFRAN VIEIRA DE SOUSA6008TERESINA62070503***630427D9\n\nAssim que realizar o pagamento, me envie o comprovante!\nNosso horario de confirmacao e de segunda a sexta, das 8h as 18h.	{}	2026-04-10 04:21:17.002686-03	63	104	\N	7
1380	questao	texto	sucesso	Resposta recebida: Lucas Rodrigues	{"resposta": "Lucas Rodrigues"}	2026-04-10 13:05:35.076048-03	107	145	214	7
1381	questao	texto	sucesso	IA extraiu: {'nome_razaosocial': 'Lucas Rodrigues'}	{"campos": {"nome_razaosocial": "Lucas Rodrigues"}}	2026-04-10 13:05:40.413743-03	107	145	214	7
1382	questao	texto	aguardando	Pergunta: Prazer! Qual curso voce tem interesse? Nossos cursos: Direito, Sistemas de Informacao, Psicologia, Enfermagem, Fisioterapia, Administracao, Ciencias Contabeis, Pedagogia, Fonoaudiologia, Educacao Fisica, Servico Social.	{}	2026-04-10 13:05:40.420734-03	107	145	215	7
822	questao	texto	sucesso	Resposta recebida: Direito	{"resposta": "Direito"}	2026-04-10 06:55:29.881608-03	84	66	\N	7
823	questao	texto	sucesso	IA classificou como: curso_valido	{"valor": "curso_valido", "variavel": "validacao_curso"}	2026-04-10 06:55:32.804351-03	84	66	\N	7
824	questao	texto	sucesso	IA extraiu: {'curso_interesse': 'Direito'}	{"campos": {"curso_interesse": "Direito"}}	2026-04-10 06:55:34.552978-03	84	66	\N	7
825	condicao	campo_check	sucesso	Condicao: var.validacao_curso igual curso_valido → true	{"branch": "true", "resultado": true}	2026-04-10 06:55:34.56182-03	84	66	\N	7
826	acao	criar_oportunidade	sucesso	Acao executada: criar_oportunidade	{}	2026-04-10 06:55:34.571863-03	84	66	\N	7
827	acao	mover_estagio	sucesso	Acao executada: mover_estagio	{}	2026-04-10 06:55:34.580683-03	84	66	\N	7
828	questao	texto	aguardando	Pergunta: O curso e presencial, de segunda a sexta, das 18h30 as 21h40. Como voce pretende ingressar: Nota do ENEM, Prova Online ou Transferencia?	{}	2026-04-10 06:55:34.584212-03	84	66	\N	7
916	questao	texto	sucesso	Resposta recebida: Lucas Rodrigues	{"resposta": "Lucas Rodrigues"}	2026-04-10 10:53:03.1944-03	88	126	\N	7
917	questao	texto	sucesso	IA extraiu: {'nome_razaosocial': 'Lucas Rodrigues'}	{"campos": {"nome_razaosocial": "Lucas Rodrigues"}}	2026-04-10 10:53:12.683473-03	88	126	\N	7
918	questao	texto	aguardando	Pergunta: Prazer! Qual curso voce tem interesse? Nossos cursos: Direito, Sistemas de Informacao, Psicologia, Enfermagem, Fisioterapia, Administracao, Ciencias Contabeis, Pedagogia, Fonoaudiologia, Educacao Fisica, Servico Social.	{}	2026-04-10 10:53:12.687922-03	88	126	\N	7
959	questao	texto	sucesso	Resposta recebida: Qual endereço da faculdade?	{"resposta": "Qual endereço da faculdade?"}	2026-04-10 10:56:11.494785-03	89	127	\N	7
960	questao	select	aguardando	Pergunta: Antes de continuar, como voce conheceu a FATEPI?	{}	2026-04-10 10:56:11.527186-03	89	127	\N	7
1383	questao	texto	sucesso	Resposta recebida: Como funciona o curso de direito?	{"resposta": "Como funciona o curso de direito?"}	2026-04-10 13:05:41.320932-03	107	145	215	7
1384	questao	texto	sucesso	IA extraiu: {'curso_interesse': 'Direito', 'classificacao': 'curso_valido'}	{"campos": {"classificacao": "curso_valido", "curso_interesse": "Direito"}}	2026-04-10 13:05:55.22497-03	107	145	215	7
1385	questao	texto	sucesso	IA classificou (via extracao): curso_valido	{"valor": "curso_valido", "variavel": "validacao_curso"}	2026-04-10 13:05:56.618487-03	107	145	215	7
1386	condicao	campo_check	sucesso	Condicao: var.validacao_curso igual curso_valido → true	{"branch": "true", "resultado": true}	2026-04-10 13:05:56.624999-03	107	145	216	7
1387	acao	criar_oportunidade	sucesso	Acao executada: criar_oportunidade	{}	2026-04-10 13:05:56.632193-03	107	145	218	7
1388	acao	mover_estagio	sucesso	Acao executada: mover_estagio	{}	2026-04-10 13:05:56.634703-03	107	145	219	7
1389	questao	texto	aguardando	Pergunta: O curso e presencial, de segunda a sexta, das 18h30 as 21h40. Como voce pretende ingressar: Nota do ENEM, Prova Online ou Transferencia?	{}	2026-04-10 13:05:56.636705-03	107	145	220	7
795	condicao	campo_check	sucesso	Condicao: var.validacao_curso igual curso_valido → true	{"branch": "true", "resultado": true}	2026-04-10 06:51:26.424162-03	83	123	\N	7
796	acao	criar_oportunidade	sucesso	Acao executada: criar_oportunidade	{}	2026-04-10 06:51:26.438386-03	83	123	\N	7
797	acao	mover_estagio	sucesso	Acao executada: mover_estagio	{}	2026-04-10 06:51:26.441386-03	83	123	\N	7
798	questao	texto	aguardando	Pergunta: O curso e presencial, de segunda a sexta, das 18h30 as 21h40. Como voce pretende ingressar: Nota do ENEM, Prova Online ou Transferencia?	{}	2026-04-10 06:51:26.444505-03	83	123	\N	7
903	questao	select	aguardando	Pergunta: Antes de continuar, como voce conheceu a FATEPI?	{}	2026-04-10 07:14:05.268602-03	86	124	\N	7
947	questao	texto	sucesso	Resposta recebida: Nota do Enem	{"resposta": "Nota do Enem"}	2026-04-10 10:55:26.690665-03	89	127	\N	7
948	questao	texto	sucesso	IA extraiu: {'forma_ingresso': 'ENEM'}	{"campos": {"forma_ingresso": "ENEM"}}	2026-04-10 10:55:37.008822-03	89	127	\N	7
949	acao	mover_estagio	sucesso	Acao executada: mover_estagio	{}	2026-04-10 10:55:37.015822-03	89	127	\N	7
803	questao	texto	sucesso	Mensagem enviada: 	{}	2026-04-10 06:51:45.041469-03	83	123	\N	7
804	questao	texto	sucesso	IA classificou como: sim	{"valor": "sim", "variavel": "decisao_matricula"}	2026-04-10 06:51:46.392933-03	83	123	\N	7
805	condicao	campo_check	sucesso	Condicao: var.decisao_matricula igual sim → true	{"branch": "true", "resultado": true}	2026-04-10 06:51:46.397375-03	83	123	\N	7
806	acao	mover_estagio	sucesso	Acao executada: mover_estagio	{}	2026-04-10 06:51:46.408909-03	83	123	\N	7
807	condicao	campo_check	sucesso	Condicao: var.oport_dados_custom_forma_ingresso igual ENEM → true	{"branch": "true", "resultado": true}	2026-04-10 06:51:46.412519-03	83	123	\N	7
907	transferir_humano	transferir_humano	sucesso	Transferido para humano. Fila: 6	{"fila_id": "6", "conversa_id": 55}	2026-04-10 07:14:18.461729-03	86	124	\N	7
950	ia_respondedor	ia_respondedor	aguardando	IA respondeu: Claro, Pedro Paulo! Vamos aos valores da graduação em Direito ingressando via ENEM:\n\n- Valor Integra	{}	2026-04-10 10:55:43.78815-03	89	127	\N	7
809	questao	texto	sucesso	Resposta recebida: enviado	{"resposta": "enviado"}	2026-04-10 06:51:52.565937-03	83	123	\N	7
810	questao	texto	aguardando	Pergunta: Excelente! Para garantir sua vaga, realize o pagamento pelo PIX abaixo:\n\nPIX: 00020126580014br.gov.bcb.pix013652d3c4c3-6213-459a-bd59-ac47480dd1945204000053039865802BR5925GILCIFRAN VIEIRA DE SOUSA6008TERESINA62070503***630427D9\n\nAssim que realizar o pagamento, me envie o comprovante!\nNosso horario de confirmacao e de segunda a sexta, das 8h as 18h.	{}	2026-04-10 06:51:52.57621-03	83	123	\N	7
908	entrada	inicio_fluxo	sucesso	Fluxo iniciado	{}	2026-04-10 10:50:10.428582-03	87	125	\N	7
909	questao	texto	sucesso	Mensagem enviada: Ola! Sou o Pedro, consultor de ingresso da FATEPI/FAESPI. Que bom ter voce aqui!	{}	2026-04-10 10:50:10.446864-03	87	125	\N	7
910	questao	texto	aguardando	Pergunta: Qual o seu nome completo?	{}	2026-04-10 10:50:10.45339-03	87	125	\N	7
951	questao	texto	sucesso	Mensagem enviada: 	{}	2026-04-10 10:55:53.909611-03	89	127	\N	7
952	questao	texto	sucesso	IA classificou como: sim	{"valor": "sim", "variavel": "decisao_matricula"}	2026-04-10 10:55:59.020675-03	89	127	\N	7
953	condicao	campo_check	sucesso	Condicao: var.decisao_matricula igual sim → true	{"branch": "true", "resultado": true}	2026-04-10 10:55:59.023394-03	89	127	\N	7
954	acao	mover_estagio	sucesso	Acao executada: mover_estagio	{}	2026-04-10 10:55:59.0366-03	89	127	\N	7
955	condicao	campo_check	sucesso	Condicao: var.oport_dados_custom_forma_ingresso igual ENEM → true	{"branch": "true", "resultado": true}	2026-04-10 10:55:59.040843-03	89	127	\N	7
956	questao	texto	aguardando	Pergunta: Para ingressar via ENEM, preciso que voce envie o print ou foto da sua nota do ENEM (minimo 400 pontos). Pode enviar agora!	{}	2026-04-10 10:55:59.043512-03	89	127	\N	7
817	entrada	inicio_fluxo	sucesso	Fluxo iniciado	{}	2026-04-10 06:54:37.688651-03	84	66	\N	7
914	questao	texto	sucesso	Mensagem enviada: Ola! Sou o Pedro, consultor de ingresso da FATEPI/FAESPI. Que bom ter voce aqui!	{}	2026-04-10 10:52:58.147869-03	88	126	\N	7
829	questao	texto	sucesso	Resposta recebida: Nota do Enem	{"resposta": "Nota do Enem"}	2026-04-10 06:55:49.381452-03	84	66	\N	7
830	questao	texto	sucesso	IA extraiu: {'forma_ingresso': 'ENEM'}	{"campos": {"forma_ingresso": "ENEM"}}	2026-04-10 06:55:52.272888-03	84	66	\N	7
831	acao	mover_estagio	sucesso	Acao executada: mover_estagio	{}	2026-04-10 06:55:52.284362-03	84	66	\N	7
832	ia_respondedor	ia_respondedor	aguardando	IA respondeu: Olá Lucas Rodrigues, tudo bem?\n\nAqui estão as informações sobre o curso de Direito na modalidade ENE	{}	2026-04-10 06:55:55.544646-03	84	66	\N	7
1390	questao	texto	sucesso	Resposta recebida: vc poderia me explicar melhor o curso?	{"resposta": "vc poderia me explicar melhor o curso?"}	2026-04-10 13:06:22.883599-03	107	145	220	7
1391	questao	texto	fallback	Validacao falhou, redirecionando para fallback: 	{}	2026-04-10 13:06:24.217927-03	107	145	220	7
1392	questao	texto	sucesso	Tool info_academica: Claro, Lucas! A FATEPI/FAESPI oferece uma variedade de cursos de graduação presenciais. Aqui estão o	{}	2026-04-10 13:06:34.830121-03	107	145	220	7
1393	ia_agente	ia_agente	sucesso	Agente IA (fallback): Claro, Lucas! O curso que você está interessado é presencial e acontece de segunda a sexta-feira, no. Retornando para questao 220	{}	2026-04-10 13:06:37.10469-03	107	145	234	7
915	questao	texto	aguardando	Pergunta: Qual o seu nome completo?	{}	2026-04-10 10:52:58.151872-03	88	126	\N	7
957	questao	texto	sucesso	Resposta recebida: Qual endereço da faculdade?	{"resposta": "Qual endereço da faculdade?"}	2026-04-10 10:56:00.727147-03	89	127	\N	7
958	questao	texto	aguardando	Pergunta: Excelente! Para garantir sua vaga, realize o pagamento pelo PIX abaixo:\n\nPIX: 00020126580014br.gov.bcb.pix013652d3c4c3-6213-459a-bd59-ac47480dd1945204000053039865802BR5925GILCIFRAN VIEIRA DE SOUSA6008TERESINA62070503***630427D9\n\nAssim que realizar o pagamento, me envie o comprovante!\nNosso horario de confirmacao e de segunda a sexta, das 8h as 18h.	{}	2026-04-10 10:56:00.756845-03	89	127	\N	7
919	questao	texto	sucesso	Resposta recebida: Direito	{"resposta": "Direito"}	2026-04-10 10:53:15.633147-03	88	126	\N	7
920	questao	texto	sucesso	IA classificou como: curso_valido	{"valor": "curso_valido", "variavel": "validacao_curso"}	2026-04-10 10:53:23.515449-03	88	126	\N	7
921	questao	texto	sucesso	IA extraiu: {'curso_interesse': 'Direito'}	{"campos": {"curso_interesse": "Direito"}}	2026-04-10 10:53:26.695199-03	88	126	\N	7
922	condicao	campo_check	sucesso	Condicao: var.validacao_curso igual curso_valido → true	{"branch": "true", "resultado": true}	2026-04-10 10:53:26.699508-03	88	126	\N	7
923	acao	criar_oportunidade	sucesso	Acao executada: criar_oportunidade	{}	2026-04-10 10:53:26.709526-03	88	126	\N	7
924	acao	mover_estagio	sucesso	Acao executada: mover_estagio	{}	2026-04-10 10:53:26.716038-03	88	126	\N	7
925	questao	texto	aguardando	Pergunta: O curso e presencial, de segunda a sexta, das 18h30 as 21h40. Como voce pretende ingressar: Nota do ENEM, Prova Online ou Transferencia?	{}	2026-04-10 10:53:26.718381-03	88	126	\N	7
833	questao	texto	sucesso	Mensagem enviada: 	{}	2026-04-10 06:56:07.602907-03	84	66	\N	7
834	questao	texto	sucesso	IA classificou como: sim	{"valor": "sim", "variavel": "decisao_matricula"}	2026-04-10 06:56:08.624668-03	84	66	\N	7
835	condicao	campo_check	sucesso	Condicao: var.decisao_matricula igual sim → true	{"branch": "true", "resultado": true}	2026-04-10 06:56:08.628882-03	84	66	\N	7
836	acao	mover_estagio	sucesso	Acao executada: mover_estagio	{}	2026-04-10 06:56:08.636819-03	84	66	\N	7
837	condicao	campo_check	sucesso	Condicao: var.oport_dados_custom_forma_ingresso igual ENEM → true	{"branch": "true", "resultado": true}	2026-04-10 06:56:08.640563-03	84	66	\N	7
838	questao	texto	aguardando	Pergunta: Para ingressar via ENEM, preciso que voce envie o print ou foto da sua nota do ENEM (minimo 400 pontos). Pode enviar agora!	{}	2026-04-10 06:56:08.644268-03	84	66	\N	7
878	entrada	inicio_fluxo	sucesso	Fluxo iniciado	{}	2026-04-10 07:12:27.957855-03	86	124	\N	7
879	questao	texto	sucesso	Mensagem enviada: Ola! Sou o Pedro, consultor de ingresso da FATEPI/FAESPI. Que bom ter voce aqui!	{}	2026-04-10 07:12:27.969009-03	86	124	\N	7
880	questao	texto	sucesso	Pulou questao: nome_razaosocial ja preenchido (Lucas Rodrigues)	{}	2026-04-10 07:12:27.972859-03	86	124	\N	7
881	questao	texto	sucesso	IA extraiu: {'nome_razaosocial': 'Lucas Rodrigues'}	{"campos": {"nome_razaosocial": "Lucas Rodrigues"}}	2026-04-10 07:12:30.052486-03	86	124	\N	7
882	questao	texto	aguardando	Pergunta: Prazer! Qual curso voce tem interesse? Nossos cursos: Direito, Sistemas de Informacao, Psicologia, Enfermagem, Fisioterapia, Administracao, Ciencias Contabeis, Pedagogia, Fonoaudiologia, Educacao Fisica, Servico Social.	{}	2026-04-10 07:12:30.057055-03	86	124	\N	7
926	questao	texto	sucesso	Resposta recebida: Nota do Enem	{"resposta": "Nota do Enem"}	2026-04-10 10:53:33.761355-03	88	126	\N	7
927	questao	texto	sucesso	IA extraiu: {'forma_ingresso': 'ENEM'}	{"campos": {"forma_ingresso": "ENEM"}}	2026-04-10 10:53:41.644162-03	88	126	\N	7
928	acao	mover_estagio	sucesso	Acao executada: mover_estagio	{}	2026-04-10 10:53:41.6497-03	88	126	\N	7
929	ia_respondedor	ia_respondedor	aguardando	IA respondeu: Lucas Rodrigues, para o curso de Direito, temos os seguintes valores:\n\nENEM:\n- Valor Integral: R$ 1.	{}	2026-04-10 10:53:53.143018-03	88	126	\N	7
930	questao	texto	sucesso	Mensagem enviada: 	{}	2026-04-10 10:54:09.308362-03	88	126	\N	7
1280	entrada	inicio_fluxo	sucesso	Fluxo iniciado	{}	2026-04-10 12:36:59.23693-03	103	141	213	7
1281	questao	texto	sucesso	Mensagem enviada: Ola! Sou o Pedro, consultor de ingresso da FATEPI/FAESPI. Que bom ter voce aqui!	{}	2026-04-10 12:36:59.276743-03	103	141	212	7
1282	questao	texto	aguardando	Pergunta: Qual o seu nome completo?	{}	2026-04-10 12:36:59.283309-03	103	141	214	7
1283	questao	texto	sucesso	Resposta recebida: Quanto custa direito?	{"resposta": "Quanto custa direito?"}	2026-04-10 12:36:59.293913-03	103	141	214	7
1284	questao	texto	fallback	Validacao falhou, redirecionando para fallback: 	{}	2026-04-10 12:37:05.86477-03	103	141	214	7
1285	questao	texto	sucesso	Tool consultor_comercial: O valor do curso de Direito na FATEPI/FAESPI é o seguinte:\n\n- Mensalidade: R$ 525\n- Integral: R$ 1.5	{}	2026-04-10 12:37:17.481454-03	103	141	214	7
839	questao	texto	sucesso	Resposta recebida: Enviado	{"resposta": "Enviado"}	2026-04-10 06:56:14.990707-03	84	66	\N	7
840	questao	texto	aguardando	Pergunta: Excelente! Para garantir sua vaga, realize o pagamento pelo PIX abaixo:\n\nPIX: 00020126580014br.gov.bcb.pix013652d3c4c3-6213-459a-bd59-ac47480dd1945204000053039865802BR5925GILCIFRAN VIEIRA DE SOUSA6008TERESINA62070503***630427D9\n\nAssim que realizar o pagamento, me envie o comprovante!\nNosso horario de confirmacao e de segunda a sexta, das 8h as 18h.	{}	2026-04-10 06:56:14.997882-03	84	66	\N	7
883	questao	texto	sucesso	Resposta recebida: Direito	{"resposta": "Direito"}	2026-04-10 07:12:40.007498-03	86	124	\N	7
884	questao	texto	sucesso	IA classificou como: curso_valido	{"valor": "curso_valido", "variavel": "validacao_curso"}	2026-04-10 07:12:44.185069-03	86	124	\N	7
885	questao	texto	sucesso	IA extraiu: {'curso_interesse': 'Direito'}	{"campos": {"curso_interesse": "Direito"}}	2026-04-10 07:12:46.152743-03	86	124	\N	7
886	condicao	campo_check	sucesso	Condicao: var.validacao_curso igual curso_valido → true	{"branch": "true", "resultado": true}	2026-04-10 07:12:46.157849-03	86	124	\N	7
887	acao	criar_oportunidade	sucesso	Acao executada: criar_oportunidade	{}	2026-04-10 07:12:46.168233-03	86	124	\N	7
888	acao	mover_estagio	sucesso	Acao executada: mover_estagio	{}	2026-04-10 07:12:46.171475-03	86	124	\N	7
889	questao	texto	aguardando	Pergunta: O curso e presencial, de segunda a sexta, das 18h30 as 21h40. Como voce pretende ingressar: Nota do ENEM, Prova Online ou Transferencia?	{}	2026-04-10 07:12:46.174749-03	86	124	\N	7
624	entrada	inicio_fluxo	sucesso	Fluxo iniciado	{}	2026-04-10 05:11:44.201746-03	76	116	\N	7
625	questao	texto	sucesso	Mensagem enviada: Ola! Sou o Pedro, consultor de ingresso da FATEPI/FAESPI. Que bom ter voce aqui!	{}	2026-04-10 05:11:44.219543-03	76	116	\N	7
626	questao	texto	aguardando	Pergunta: Qual o seu nome completo?	{}	2026-04-10 05:11:44.223046-03	76	116	\N	7
627	questao	texto	sucesso	Resposta recebida: Ana Paula	{"resposta": "Ana Paula"}	2026-04-10 05:11:44.229064-03	76	116	\N	7
628	questao	texto	fallback	Validacao falhou, redirecionando para fallback: A resposta não é um nome completo, apenas um primeiro e último nome.	{}	2026-04-10 05:11:45.688157-03	76	116	\N	7
629	ia_agente	ia_agente	sucesso	Agente IA (fallback): Olá, Ana Paula! Agradeço por compartilhar seu nome. Como posso te ajudar hoje? Você tem alguma dúvid. Retornando para questao 164	{}	2026-04-10 05:11:49.784834-03	76	116	\N	7
630	questao	texto	sucesso	Resposta recebida: Enfermagem	{"resposta": "Enfermagem"}	2026-04-10 05:11:49.791851-03	76	116	\N	7
631	questao	texto	fallback	Validacao falhou, redirecionando para fallback: A resposta do usuário não contém um nome completo.	{}	2026-04-10 05:11:51.65764-03	76	116	\N	7
632	ia_agente	ia_agente	sucesso	Agente IA (fallback): Entendo que você tem interesse na área de Enfermagem! Posso ajudar com informações sobre os cursos, . Retornando para questao 164	{}	2026-04-10 05:11:55.465867-03	76	116	\N	7
633	questao	texto	sucesso	Resposta recebida: ENEM	{"resposta": "ENEM"}	2026-04-10 05:11:55.473123-03	76	116	\N	7
634	questao	texto	fallback	Validacao falhou, redirecionando para fallback: A resposta fornecida não é um nome completo de pessoa.	{}	2026-04-10 05:11:56.77071-03	76	116	\N	7
635	ia_agente	ia_agente	sucesso	Agente IA (fallback): Entendo que você pode estar pensando sobre o ENEM. Ele é uma importante porta de entrada para várias. Retornando para questao 164	{}	2026-04-10 05:11:59.440472-03	76	116	\N	7
724	questao	texto	sucesso	Resposta recebida: Pedro Alex	{"resposta": "Pedro Alex"}	2026-04-10 06:46:05.756892-03	81	121	\N	7
725	questao	texto	sucesso	IA extraiu: {'nome_razaosocial': 'Pedro Alex'}	{"campos": {"nome_razaosocial": "Pedro Alex"}}	2026-04-10 06:46:10.852031-03	81	121	\N	7
726	questao	texto	aguardando	Pergunta: Prazer! Qual curso voce tem interesse? Nossos cursos: Direito, Sistemas de Informacao, Psicologia, Enfermagem, Fisioterapia, Administracao, Ciencias Contabeis, Pedagogia, Fonoaudiologia, Educacao Fisica, Servico Social.	{}	2026-04-10 06:46:10.857321-03	81	121	\N	7
469	entrada	inicio_fluxo	sucesso	Fluxo iniciado	{}	2026-04-10 04:32:48.854663-03	70	110	\N	7
470	questao	texto	sucesso	Mensagem enviada: Ola! Sou o Pedro, consultor de ingresso da FATEPI/FAESPI. Que bom ter voce aqui!	{}	2026-04-10 04:32:48.860664-03	70	110	\N	7
931	questao	texto	sucesso	IA classificou como: duvida	{"valor": "duvida", "variavel": "decisao_matricula"}	2026-04-10 10:54:11.55974-03	88	126	\N	7
932	condicao	campo_check	sucesso	Condicao: var.decisao_matricula igual sim → false	{"branch": "false", "resultado": false}	2026-04-10 10:54:11.562765-03	88	126	\N	7
933	ia_respondedor	ia_respondedor	aguardando	IA respondeu: Olá, Lucas! Aqui é o Pedro, consultor da FATEPI/FAESPI. Entendo que você não deseja se matricular ag	{}	2026-04-10 10:54:24.122983-03	88	126	\N	7
841	questao	texto	sucesso	Resposta recebida: paguei	{"resposta": "paguei"}	2026-04-10 06:56:21.15981-03	84	66	\N	7
842	questao	select	aguardando	Pergunta: Antes de continuar, como voce conheceu a FATEPI?	{}	2026-04-10 06:56:21.173455-03	84	66	\N	7
890	questao	texto	sucesso	Resposta recebida: Nota do Enem	{"resposta": "Nota do Enem"}	2026-04-10 07:12:53.909991-03	86	124	\N	7
891	questao	texto	sucesso	IA extraiu: {'forma_ingresso': 'ENEM'}	{"campos": {"forma_ingresso": "ENEM"}}	2026-04-10 07:12:57.198383-03	86	124	\N	7
892	acao	mover_estagio	sucesso	Acao executada: mover_estagio	{}	2026-04-10 07:12:57.204805-03	86	124	\N	7
893	ia_respondedor	ia_respondedor	aguardando	IA respondeu: Claro, Lucas Rodrigues! Aqui estão os valores para o curso de Direito, considerando a sua opção de i	{}	2026-04-10 07:13:01.892555-03	86	124	\N	7
934	entrada	inicio_fluxo	sucesso	Fluxo iniciado	{}	2026-04-10 10:55:01.21615-03	89	127	\N	7
935	questao	texto	sucesso	Mensagem enviada: Ola! Sou o Pedro, consultor de ingresso da FATEPI/FAESPI. Que bom ter voce aqui!	{}	2026-04-10 10:55:01.223079-03	89	127	\N	7
936	questao	texto	aguardando	Pergunta: Qual o seu nome completo?	{}	2026-04-10 10:55:01.227614-03	89	127	\N	7
778	entrada	inicio_fluxo	sucesso	Fluxo iniciado	{}	2026-04-10 06:49:16.554957-03	83	123	\N	7
843	questao	select	sucesso	Resposta recebida: Google	{"resposta": "Google"}	2026-04-10 06:56:28.546517-03	84	66	\N	7
844	questao	select	sucesso	IA extraiu: {'como_conheceu': 'Google'}	{"campos": {"como_conheceu": "Google"}}	2026-04-10 06:56:32.318203-03	84	66	\N	7
845	acao	mover_estagio	sucesso	Acao executada: mover_estagio	{}	2026-04-10 06:56:32.324718-03	84	66	\N	7
846	transferir_humano	transferir_humano	sucesso	Transferido para humano. Fila: 6	{"fila_id": "6", "conversa_id": 53}	2026-04-10 06:56:32.354206-03	84	66	\N	7
894	questao	texto	sucesso	Mensagem enviada: 	{}	2026-04-10 07:13:42.362222-03	86	124	\N	7
895	questao	texto	sucesso	IA classificou como: sim	{"valor": "sim", "variavel": "decisao_matricula"}	2026-04-10 07:13:43.242858-03	86	124	\N	7
896	condicao	campo_check	sucesso	Condicao: var.decisao_matricula igual sim → true	{"branch": "true", "resultado": true}	2026-04-10 07:13:43.24552-03	86	124	\N	7
897	acao	mover_estagio	sucesso	Acao executada: mover_estagio	{}	2026-04-10 07:13:43.254396-03	86	124	\N	7
898	condicao	campo_check	sucesso	Condicao: var.oport_dados_custom_forma_ingresso igual ENEM → true	{"branch": "true", "resultado": true}	2026-04-10 07:13:43.257367-03	86	124	\N	7
937	questao	texto	sucesso	Resposta recebida: Pedro Paulo	{"resposta": "Pedro Paulo"}	2026-04-10 10:55:06.776673-03	89	127	\N	7
901	questao	texto	aguardando	Pergunta: Excelente! Para garantir sua vaga, realize o pagamento pelo PIX abaixo:\n\nPIX: 00020126580014br.gov.bcb.pix013652d3c4c3-6213-459a-bd59-ac47480dd1945204000053039865802BR5925GILCIFRAN VIEIRA DE SOUSA6008TERESINA62070503***630427D9\n\nAssim que realizar o pagamento, me envie o comprovante!\nNosso horario de confirmacao e de segunda a sexta, das 8h as 18h.	{}	2026-04-10 07:13:52.685591-03	86	124	\N	7
940	questao	texto	sucesso	Resposta recebida: Direito	{"resposta": "Direito"}	2026-04-10 10:55:14.153793-03	89	127	\N	7
941	questao	texto	sucesso	IA classificou como: curso_valido	{"valor": "curso_valido", "variavel": "validacao_curso"}	2026-04-10 10:55:19.374738-03	89	127	\N	7
942	questao	texto	sucesso	IA extraiu: {'curso_interesse': 'Direito'}	{"campos": {"curso_interesse": "Direito"}}	2026-04-10 10:55:22.509338-03	89	127	\N	7
943	condicao	campo_check	sucesso	Condicao: var.validacao_curso igual curso_valido → true	{"branch": "true", "resultado": true}	2026-04-10 10:55:22.515882-03	89	127	\N	7
750	questao	texto	sucesso	Resposta recebida: Direito	{"resposta": "Direito"}	2026-04-10 06:47:32.103043-03	82	122	\N	7
751	questao	texto	sucesso	IA classificou como: curso_valido	{"valor": "curso_valido", "variavel": "validacao_curso"}	2026-04-10 06:47:34.768657-03	82	122	\N	7
752	questao	texto	sucesso	IA extraiu: {'curso_interesse': 'Direito', 'classificacao': 'curso_valido'}	{"campos": {"classificacao": "curso_valido", "curso_interesse": "Direito"}}	2026-04-10 06:47:36.559965-03	82	122	\N	7
721	entrada	inicio_fluxo	sucesso	Fluxo iniciado	{}	2026-04-10 06:46:01.447109-03	81	121	\N	7
944	acao	criar_oportunidade	sucesso	Acao executada: criar_oportunidade	{}	2026-04-10 10:55:22.523895-03	89	127	\N	7
945	acao	mover_estagio	sucesso	Acao executada: mover_estagio	{}	2026-04-10 10:55:22.527577-03	89	127	\N	7
946	questao	texto	aguardando	Pergunta: O curso e presencial, de segunda a sexta, das 18h30 as 21h40. Como voce pretende ingressar: Nota do ENEM, Prova Online ou Transferencia?	{}	2026-04-10 10:55:22.530708-03	89	127	\N	7
730	condicao	campo_check	sucesso	Condicao: var.validacao_curso igual curso_valido → true	{"branch": "true", "resultado": true}	2026-04-10 06:46:17.655681-03	81	121	\N	7
731	acao	criar_oportunidade	sucesso	Acao executada: criar_oportunidade	{}	2026-04-10 06:46:17.66405-03	81	121	\N	7
732	acao	mover_estagio	sucesso	Acao executada: mover_estagio	{}	2026-04-10 06:46:17.6698-03	81	121	\N	7
733	questao	texto	aguardando	Pergunta: O curso e presencial, de segunda a sexta, das 18h30 as 21h40. Como voce pretende ingressar: Nota do ENEM, Prova Online ou Transferencia?	{}	2026-04-10 06:46:17.672807-03	81	121	\N	7
774	questao	select	sucesso	Resposta recebida: Google	{"resposta": "Google"}	2026-04-10 06:48:28.051195-03	82	122	\N	7
775	questao	select	sucesso	IA extraiu: {'como_conheceu': 'Google'}	{"campos": {"como_conheceu": "Google"}}	2026-04-10 06:48:31.38895-03	82	122	\N	7
776	acao	mover_estagio	sucesso	Acao executada: mover_estagio	{}	2026-04-10 06:48:31.394028-03	82	122	\N	7
735	questao	texto	sucesso	IA extraiu: {'forma_ingresso': 'ENEM'}	{"campos": {"forma_ingresso": "ENEM"}}	2026-04-10 06:46:22.801141-03	81	121	\N	7
736	acao	mover_estagio	sucesso	Acao executada: mover_estagio	{}	2026-04-10 06:46:22.807113-03	81	121	\N	7
737	ia_respondedor	ia_respondedor	aguardando	IA respondeu: Para o curso de Direito, aqui estão os valores:\n\nColuna ENEM:\n- Valor Integral: R$ 1.500\n- Matrícula	{}	2026-04-10 06:46:26.390164-03	81	121	\N	7
756	questao	texto	aguardando	Pergunta: O curso e presencial, de segunda a sexta, das 18h30 as 21h40. Como voce pretende ingressar: Nota do ENEM, Prova Online ou Transferencia?	{}	2026-04-10 06:47:36.576823-03	82	122	\N	7
768	questao	texto	aguardando	Pergunta: Excelente! Para garantir sua vaga, realize o pagamento pelo PIX abaixo:\n\nPIX: 00020126580014br.gov.bcb.pix013652d3c4c3-6213-459a-bd59-ac47480dd1945204000053039865802BR5925GILCIFRAN VIEIRA DE SOUSA6008TERESINA62070503***630427D9\n\nAssim que realizar o pagamento, me envie o comprovante!\nNosso horario de confirmacao e de segunda a sexta, das 8h as 18h.	{}	2026-04-10 06:48:09.081446-03	82	122	\N	7
777	finalizacao	finalizar	sucesso	Fluxo finalizado. Score: 10	{"score": 10, "tempo_total": 68}	2026-04-10 06:48:31.406584-03	82	122	\N	7
738	questao	texto	sucesso	Mensagem enviada: 	{}	2026-04-10 06:46:30.219677-03	81	121	\N	7
387	questao	texto	sucesso	Mensagem enviada: Ola! Sou o Pedro, consultor de ingresso da FATEPI/FAESPI. Que bom ter voce aqui!	{}	2026-04-10 04:23:10.144284-03	64	105	\N	7
388	questao	texto	sucesso	Pulou questao: nome_razaosocial ja preenchido (Teste)	{}	2026-04-10 04:23:10.15175-03	64	105	\N	7
389	questao	texto	erro	IA nao extraiu dados: {'nome_razaosocial': ''}	{"campos": {"nome_razaosocial": ""}}	2026-04-10 04:23:11.280742-03	64	105	\N	7
390	ia_agente	ia_agente	aguardando	Agente IA iniciou: Olá, Teste! Como posso ajudá-lo hoje? Se você tiver alguma dúvida ou comentário sobre o processo de 	{}	2026-04-10 04:23:13.054357-03	64	105	\N	7
391	entrada	inicio_fluxo	sucesso	Fluxo iniciado	{}	2026-04-10 04:23:24.055133-03	65	106	\N	7
392	questao	texto	sucesso	Mensagem enviada: Ola! Sou o Pedro, consultor de ingresso da FATEPI/FAESPI. Que bom ter voce aqui!	{}	2026-04-10 04:23:24.062981-03	65	106	\N	7
393	questao	texto	sucesso	Pulou questao: nome_razaosocial ja preenchido (Teste)	{}	2026-04-10 04:23:24.064715-03	65	106	\N	7
394	questao	texto	erro	IA nao extraiu dados: {'nome_razaosocial': ''}	{"campos": {"nome_razaosocial": ""}}	2026-04-10 04:23:25.271482-03	65	106	\N	7
395	ia_agente	ia_agente	aguardando	Agente IA iniciou: Olá, Teste! Como posso ajudá-lo hoje? Se você tiver alguma dúvida ou comentário sobre o processo de 	{}	2026-04-10 04:23:28.010154-03	65	106	\N	7
396	ia_agente	ia_agente	sucesso	Tool info_academica: A FATEPI oferece os seguintes cursos presenciais, com aulas noturnas de segunda a sexta, das 18h30 à	{}	2026-04-10 04:23:46.005975-03	65	106	\N	7
397	ia_agente	ia_agente	aguardando	Agente IA turno 2: A FATEPI oferece diversos cursos presenciais com aulas noturnas de segunda a sexta, das 18h30 às 21h	{}	2026-04-10 04:23:52.854071-03	65	106	\N	7
398	entrada	inicio_fluxo	sucesso	Fluxo iniciado	{}	2026-04-10 04:23:54.002861-03	66	107	\N	7
399	questao	texto	sucesso	Mensagem enviada: Ola! Sou o Pedro, consultor de ingresso da FATEPI/FAESPI. Que bom ter voce aqui!	{}	2026-04-10 04:23:54.0083-03	66	107	\N	7
400	questao	texto	aguardando	Pergunta: Qual o seu nome completo?	{}	2026-04-10 04:23:54.014522-03	66	107	\N	7
401	questao	texto	sucesso	Resposta recebida: Lucas Rodrigues	{"resposta": "Lucas Rodrigues"}	2026-04-10 04:23:58.845123-03	66	107	\N	7
402	questao	texto	sucesso	IA extraiu: {'nome_razaosocial': 'Lucas Rodrigues'}	{"campos": {"nome_razaosocial": "Lucas Rodrigues"}}	2026-04-10 04:24:02.15463-03	66	107	\N	7
403	questao	texto	aguardando	Pergunta: Prazer! Qual curso voce tem interesse? Nossos cursos: Direito, Sistemas de Informacao, Psicologia, Enfermagem, Fisioterapia, Administracao, Ciencias Contabeis, Pedagogia, Fonoaudiologia, Educacao Fisica, Servico Social.	{}	2026-04-10 04:24:02.15963-03	66	107	\N	7
404	questao	texto	sucesso	Resposta recebida: Direito	{"resposta": "Direito"}	2026-04-10 04:24:06.548008-03	66	107	\N	7
405	questao	texto	sucesso	IA classificou como: curso_valido	{"valor": "curso_valido", "variavel": "validacao_curso"}	2026-04-10 04:24:08.569802-03	66	107	\N	7
406	questao	texto	sucesso	IA extraiu: {'curso_interesse': 'Direito', 'classificacao': 'curso_valido'}	{"campos": {"classificacao": "curso_valido", "curso_interesse": "Direito"}}	2026-04-10 04:24:09.768467-03	66	107	\N	7
407	condicao	campo_check	sucesso	Condicao: var.validacao_curso igual curso_valido → true	{"branch": "true", "resultado": true}	2026-04-10 04:24:09.778176-03	66	107	\N	7
408	acao	criar_oportunidade	sucesso	Acao executada: criar_oportunidade	{}	2026-04-10 04:24:09.789561-03	66	107	\N	7
409	acao	mover_estagio	sucesso	Acao executada: mover_estagio	{}	2026-04-10 04:24:09.792562-03	66	107	\N	7
410	questao	texto	aguardando	Pergunta: O curso e presencial, de segunda a sexta, das 18h30 as 21h40. Como voce pretende ingressar: Nota do ENEM, Prova Online ou Transferencia?	{}	2026-04-10 04:24:09.796718-03	66	107	\N	7
411	questao	texto	sucesso	Resposta recebida: Nota do Enem	{"resposta": "Nota do Enem"}	2026-04-10 04:24:14.801365-03	66	107	\N	7
412	questao	texto	erro	IA nao extraiu dados: {'forma_ingresso': ''}	{"campos": {"forma_ingresso": ""}}	2026-04-10 04:24:17.656755-03	66	107	\N	7
413	ia_agente	ia_agente	sucesso	Agente IA (fallback): Olá, Lucas! Agradeço pelo seu interesse. Você pode utilizar a nota do ENEM como uma forma de ingress. Retornando para questao 170	{}	2026-04-10 04:24:20.995509-03	66	107	\N	7
414	questao	texto	sucesso	Resposta recebida: Nota do Enem	{"resposta": "Nota do Enem"}	2026-04-10 04:24:37.844191-03	66	107	\N	7
415	questao	texto	erro	IA nao extraiu dados: {'forma_ingresso': ''}	{"campos": {"forma_ingresso": ""}}	2026-04-10 04:24:41.015779-03	66	107	\N	7
416	ia_agente	ia_agente	sucesso	Agente IA (fallback): Olá, Lucas! Se você está se referindo à forma de ingresso na faculdade, a nota do ENEM é uma das opç. Retornando para questao 170	{}	2026-04-10 04:24:44.613506-03	66	107	\N	7
417	entrada	inicio_fluxo	sucesso	Fluxo iniciado	{}	2026-04-10 04:27:32.942672-03	67	107	\N	7
418	questao	texto	sucesso	Mensagem enviada: Ola! Sou o Pedro, consultor de ingresso da FATEPI/FAESPI. Que bom ter voce aqui!	{}	2026-04-10 04:27:32.947104-03	67	107	\N	7
419	questao	texto	aguardando	Pergunta: Qual o seu nome completo?	{}	2026-04-10 04:27:32.9513-03	67	107	\N	7
420	questao	texto	sucesso	Resposta recebida: Pedro	{"resposta": "Pedro"}	2026-04-10 04:27:35.874181-03	67	107	\N	7
421	questao	texto	fallback	Validacao falhou, redirecionando para fallback: A resposta fornecida não é um nome completo, apenas um primeiro nome.	{}	2026-04-10 04:27:37.739334-03	67	107	\N	7
422	ia_agente	ia_agente	sucesso	Agente IA (fallback): Olá! Vejo que você se identificou como Pedro. Para prosseguirmos com seu cadastro, poderia me inform. Retornando para questao 164	{}	2026-04-10 04:27:50.106696-03	67	107	\N	7
423	questao	texto	sucesso	Resposta recebida: Lucas Rodrigues	{"resposta": "Lucas Rodrigues"}	2026-04-10 04:27:58.296878-03	67	107	\N	7
424	questao	texto	sucesso	IA extraiu: {'nome_razaosocial': 'Lucas Rodrigues'}	{"campos": {"nome_razaosocial": "Lucas Rodrigues"}}	2026-04-10 04:28:00.841292-03	67	107	\N	7
425	questao	texto	aguardando	Pergunta: Prazer! Qual curso voce tem interesse? Nossos cursos: Direito, Sistemas de Informacao, Psicologia, Enfermagem, Fisioterapia, Administracao, Ciencias Contabeis, Pedagogia, Fonoaudiologia, Educacao Fisica, Servico Social.	{}	2026-04-10 04:28:00.846902-03	67	107	\N	7
426	questao	texto	sucesso	Resposta recebida: Direito	{"resposta": "Direito"}	2026-04-10 04:28:21.707025-03	67	107	\N	7
427	questao	texto	sucesso	IA classificou como: curso_valido	{"valor": "curso_valido", "variavel": "validacao_curso"}	2026-04-10 04:28:24.868324-03	67	107	\N	7
428	questao	texto	sucesso	IA extraiu: {'curso_interesse': 'Direito', 'classificacao': 'curso_valido'}	{"campos": {"classificacao": "curso_valido", "curso_interesse": "Direito"}}	2026-04-10 04:28:26.038822-03	67	107	\N	7
429	condicao	campo_check	sucesso	Condicao: var.validacao_curso igual curso_valido → true	{"branch": "true", "resultado": true}	2026-04-10 04:28:26.044421-03	67	107	\N	7
430	acao	criar_oportunidade	sucesso	Acao executada: criar_oportunidade	{}	2026-04-10 04:28:26.053638-03	67	107	\N	7
431	acao	mover_estagio	sucesso	Acao executada: mover_estagio	{}	2026-04-10 04:28:26.057658-03	67	107	\N	7
432	questao	texto	aguardando	Pergunta: O curso e presencial, de segunda a sexta, das 18h30 as 21h40. Como voce pretende ingressar: Nota do ENEM, Prova Online ou Transferencia?	{}	2026-04-10 04:28:26.060774-03	67	107	\N	7
433	questao	texto	sucesso	Resposta recebida: Nota do Enem	{"resposta": "Nota do Enem"}	2026-04-10 04:28:31.25503-03	67	107	\N	7
434	questao	texto	sucesso	IA extraiu: {'forma_ingresso': 'ENEM'}	{"campos": {"forma_ingresso": "ENEM"}}	2026-04-10 04:28:34.092537-03	67	107	\N	7
435	acao	mover_estagio	sucesso	Acao executada: mover_estagio	{}	2026-04-10 04:28:34.099684-03	67	107	\N	7
436	ia_respondedor	ia_respondedor	aguardando	IA respondeu: Para ingressar via ENEM, é necessário ter uma nota mínima de 400 pontos. Além disso, você precisa en	{}	2026-04-10 04:28:36.297569-03	67	107	\N	7
437	entrada	inicio_fluxo	sucesso	Fluxo iniciado	{}	2026-04-10 04:30:38.802144-03	68	108	\N	7
438	questao	texto	sucesso	Mensagem enviada: Ola! Sou o Pedro, consultor de ingresso da FATEPI/FAESPI. Que bom ter voce aqui!	{}	2026-04-10 04:30:38.81448-03	68	108	\N	7
439	questao	texto	aguardando	Pergunta: Qual o seu nome completo?	{}	2026-04-10 04:30:38.818543-03	68	108	\N	7
440	questao	texto	sucesso	Resposta recebida: Lucas Rodrigues	{"resposta": "Lucas Rodrigues"}	2026-04-10 04:30:44.064064-03	68	108	\N	7
441	questao	texto	sucesso	IA extraiu: {'nome_razaosocial': 'Lucas Rodrigues'}	{"campos": {"nome_razaosocial": "Lucas Rodrigues"}}	2026-04-10 04:30:46.925993-03	68	108	\N	7
442	questao	texto	aguardando	Pergunta: Prazer! Qual curso voce tem interesse? Nossos cursos: Direito, Sistemas de Informacao, Psicologia, Enfermagem, Fisioterapia, Administracao, Ciencias Contabeis, Pedagogia, Fonoaudiologia, Educacao Fisica, Servico Social.	{}	2026-04-10 04:30:46.930593-03	68	108	\N	7
443	questao	texto	sucesso	Resposta recebida: Direito	{"resposta": "Direito"}	2026-04-10 04:30:58.896671-03	68	108	\N	7
444	questao	texto	sucesso	IA classificou como: curso_valido	{"valor": "curso_valido", "variavel": "validacao_curso"}	2026-04-10 04:31:01.814167-03	68	108	\N	7
445	questao	texto	sucesso	IA extraiu: {'curso_interesse': 'Direito', 'classificacao': 'curso_valido'}	{"campos": {"classificacao": "curso_valido", "curso_interesse": "Direito"}}	2026-04-10 04:31:03.432896-03	68	108	\N	7
446	condicao	campo_check	sucesso	Condicao: var.validacao_curso igual curso_valido → true	{"branch": "true", "resultado": true}	2026-04-10 04:31:03.436796-03	68	108	\N	7
447	acao	criar_oportunidade	sucesso	Acao executada: criar_oportunidade	{}	2026-04-10 04:31:03.442414-03	68	108	\N	7
448	acao	mover_estagio	sucesso	Acao executada: mover_estagio	{}	2026-04-10 04:31:03.446143-03	68	108	\N	7
449	questao	texto	aguardando	Pergunta: O curso e presencial, de segunda a sexta, das 18h30 as 21h40. Como voce pretende ingressar: Nota do ENEM, Prova Online ou Transferencia?	{}	2026-04-10 04:31:03.449153-03	68	108	\N	7
450	questao	texto	sucesso	Resposta recebida: Enem	{"resposta": "Enem"}	2026-04-10 04:31:09.306191-03	68	108	\N	7
451	questao	texto	sucesso	IA extraiu: {'forma_ingresso': 'ENEM'}	{"campos": {"forma_ingresso": "ENEM"}}	2026-04-10 04:31:12.013681-03	68	108	\N	7
452	acao	mover_estagio	sucesso	Acao executada: mover_estagio	{}	2026-04-10 04:31:12.019399-03	68	108	\N	7
453	entrada	inicio_fluxo	sucesso	Fluxo iniciado	{}	2026-04-10 04:32:13.652951-03	69	109	\N	7
454	questao	texto	sucesso	Mensagem enviada: Ola! Sou o Pedro, consultor de ingresso da FATEPI/FAESPI. Que bom ter voce aqui!	{}	2026-04-10 04:32:13.655967-03	69	109	\N	7
455	questao	texto	aguardando	Pergunta: Qual o seu nome completo?	{}	2026-04-10 04:32:13.659415-03	69	109	\N	7
456	questao	texto	sucesso	Resposta recebida: Lucas Rodrigues	{"resposta": "Lucas Rodrigues"}	2026-04-10 04:32:17.381692-03	69	109	\N	7
457	questao	texto	sucesso	IA extraiu: {'nome_razaosocial': 'Lucas Rodrigues'}	{"campos": {"nome_razaosocial": "Lucas Rodrigues"}}	2026-04-10 04:32:20.212112-03	69	109	\N	7
458	questao	texto	aguardando	Pergunta: Prazer! Qual curso voce tem interesse? Nossos cursos: Direito, Sistemas de Informacao, Psicologia, Enfermagem, Fisioterapia, Administracao, Ciencias Contabeis, Pedagogia, Fonoaudiologia, Educacao Fisica, Servico Social.	{}	2026-04-10 04:32:20.217552-03	69	109	\N	7
459	questao	texto	sucesso	Resposta recebida: Direito	{"resposta": "Direito"}	2026-04-10 04:32:23.759104-03	69	109	\N	7
460	questao	texto	sucesso	IA classificou como: curso_valido	{"valor": "curso_valido", "variavel": "validacao_curso"}	2026-04-10 04:32:27.128986-03	69	109	\N	7
461	questao	texto	sucesso	IA extraiu: {'curso_interesse': 'Direito', 'classificacao': 'curso_valido'}	{"campos": {"classificacao": "curso_valido", "curso_interesse": "Direito"}}	2026-04-10 04:32:28.237213-03	69	109	\N	7
462	condicao	campo_check	sucesso	Condicao: var.validacao_curso igual curso_valido → true	{"branch": "true", "resultado": true}	2026-04-10 04:32:28.24122-03	69	109	\N	7
463	acao	criar_oportunidade	sucesso	Acao executada: criar_oportunidade	{}	2026-04-10 04:32:28.252814-03	69	109	\N	7
464	acao	mover_estagio	sucesso	Acao executada: mover_estagio	{}	2026-04-10 04:32:28.256731-03	69	109	\N	7
465	questao	texto	aguardando	Pergunta: O curso e presencial, de segunda a sexta, das 18h30 as 21h40. Como voce pretende ingressar: Nota do ENEM, Prova Online ou Transferencia?	{}	2026-04-10 04:32:28.259735-03	69	109	\N	7
466	questao	texto	sucesso	Resposta recebida: Enem	{"resposta": "Enem"}	2026-04-10 04:32:30.93707-03	69	109	\N	7
467	questao	texto	sucesso	IA extraiu: {'forma_ingresso': 'ENEM'}	{"campos": {"forma_ingresso": "ENEM"}}	2026-04-10 04:32:34.036694-03	69	109	\N	7
468	acao	mover_estagio	sucesso	Acao executada: mover_estagio	{}	2026-04-10 04:32:34.040871-03	69	109	\N	7
471	questao	texto	aguardando	Pergunta: Qual o seu nome completo?	{}	2026-04-10 04:32:48.863308-03	70	110	\N	7
472	questao	texto	sucesso	Resposta recebida: Maria Silva	{"resposta": "Maria Silva"}	2026-04-10 04:32:48.867515-03	70	110	\N	7
473	questao	texto	sucesso	IA extraiu: {'nome_razaosocial': 'Maria Silva'}	{"campos": {"nome_razaosocial": "Maria Silva"}}	2026-04-10 04:32:52.344383-03	70	110	\N	7
474	questao	texto	aguardando	Pergunta: Prazer! Qual curso voce tem interesse? Nossos cursos: Direito, Sistemas de Informacao, Psicologia, Enfermagem, Fisioterapia, Administracao, Ciencias Contabeis, Pedagogia, Fonoaudiologia, Educacao Fisica, Servico Social.	{}	2026-04-10 04:32:52.346699-03	70	110	\N	7
475	questao	texto	sucesso	Resposta recebida: Direito	{"resposta": "Direito"}	2026-04-10 04:32:52.351177-03	70	110	\N	7
476	questao	texto	sucesso	IA classificou como: curso_valido	{"valor": "curso_valido", "variavel": "validacao_curso"}	2026-04-10 04:32:55.414967-03	70	110	\N	7
477	questao	texto	sucesso	IA extraiu: {'curso_interesse': 'Direito', 'classificacao': 'curso_valido'}	{"campos": {"classificacao": "curso_valido", "curso_interesse": "Direito"}}	2026-04-10 04:32:56.663405-03	70	110	\N	7
478	condicao	campo_check	sucesso	Condicao: var.validacao_curso igual curso_valido → true	{"branch": "true", "resultado": true}	2026-04-10 04:32:56.667473-03	70	110	\N	7
479	acao	criar_oportunidade	sucesso	Acao executada: criar_oportunidade	{}	2026-04-10 04:32:56.685581-03	70	110	\N	7
480	acao	mover_estagio	sucesso	Acao executada: mover_estagio	{}	2026-04-10 04:32:56.694308-03	70	110	\N	7
481	questao	texto	aguardando	Pergunta: O curso e presencial, de segunda a sexta, das 18h30 as 21h40. Como voce pretende ingressar: Nota do ENEM, Prova Online ou Transferencia?	{}	2026-04-10 04:32:56.700047-03	70	110	\N	7
482	questao	texto	sucesso	Resposta recebida: Enem	{"resposta": "Enem"}	2026-04-10 04:32:56.710727-03	70	110	\N	7
483	questao	texto	sucesso	IA extraiu: {'forma_ingresso': 'ENEM'}	{"campos": {"forma_ingresso": "ENEM"}}	2026-04-10 04:33:00.285157-03	70	110	\N	7
484	acao	mover_estagio	sucesso	Acao executada: mover_estagio	{}	2026-04-10 04:33:00.294039-03	70	110	\N	7
744	entrada	inicio_fluxo	sucesso	Fluxo iniciado	{}	2026-04-10 06:47:23.358549-03	82	122	\N	7
745	questao	texto	sucesso	Mensagem enviada: Ola! Sou o Pedro, consultor de ingresso da FATEPI/FAESPI. Que bom ter voce aqui!	{}	2026-04-10 06:47:23.362541-03	82	122	\N	7
746	questao	texto	aguardando	Pergunta: Qual o seu nome completo?	{}	2026-04-10 06:47:23.36746-03	82	122	\N	7
757	questao	texto	sucesso	Resposta recebida: Enem	{"resposta": "Enem"}	2026-04-10 06:47:37.487907-03	82	122	\N	7
758	questao	texto	sucesso	IA extraiu: {'forma_ingresso': 'ENEM'}	{"campos": {"forma_ingresso": "ENEM"}}	2026-04-10 06:47:42.084831-03	82	122	\N	7
759	acao	mover_estagio	sucesso	Acao executada: mover_estagio	{}	2026-04-10 06:47:42.089927-03	82	122	\N	7
760	ia_respondedor	ia_respondedor	aguardando	IA respondeu: Caro Lucas Rodrigues,\n\nAqui estão os valores para o curso de Direito, ingressando via ENEM:\n\n- Valor	{}	2026-04-10 06:47:47.725717-03	82	122	\N	7
769	questao	texto	sucesso	Resposta recebida: Paguei	{"resposta": "Paguei"}	2026-04-10 06:48:14.054897-03	82	122	\N	7
770	questao	select	aguardando	Pergunta: Antes de continuar, como voce conheceu a FATEPI?	{}	2026-04-10 06:48:14.065817-03	82	122	\N	7
722	questao	texto	sucesso	Mensagem enviada: Ola! Sou o Pedro, consultor de ingresso da FATEPI/FAESPI. Que bom ter voce aqui!	{}	2026-04-10 06:46:01.460353-03	81	121	\N	7
513	entrada	inicio_fluxo	sucesso	Fluxo iniciado	{}	2026-04-10 04:38:41.842805-03	72	112	\N	7
514	questao	texto	sucesso	Mensagem enviada: Ola! Sou o Pedro, consultor de ingresso da FATEPI/FAESPI. Que bom ter voce aqui!	{}	2026-04-10 04:38:41.847861-03	72	112	\N	7
515	questao	texto	aguardando	Pergunta: Qual o seu nome completo?	{}	2026-04-10 04:38:41.851862-03	72	112	\N	7
516	questao	texto	sucesso	Resposta recebida: Lucas Rodrigues	{"resposta": "Lucas Rodrigues"}	2026-04-10 04:38:45.717062-03	72	112	\N	7
517	questao	texto	sucesso	IA extraiu: {'nome_razaosocial': 'Lucas Rodrigues'}	{"campos": {"nome_razaosocial": "Lucas Rodrigues"}}	2026-04-10 04:38:49.034868-03	72	112	\N	7
518	questao	texto	aguardando	Pergunta: Prazer! Qual curso voce tem interesse? Nossos cursos: Direito, Sistemas de Informacao, Psicologia, Enfermagem, Fisioterapia, Administracao, Ciencias Contabeis, Pedagogia, Fonoaudiologia, Educacao Fisica, Servico Social.	{}	2026-04-10 04:38:49.039369-03	72	112	\N	7
519	questao	texto	sucesso	Resposta recebida: direito	{"resposta": "direito"}	2026-04-10 04:39:00.457462-03	72	112	\N	7
520	questao	texto	sucesso	IA classificou como: curso_valido	{"valor": "curso_valido", "variavel": "validacao_curso"}	2026-04-10 04:39:03.946973-03	72	112	\N	7
521	questao	texto	sucesso	IA extraiu: {'curso_interesse': 'Direito', 'classificacao': 'curso_valido'}	{"campos": {"classificacao": "curso_valido", "curso_interesse": "Direito"}}	2026-04-10 04:39:05.765292-03	72	112	\N	7
522	condicao	campo_check	sucesso	Condicao: var.validacao_curso igual curso_valido → true	{"branch": "true", "resultado": true}	2026-04-10 04:39:05.768714-03	72	112	\N	7
523	acao	criar_oportunidade	sucesso	Acao executada: criar_oportunidade	{}	2026-04-10 04:39:05.773175-03	72	112	\N	7
524	acao	mover_estagio	sucesso	Acao executada: mover_estagio	{}	2026-04-10 04:39:05.776846-03	72	112	\N	7
525	questao	texto	aguardando	Pergunta: O curso e presencial, de segunda a sexta, das 18h30 as 21h40. Como voce pretende ingressar: Nota do ENEM, Prova Online ou Transferencia?	{}	2026-04-10 04:39:05.7792-03	72	112	\N	7
526	questao	texto	sucesso	Resposta recebida: Enem	{"resposta": "Enem"}	2026-04-10 04:39:09.07597-03	72	112	\N	7
527	questao	texto	sucesso	IA extraiu: {'forma_ingresso': 'ENEM'}	{"campos": {"forma_ingresso": "ENEM"}}	2026-04-10 04:39:12.022922-03	72	112	\N	7
528	acao	mover_estagio	sucesso	Acao executada: mover_estagio	{}	2026-04-10 04:39:12.029592-03	72	112	\N	7
529	ia_respondedor	ia_respondedor	aguardando	IA respondeu: Olá, Lucas Rodrigues! Vamos falar sobre os valores para o curso de Direito, onde você ingressará via	{}	2026-04-10 04:39:17.461037-03	72	112	\N	7
530	questao	texto	sucesso	Mensagem enviada: 	{}	2026-04-10 04:39:33.505921-03	72	112	\N	7
531	questao	texto	sucesso	IA classificou como: sim	{"valor": "sim", "variavel": "decisao_matricula"}	2026-04-10 04:39:34.52281-03	72	112	\N	7
532	condicao	campo_check	sucesso	Condicao: var.decisao_matricula igual sim → true	{"branch": "true", "resultado": true}	2026-04-10 04:39:34.524822-03	72	112	\N	7
533	acao	mover_estagio	sucesso	Acao executada: mover_estagio	{}	2026-04-10 04:39:34.531103-03	72	112	\N	7
534	questao	texto	aguardando	Pergunta: Excelente! Para garantir sua vaga, realize o pagamento pelo PIX abaixo:\n\nPIX: 00020126580014br.gov.bcb.pix013652d3c4c3-6213-459a-bd59-ac47480dd1945204000053039865802BR5925GILCIFRAN VIEIRA DE SOUSA6008TERESINA62070503***630427D9\n\nAssim que realizar o pagamento, me envie o comprovante!\nNosso horario de confirmacao e de segunda a sexta, das 8h as 18h.	{}	2026-04-10 04:39:34.535222-03	72	112	\N	7
723	questao	texto	aguardando	Pergunta: Qual o seu nome completo?	{}	2026-04-10 06:46:01.466414-03	81	121	\N	7
747	questao	texto	sucesso	Resposta recebida: Lucas Rodrigues	{"resposta": "Lucas Rodrigues"}	2026-04-10 06:47:26.577692-03	82	122	\N	7
748	questao	texto	sucesso	IA extraiu: {'nome_razaosocial': 'Lucas Rodrigues'}	{"campos": {"nome_razaosocial": "Lucas Rodrigues"}}	2026-04-10 06:47:29.583774-03	82	122	\N	7
749	questao	texto	aguardando	Pergunta: Prazer! Qual curso voce tem interesse? Nossos cursos: Direito, Sistemas de Informacao, Psicologia, Enfermagem, Fisioterapia, Administracao, Ciencias Contabeis, Pedagogia, Fonoaudiologia, Educacao Fisica, Servico Social.	{}	2026-04-10 06:47:29.589602-03	82	122	\N	7
761	questao	texto	sucesso	Mensagem enviada: 	{}	2026-04-10 06:47:55.313354-03	82	122	\N	7
762	questao	texto	sucesso	IA classificou como: sim	{"valor": "sim", "variavel": "decisao_matricula"}	2026-04-10 06:47:56.14564-03	82	122	\N	7
763	condicao	campo_check	sucesso	Condicao: var.decisao_matricula igual sim → true	{"branch": "true", "resultado": true}	2026-04-10 06:47:56.218505-03	82	122	\N	7
764	acao	mover_estagio	sucesso	Acao executada: mover_estagio	{}	2026-04-10 06:47:56.232842-03	82	122	\N	7
765	condicao	campo_check	sucesso	Condicao: var.oport_dados_custom_forma_ingresso igual ENEM → true	{"branch": "true", "resultado": true}	2026-04-10 06:47:56.234685-03	82	122	\N	7
766	questao	texto	aguardando	Pergunta: Para ingressar via ENEM, preciso que voce envie o print ou foto da sua nota do ENEM (minimo 400 pontos). Pode enviar agora!	{}	2026-04-10 06:47:56.237921-03	82	122	\N	7
771	questao	select	sucesso	Resposta recebida: 3	{"resposta": "3"}	2026-04-10 06:48:17.273813-03	82	122	\N	7
772	questao	select	erro	IA nao extraiu dados: {'como_conheceu': ''}	{"campos": {"como_conheceu": ""}}	2026-04-10 06:48:18.909469-03	82	122	\N	7
773	ia_agente	ia_agente	sucesso	Agente IA (fallback): Olá, Lucas! Pareceu que sua mensagem não ficou clara. Como posso ajudá-lo? Se você tiver alguma dúvi. Retornando para questao 175	{}	2026-04-10 06:48:21.090852-03	82	122	\N	7
779	questao	texto	sucesso	Mensagem enviada: Ola! Sou o Pedro, consultor de ingresso da FATEPI/FAESPI. Que bom ter voce aqui!	{}	2026-04-10 06:49:16.557956-03	83	123	\N	7
780	questao	texto	aguardando	Pergunta: Qual o seu nome completo?	{}	2026-04-10 06:49:16.56126-03	83	123	\N	7
899	questao	texto	aguardando	Pergunta: Para ingressar via ENEM, preciso que voce envie o print ou foto da sua nota do ENEM (minimo 400 pontos). Pode enviar agora!	{}	2026-04-10 07:13:43.26088-03	86	124	\N	7
938	questao	texto	sucesso	IA extraiu: {'nome_razaosocial': 'Pedro Paulo'}	{"campos": {"nome_razaosocial": "Pedro Paulo"}}	2026-04-10 10:55:13.193096-03	89	127	\N	7
939	questao	texto	aguardando	Pergunta: Prazer! Qual curso voce tem interesse? Nossos cursos: Direito, Sistemas de Informacao, Psicologia, Enfermagem, Fisioterapia, Administracao, Ciencias Contabeis, Pedagogia, Fonoaudiologia, Educacao Fisica, Servico Social.	{}	2026-04-10 10:55:13.199797-03	89	127	\N	7
781	questao	texto	sucesso	Resposta recebida: Joana	{"resposta": "Joana"}	2026-04-10 06:49:19.402838-03	83	123	\N	7
782	questao	texto	fallback	Validacao falhou, redirecionando para fallback: A entrada fornecida é apenas um primeiro nome e não um nome completo.	{}	2026-04-10 06:49:21.206144-03	83	123	\N	7
783	ia_agente	ia_agente	sucesso	Agente IA (fallback): Olá, Joana! Agradeço pela sua mensagem. Para continuar o processo de inscrição, você poderia me info. Retornando para questao 190	{}	2026-04-10 06:49:25.799716-03	83	123	\N	7
784	questao	texto	sucesso	Resposta recebida: Joana Sozua	{"resposta": "Joana Sozua"}	2026-04-10 06:49:32.770551-03	83	123	\N	7
785	questao	texto	sucesso	IA extraiu: {'nome_razaosocial': 'Joana Sozua'}	{"campos": {"nome_razaosocial": "Joana Sozua"}}	2026-04-10 06:49:35.687059-03	83	123	\N	7
786	questao	texto	aguardando	Pergunta: Prazer! Qual curso voce tem interesse? Nossos cursos: Direito, Sistemas de Informacao, Psicologia, Enfermagem, Fisioterapia, Administracao, Ciencias Contabeis, Pedagogia, Fonoaudiologia, Educacao Fisica, Servico Social.	{}	2026-04-10 06:49:35.693126-03	83	123	\N	7
787	questao	texto	sucesso	Resposta recebida: Me explique melhor o curso de direito	{"resposta": "Me explique melhor o curso de direito"}	2026-04-10 06:49:43.017529-03	83	123	\N	7
788	questao	texto	sucesso	IA classificou como: curso_invalido	{"valor": "curso_invalido", "variavel": "validacao_curso"}	2026-04-10 06:49:47.644498-03	83	123	\N	7
789	questao	texto	sucesso	IA extraiu: {'curso_interesse': 'Direito', 'classificacao': 'curso_valido'}	{"campos": {"classificacao": "curso_valido", "curso_interesse": "Direito"}}	2026-04-10 06:49:48.941982-03	83	123	\N	7
790	condicao	campo_check	sucesso	Condicao: var.validacao_curso igual curso_valido → false	{"branch": "false", "resultado": false}	2026-04-10 06:49:48.945535-03	83	123	\N	7
791	questao	texto	aguardando	Pergunta: Desculpe, nao temos esse curso. Nossos cursos: Direito, Sistemas de Informacao, Psicologia, Enfermagem, Fisioterapia, Administracao, Ciencias Contabeis, Pedagogia, Fonoaudiologia, Educacao Fisica, Servico Social. Qual te interessa?	{}	2026-04-10 06:49:48.947542-03	83	123	\N	7
900	questao	texto	sucesso	Resposta recebida: enviado	{"resposta": "enviado"}	2026-04-10 07:13:52.673717-03	86	124	\N	7
\.


--
-- Data for Name: atendimento_nodofluxo; Type: TABLE DATA; Schema: public; Owner: -
--

COPY public.atendimento_nodofluxo (id, tipo, subtipo, configuracao, pos_x, pos_y, ordem, fluxo_id, tenant_id) FROM stdin;
215	questao	texto	{"titulo": "Prazer! Qual curso voce tem interesse? Nossos cursos: Direito, Sistemas de Informacao, Psicologia, Enfermagem, Fisioterapia, Administracao, Ciencias Contabeis, Pedagogia, Fonoaudiologia, Educacao Fisica, Servico Social.", "ia_acao": "classificar_extrair", "ia_modelo": "gpt-4o-mini", "validacao": "texto", "ia_categorias": ["curso_valido", "curso_invalido"], "max_tentativas": 3, "espera_resposta": true, "integracao_ia_id": "4", "prompt_validacao": "Cursos validos: Direito, Sistemas de Informacao, Psicologia, Enfermagem, Fisioterapia, Administracao, Ciencias Contabeis, Pedagogia, Fonoaudiologia, Educacao Fisica, Servico Social. Se o candidato escolheu um curso valido, classifique como curso_valido. Se escolheu um curso que nao existe ou respondeu algo irrelevante, classifique como curso_invalido.", "ia_campos_extrair": [{"nome": "oport.dados_custom.curso_interesse", "tipo": "string", "descricao": "Curso escolhido pelo candidato"}], "ia_salvar_no_lead": true, "ia_variavel_saida": "validacao_curso"}	700	100	4	9	7
222	ia_respondedor	ia_respondedor	{"modelo": "gpt-4o-mini", "max_historico": 10, "system_prompt": "Voce e o Pedro, consultor da FATEPI/FAESPI.\\n\\nO candidato {{nome_razaosocial}} escolheu {{oport_dados_custom_curso_interesse}} e vai ingressar via {{oport_dados_custom_forma_ingresso}}.\\n\\nApresente os valores usando a coluna correta (ENEM, Vestibular/Prova Online, ou Transferencia).\\nApresente: Valor Integral, Matricula Promocional e Mensalidade.\\nBolsas progressivas: 65% em 2026.1, 60% em 2026.2, 55% em 2027.1, 50% a partir de 2027.2.\\n\\nNo final pergunte: Se garantirmos essa condicao hoje, voce consegue finalizar sua matricula?\\n\\nNAO mencione documentos, notas do ENEM, provas ou processos. Foque APENAS nos valores e na pergunta de decisao.\\n\\nTabela:\\nDireito: Integral R$ 1.500 | Vestibular R$ 199 | ENEM R$ 49,99 | Transferencia R$ 99,99 | Mensalidade R$ 525\\nSistemas de Informacao: Integral R$ 1.000 | Vestibular R$ 149 | ENEM R$ 49,99 | Transferencia R$ 99,99 | Mensalidade R$ 350\\nPedagogia: Integral R$ 840 | Vestibular R$ 139 | ENEM R$ 49,99 | Transferencia R$ 99,99 | Mensalidade R$ 294\\nFonoaudiologia: Integral R$ 1.380 | Vestibular R$ 169 | ENEM R$ 49,99 | Transferencia R$ 99,99 | Mensalidade R$ 483\\nPsicologia: Integral R$ 1.630 | Vestibular R$ 199 | ENEM R$ 49,99 | Transferencia R$ 99,99 | Mensalidade R$ 570,50\\nFisioterapia: Integral R$ 1.380 | Vestibular R$ 169 | ENEM R$ 49,99 | Transferencia R$ 99,99 | Mensalidade R$ 483\\nEducacao Fisica: Integral R$ 840 | Vestibular R$ 139 | ENEM R$ 49,99 | Transferencia R$ 99,99 | Mensalidade R$ 294\\nEnfermagem: Integral R$ 1.380 | Vestibular R$ 169 | ENEM R$ 49,99 | Transferencia R$ 99,99 | Mensalidade R$ 483\\nAdministracao: Integral R$ 890 | Vestibular R$ 139 | ENEM R$ 49,99 | Transferencia R$ 99,99 | Mensalidade R$ 311,50\\nCiencias Contabeis: Integral R$ 890 | Vestibular R$ 139 | ENEM R$ 49,99 | Transferencia R$ 99,99 | Mensalidade R$ 311,50\\nServico Social: Integral R$ 840 | Vestibular R$ 139 | ENEM R$ 49,99 | Transferencia R$ 99,99 | Mensalidade R$ 294\\n\\nTexto puro sem markdown.", "integracao_ia_id": 4, "incluir_historico": true}	1950	100	11	9	7
11	entrada	inicio_fluxo	{}	-26	247	1	3	3
12	questao	texto	{"titulo": "Qual seu nome completo?", "descricao": "Precisamos do seu nome para prosseguir.", "obrigatoria": true, "mensagem_erro": "Por favor, informe seu nome.", "max_tentativas": 3}	356	83	2	3	3
13	acao	criar_oportunidade	{"titulo": "{{lead_nome}}"}	122	85	3	3	3
14	questao	texto	{"titulo": "Em qual cidade voce mora?", "obrigatoria": true}	550	250	4	3	3
15	condicao	resposta_check	{"campo": "ultima_resposta", "valor": "Recife", "operador": "igual"}	800	250	5	3	3
16	acao	enviar_whatsapp	{"template": "Ola {{lead_nome}}! Temos cobertura em Recife. Vamos agendar uma visita tecnica?", "webhook_url": ""}	1050	150	6	3	3
17	acao	criar_tarefa	{"titulo": "Lead fora de cobertura: {{lead_nome}}", "prioridade": "media", "tipo_tarefa": "ligacao"}	1050	380	7	3	3
18	questao	select	{"titulo": "Qual plano te interessa?", "obrigatoria": true, "opcoes_resposta": ["100 Mega - R$ 79,90", "200 Mega - R$ 99,90", "400 Mega - R$ 129,90", "600 Mega - R$ 159,90"]}	1300	250	8	3	3
19	acao	notificacao_sistema	{"titulo": "Lead qualificado", "template": "Lead {{lead_nome}} de {{lead_cidade}} quer o plano: {{ultima_resposta}}"}	1550	250	9	3	3
20	finalizacao	calcular_score	{"score": 8, "mensagem_final": "Obrigado! Entraremos em contato em breve."}	1800	250	10	3	3
21	entrada	inicio_fluxo	{"canal": "whatsapp"}	50	200	0	4	7
22	ia_respondedor	ia_respondedor	{"modelo": "gpt-4o-mini", "max_historico": 5, "system_prompt": "Voce e o Pedro, consultor virtual de ingresso da FATEPI/FAESPI. Seu tom e prestativo e agil.\\n\\nNesta etapa, cumprimente o candidato e pergunte o nome completo dele. Seja breve e direto.\\n\\nEstilo: paragrafos curtos, texto puro sem markdown.", "integracao_ia_id": 4, "incluir_historico": false}	300	200	0	4	7
23	ia_extrator	ia_extrator	{"modelo": "gpt-4o-mini", "campos_extrair": [{"nome": "nome_razaosocial", "tipo": "string", "descricao": "Nome completo da pessoa"}], "salvar_no_lead": true, "integracao_ia_id": 4}	550	200	0	4	7
24	ia_respondedor	ia_respondedor	{"modelo": "gpt-4o-mini", "max_historico": 5, "system_prompt": "Voce e o Pedro, consultor da FATEPI/FAESPI.\\n\\nO candidato se chama {{nome_razaosocial}}.\\n\\nPergunte qual curso ele tem interesse. Se ele nao souber, apresente as opcoes:\\nDireito, Sistemas de Informacao, Psicologia, Enfermagem, Fisioterapia, Administracao, Ciencias Contabeis, Pedagogia, Fonoaudiologia, Educacao Fisica e Servico Social.\\n\\nSeja breve e direto. Texto puro sem markdown.", "integracao_ia_id": 4, "incluir_historico": true}	800	200	0	4	7
26	ia_classificador	ia_classificador	{"modelo": "gpt-4o-mini", "prompt": "Verifique se o curso mencionado e um dos cursos validos da faculdade. Cursos validos: Direito, Sistemas de Informacao, Psicologia, Enfermagem, Fisioterapia, Administracao, Ciencias Contabeis, Pedagogia, Fonoaudiologia, Educacao Fisica, Servico Social", "categorias": ["curso_valido", "curso_invalido"], "variavel_saida": "validacao_curso", "integracao_ia_id": 4}	1300	200	0	4	7
27	condicao	campo_check	{"campo": "var.validacao_curso", "valor": "curso_valido", "operador": "igual"}	1550	200	0	4	7
28	acao	criar_oportunidade	{"titulo": "{{lead_nome}} - {{curso}}"}	1800	100	0	4	7
29	acao	mover_estagio	{"estagio": "qualificacao"}	2050	100	0	4	7
25	ia_extrator	ia_extrator	{"modelo": "gpt-4o-mini", "prompt": "Cursos validos: Direito, Sistemas de Informacao, Psicologia, Enfermagem, Fisioterapia, Administracao, Ciencias Contabeis, Pedagogia, Fonoaudiologia, Educacao Fisica, Servico Social", "campos_extrair": [{"nome": "oport.dados_custom.curso_interesse", "tipo": "string", "descricao": "Curso de interesse escolhido pelo candidato"}], "salvar_no_lead": true, "integracao_ia_id": 4}	1050	200	0	4	7
30	ia_respondedor	ia_respondedor	{"modelo": "gpt-4o-mini", "max_historico": 10, "system_prompt": "Voce e o Pedro, consultor da FATEPI/FAESPI.\\n\\nO candidato {{nome_razaosocial}} escolheu o curso {{curso}}.\\n\\nInforme que o curso e presencial, de segunda a sexta, das 18h30 as 21h40.\\n\\nDepois pergunte a forma de ingresso: Nota do ENEM, Prova Online ou Transferencia.\\n\\nTabela de valores:\\nDireito: Integral R$ 1.500 | Vestibular R$ 199 | ENEM R$ 49,99 | Transferencia R$ 99,99 | Mensalidade R$ 525\\nSistemas de Informacao: Integral R$ 1.000 | Vestibular R$ 149 | ENEM R$ 49,99 | Transferencia R$ 99,99 | Mensalidade R$ 350\\nPedagogia: Integral R$ 840 | Vestibular R$ 139 | ENEM R$ 49,99 | Transferencia R$ 99,99 | Mensalidade R$ 294\\nFonoaudiologia: Integral R$ 1.380 | Vestibular R$ 169 | ENEM R$ 49,99 | Transferencia R$ 99,99 | Mensalidade R$ 483\\nPsicologia: Integral R$ 1.630 | Vestibular R$ 199 | ENEM R$ 49,99 | Transferencia R$ 99,99 | Mensalidade R$ 570,50\\nFisioterapia: Integral R$ 1.380 | Vestibular R$ 169 | ENEM R$ 49,99 | Transferencia R$ 99,99 | Mensalidade R$ 483\\nEducacao Fisica: Integral R$ 840 | Vestibular R$ 139 | ENEM R$ 49,99 | Transferencia R$ 99,99 | Mensalidade R$ 294\\nEnfermagem: Integral R$ 1.380 | Vestibular R$ 169 | ENEM R$ 49,99 | Transferencia R$ 99,99 | Mensalidade R$ 483\\nAdministracao: Integral R$ 890 | Vestibular R$ 139 | ENEM R$ 49,99 | Transferencia R$ 99,99 | Mensalidade R$ 311,50\\nCiencias Contabeis: Integral R$ 890 | Vestibular R$ 139 | ENEM R$ 49,99 | Transferencia R$ 99,99 | Mensalidade R$ 311,50\\nServico Social: Integral R$ 840 | Vestibular R$ 139 | ENEM R$ 49,99 | Transferencia R$ 99,99 | Mensalidade R$ 294\\n\\nTexto puro sem markdown. Seja direto.", "integracao_ia_id": 4, "incluir_historico": true}	2300	100	0	4	7
31	finalizacao	finalizar	{"mensagem_final": "Obrigado pelo interesse! Em breve um consultor entrara em contato."}	2550	100	0	4	7
32	ia_respondedor	ia_respondedor	{"modelo": "gpt-4o-mini", "max_historico": 5, "system_prompt": "Voce e o Pedro, consultor da FATEPI/FAESPI.\\n\\nO candidato mencionou um curso que nao temos. Informe que nao temos esse curso e apresente as opcoes disponiveis:\\nDireito, Sistemas de Informacao, Psicologia, Enfermagem, Fisioterapia, Administracao, Ciencias Contabeis, Pedagogia, Fonoaudiologia, Educacao Fisica e Servico Social.\\n\\nPergunte qual deles ele gostaria de cursar. Texto puro sem markdown.", "integracao_ia_id": 4, "incluir_historico": false}	1550	400	0	4	7
213	entrada	inicio_fluxo	{"canal": "qualquer"}	50	100	2	9	7
212	questao	texto	{"titulo": "Ola! Sou o Pedro, consultor de ingresso da FATEPI/FAESPI. Que bom ter voce aqui!", "validacao": "texto", "espera_resposta": false}	250	100	1	9	7
214	questao	texto	{"titulo": "Qual o seu nome completo?", "ia_acao": "extrair", "ia_modelo": "gpt-4o-mini", "salvar_em": "nome_razaosocial", "validacao": "texto", "max_tentativas": 3, "espera_resposta": true, "integracao_ia_id": "4", "prompt_validacao": "Extraia o nome completo da pessoa. Se a mensagem nao for um nome de pessoa, retorne vazio.", "ia_campos_extrair": [{"nome": "nome_razaosocial", "tipo": "string", "descricao": "Nome completo da pessoa"}], "ia_salvar_no_lead": true, "pular_se_preenchido": true}	450	100	3	9	7
236	finalizacao	finalizar	{"score": 10, "mensagem_final": "Obrigado! Sua matricula foi registrada. Bem-vindo a FATEPI/FAESPI!"}	4200	100	25	9	7
237	finalizacao	finalizar	{"mensagem_final": "Quando quiser retomar, estamos a disposicao. Ate logo!"}	2800	350	26	9	7
216	condicao	campo_check	{"campo": "var.validacao_curso", "valor": "curso_valido", "operador": "igual"}	950	100	5	9	7
51	entrada	inicio_fluxo	{"canal": "whatsapp"}	50	300	0	6	7
52	questao	texto	{"titulo": "Ola! Sou o Pedro, consultor de ingresso da FATEPI/FAESPI. Para eu te passar os detalhes da bolsa, qual seu nome completo?", "ia_acao": "extrair", "ia_modelo": "gpt-4o-mini", "salvar_em": "nome_razaosocial", "validacao": "texto", "max_tentativas": 3, "espera_resposta": true, "integracao_ia_id": "4", "prompt_validacao": "Extraia o nome completo da pessoa.", "ia_campos_extrair": [{"nome": "nome_razaosocial", "tipo": "string", "descricao": "Nome completo"}], "ia_salvar_no_lead": true, "pular_se_preenchido": true}	300	300	0	6	7
53	ia_respondedor	ia_respondedor	{"modelo": "gpt-4o-mini", "max_historico": 5, "system_prompt": "Voce e o Pedro, consultor da FATEPI/FAESPI.\\nO candidato enviou uma mensagem que nao parece ser um nome.\\nResponda de forma breve e educada a qualquer duvida ou comentario dele, e depois peca novamente o nome completo.\\nTexto puro sem markdown. Seja breve.", "integracao_ia_id": 4, "incluir_historico": true}	300	500	0	6	7
54	questao	texto	{"titulo": "Prazer! Qual curso voce tem interesse? Nossos cursos: Direito, Sistemas de Informacao, Psicologia, Enfermagem, Fisioterapia, Administracao, Ciencias Contabeis, Pedagogia, Fonoaudiologia, Educacao Fisica e Servico Social.", "ia_acao": "classificar_extrair", "ia_modelo": "gpt-4o-mini", "validacao": "texto", "ia_categorias": ["curso_valido", "curso_invalido"], "max_tentativas": 3, "espera_resposta": true, "integracao_ia_id": "4", "prompt_validacao": "Cursos validos: Direito, Sistemas de Informacao, Psicologia, Enfermagem, Fisioterapia, Administracao, Ciencias Contabeis, Pedagogia, Fonoaudiologia, Educacao Fisica, Servico Social.", "ia_campos_extrair": [{"nome": "oport.dados_custom.curso_interesse", "tipo": "string", "descricao": "Curso escolhido"}], "ia_salvar_no_lead": true, "ia_variavel_saida": "validacao_curso"}	600	300	0	6	7
55	ia_classificador	ia_classificador	{"modelo": "gpt-4o-mini", "prompt": "O candidato estava sendo perguntado sobre qual curso tem interesse na FATEPI/FAESPI, mas respondeu algo diferente. Classifique a intencao da mensagem.", "categorias": ["duvida_valores", "duvida_horario", "duvida_localizacao", "saudacao", "outro"], "variavel_saida": "tipo_fallback", "integracao_ia_id": 4}	600	550	0	6	7
56	condicao	campo_check	{"campo": "var.tipo_fallback", "valor": "duvida_valores", "operador": "igual"}	900	550	0	6	7
57	ia_respondedor	ia_respondedor	{"modelo": "gpt-4o-mini", "max_historico": 5, "system_prompt": "Voce e o Pedro, consultor da FATEPI/FAESPI.\\nO candidato perguntou sobre valores. Responda de forma resumida:\\n\\nDireito: R$ 525/mes | Enfermagem: R$ 483/mes | Psicologia: R$ 570,50/mes | Sistemas: R$ 350/mes | Pedagogia: R$ 294/mes | Administracao: R$ 311,50/mes\\n\\nFormas de ingresso: ENEM (R$ 49,99), Prova Online (R$ 139-199), Transferencia (R$ 99,99).\\nBolsas progressivas: 65% em 2026.1, 60% em 2026.2, 55% em 2027.1, 50% a partir de 2027.2.\\n\\nDepois pergunte: Qual curso te interessou?\\nTexto puro sem markdown.", "integracao_ia_id": 4, "incluir_historico": true}	1200	450	0	6	7
58	ia_respondedor	ia_respondedor	{"modelo": "gpt-4o-mini", "max_historico": 5, "system_prompt": "Voce e o Pedro, consultor da FATEPI/FAESPI.\\nO candidato fez uma pergunta ou comentario fora do esperado.\\nInformacoes uteis:\\n- Localizacao: Rua Primeiro de Maio, 2235, Bairro Primavera, Teresina - PI\\n- Contatos: (86) 2107-2200 | contato@faespi.com.br\\n- Horario: segunda a sexta, 18h30 as 21h40\\n- Prova Online: prova.fatepifaespi.com.br\\n\\nResponda a duvida de forma breve e depois pergunte: Qual curso voce tem interesse?\\nTexto puro sem markdown.", "integracao_ia_id": 4, "incluir_historico": true}	1200	650	0	6	7
59	condicao	campo_check	{"campo": "var.validacao_curso", "valor": "curso_valido", "operador": "igual"}	900	300	0	6	7
60	questao	texto	{"titulo": "Desculpe, nao temos esse curso. Nossos cursos: Direito, Sistemas de Informacao, Psicologia, Enfermagem, Fisioterapia, Administracao, Ciencias Contabeis, Pedagogia, Fonoaudiologia, Educacao Fisica e Servico Social. Qual te interessa?", "ia_acao": "classificar_extrair", "ia_modelo": "gpt-4o-mini", "validacao": "texto", "ia_categorias": ["curso_valido", "curso_invalido"], "espera_resposta": true, "integracao_ia_id": "4", "prompt_validacao": "Cursos validos: Direito, Sistemas de Informacao, Psicologia, Enfermagem, Fisioterapia, Administracao, Ciencias Contabeis, Pedagogia, Fonoaudiologia, Educacao Fisica, Servico Social.", "ia_campos_extrair": [{"nome": "oport.dados_custom.curso_interesse", "tipo": "string", "descricao": "Curso escolhido"}], "ia_salvar_no_lead": true, "ia_variavel_saida": "validacao_curso"}	900	150	0	6	7
61	acao	criar_oportunidade	{"titulo": "{{lead_nome}} - {{oport_dados_custom_curso_interesse}}"}	1200	300	0	6	7
62	acao	mover_estagio	{"estagio": "qualificacao"}	1500	300	0	6	7
63	questao	texto	{"titulo": "O curso e presencial, de segunda a sexta, das 18h30 as 21h40. Como voce pretende ingressar: Nota do ENEM, Prova Online ou Transferencia?", "ia_acao": "extrair", "ia_modelo": "gpt-4o-mini", "validacao": "texto", "espera_resposta": true, "integracao_ia_id": "4", "prompt_validacao": "Formas de ingresso validas: ENEM, Prova Online, Transferencia.", "ia_campos_extrair": [{"nome": "oport.dados_custom.forma_ingresso", "tipo": "string", "descricao": "Forma de ingresso"}], "ia_salvar_no_lead": true}	1800	300	0	6	7
64	ia_respondedor	ia_respondedor	{"modelo": "gpt-4o-mini", "max_historico": 5, "system_prompt": "Voce e o Pedro, consultor da FATEPI/FAESPI.\\nO candidato {{nome_razaosocial}} escolheu {{oport_dados_custom_curso_interesse}}.\\nEle respondeu algo que nao e uma forma de ingresso valida.\\nResponda qualquer duvida dele e depois repita:\\nAs formas de ingresso sao: Nota do ENEM, Prova Online ou Transferencia.\\n- ENEM: envie o print da nota\\n- Prova Online: acesse prova.fatepifaespi.com.br\\n- Transferencia: envie o historico academico\\n\\nTexto puro sem markdown.", "integracao_ia_id": 4, "incluir_historico": true}	1800	500	0	6	7
65	acao	mover_estagio	{"estagio": "qualificado"}	2100	300	0	6	7
66	ia_respondedor	ia_respondedor	{"modelo": "gpt-4o-mini", "max_historico": 10, "system_prompt": "Voce e o Pedro, consultor da FATEPI/FAESPI.\\n\\nO candidato {{nome_razaosocial}} escolheu {{oport_dados_custom_curso_interesse}} e vai ingressar via {{oport_dados_custom_forma_ingresso}}.\\n\\nApresente os valores usando a coluna correta (ENEM, Vestibular/Prova Online, ou Transferencia).\\nApresente: Valor Integral, Matricula Promocional e Mensalidade.\\nBolsas progressivas: 65% em 2026.1, 60% em 2026.2, 55% em 2027.1, 50% a partir de 2027.2.\\n\\nNo final pergunte: Se garantirmos essa condicao hoje, voce consegue finalizar sua matricula?\\n\\nTabela:\\nDireito: Integral R$ 1.500 | Vestibular R$ 199 | ENEM R$ 49,99 | Transferencia R$ 99,99 | Mensalidade R$ 525\\nSistemas de Informacao: Integral R$ 1.000 | Vestibular R$ 149 | ENEM R$ 49,99 | Transferencia R$ 99,99 | Mensalidade R$ 350\\nPedagogia: Integral R$ 840 | Vestibular R$ 139 | ENEM R$ 49,99 | Transferencia R$ 99,99 | Mensalidade R$ 294\\nFonoaudiologia: Integral R$ 1.380 | Vestibular R$ 169 | ENEM R$ 49,99 | Transferencia R$ 99,99 | Mensalidade R$ 483\\nPsicologia: Integral R$ 1.630 | Vestibular R$ 199 | ENEM R$ 49,99 | Transferencia R$ 99,99 | Mensalidade R$ 570,50\\nFisioterapia: Integral R$ 1.380 | Vestibular R$ 169 | ENEM R$ 49,99 | Transferencia R$ 99,99 | Mensalidade R$ 483\\nEducacao Fisica: Integral R$ 840 | Vestibular R$ 139 | ENEM R$ 49,99 | Transferencia R$ 99,99 | Mensalidade R$ 294\\nEnfermagem: Integral R$ 1.380 | Vestibular R$ 169 | ENEM R$ 49,99 | Transferencia R$ 99,99 | Mensalidade R$ 483\\nAdministracao: Integral R$ 890 | Vestibular R$ 139 | ENEM R$ 49,99 | Transferencia R$ 99,99 | Mensalidade R$ 311,50\\nCiencias Contabeis: Integral R$ 890 | Vestibular R$ 139 | ENEM R$ 49,99 | Transferencia R$ 99,99 | Mensalidade R$ 311,50\\nServico Social: Integral R$ 840 | Vestibular R$ 139 | ENEM R$ 49,99 | Transferencia R$ 99,99 | Mensalidade R$ 294\\n\\nTexto puro sem markdown.", "integracao_ia_id": 4, "incluir_historico": true}	2400	300	0	6	7
67	questao	texto	{"titulo": "", "ia_acao": "classificar", "ia_modelo": "gpt-4o-mini", "validacao": "texto", "ia_categorias": ["sim", "nao", "duvida"], "espera_resposta": false, "integracao_ia_id": "4", "prompt_validacao": "O candidato respondeu sobre fazer a matricula. Classifique a intencao.", "ia_variavel_saida": "decisao_matricula"}	2700	300	0	6	7
68	condicao	campo_check	{"campo": "var.decisao_matricula", "valor": "sim", "operador": "igual"}	3000	300	0	6	7
69	acao	mover_estagio	{"estagio": "agendado"}	3300	200	0	6	7
70	questao	texto	{"titulo": "Excelente! Para garantir sua vaga, realize o pagamento pelo PIX abaixo:\\n\\nPIX: 00020126580014br.gov.bcb.pix013652d3c4c3-6213-459a-bd59-ac47480dd1945204000053039865802BR5925GILCIFRAN VIEIRA DE SOUSA6008TERESINA62070503***630427D9\\n\\nAssim que realizar o pagamento, me envie o comprovante!", "validacao": "texto", "espera_resposta": true}	3600	200	0	6	7
71	acao	mover_estagio	{"estagio": "matriculado"}	3900	200	0	6	7
72	finalizacao	finalizar	{"score": 10, "mensagem_final": "Obrigado! Sua matricula foi registrada. Bem-vindo a FATEPI/FAESPI!"}	4200	200	0	6	7
73	ia_respondedor	ia_respondedor	{"modelo": "gpt-4o-mini", "max_historico": 5, "system_prompt": "Voce e o Pedro, consultor da FATEPI/FAESPI.\\nO candidato nao quis finalizar a matricula ou tem duvidas.\\nResponda de forma prestativa e informe que pode retomar quando quiser.\\nContato: (86) 2107-2200 | contato@faespi.com.br\\nTexto puro sem markdown.", "integracao_ia_id": 4, "incluir_historico": true}	3300	450	0	6	7
74	finalizacao	finalizar	{"mensagem_final": "Quando quiser retomar, estamos a disposicao. Ate logo!"}	3600	450	0	6	7
218	acao	criar_oportunidade	{"titulo": "{{lead_nome}} - {{oport_dados_custom_curso_interesse}}"}	1150	100	7	9	7
219	acao	mover_estagio	{"estagio": "qualificacao"}	1350	100	8	9	7
217	questao	texto	{"titulo": "Desculpe, nao temos esse curso. Nossos cursos: Direito, Sistemas de Informacao, Psicologia, Enfermagem, Fisioterapia, Administracao, Ciencias Contabeis, Pedagogia, Fonoaudiologia, Educacao Fisica, Servico Social. Qual te interessa?", "ia_acao": "classificar_extrair", "ia_modelo": "gpt-4o-mini", "validacao": "texto", "ia_categorias": ["curso_valido", "curso_invalido"], "espera_resposta": true, "integracao_ia_id": "4", "prompt_validacao": "Cursos validos: Direito, Sistemas de Informacao, Psicologia, Enfermagem, Fisioterapia, Administracao, Ciencias Contabeis, Pedagogia, Fonoaudiologia, Educacao Fisica, Servico Social.", "ia_campos_extrair": [{"nome": "oport.dados_custom.curso_interesse", "tipo": "string", "descricao": "Curso escolhido pelo candidato"}], "ia_salvar_no_lead": true, "ia_variavel_saida": "validacao_curso"}	950	300	6	9	7
220	questao	texto	{"titulo": "O curso e presencial, de segunda a sexta, das 18h30 as 21h40. Como voce pretende ingressar: Nota do ENEM, Prova Online ou Transferencia?", "ia_acao": "extrair", "ia_modelo": "gpt-4o-mini", "validacao": "texto", "espera_resposta": true, "integracao_ia_id": "4", "prompt_validacao": "O candidato esta informando como pretende ingressar na faculdade. Extraia a forma de ingresso. Mapeie: \\"nota do enem\\"/\\"enem\\" = ENEM, \\"vestibular\\"/\\"prova\\"/\\"prova online\\" = Prova Online, \\"transferencia\\"/\\"transferir\\" = Transferencia, \\"segunda graduacao\\" = Segunda Graduacao. Se a mensagem NAO for sobre forma de ingresso (ex: pergunta, duvida), retorne forma_ingresso vazio.", "ia_campos_extrair": [{"nome": "oport.dados_custom.forma_ingresso", "tipo": "string", "descricao": "Forma de ingresso escolhida. Valores possiveis: ENEM, Prova Online, Transferencia, Segunda Graduacao"}], "ia_salvar_no_lead": true}	1550	100	9	9	7
221	acao	mover_estagio	{"estagio": "qualificado"}	1750	100	10	9	7
93	condicao	campo_check	{"campo": "var.decisao_matricula", "valor": "sim", "operador": "igual"}	2550	300	1	5	7
94	acao	mover_estagio	{"estagio": "agendado"}	2800	200	2	5	7
95	questao	texto	{"titulo": "", "ia_acao": "classificar", "ia_modelo": "gpt-4o-mini", "validacao": "texto", "ia_categorias": ["sim", "nao", "duvida"], "espera_resposta": false, "integracao_ia_id": "4", "prompt_validacao": "O candidato respondeu sobre fazer a matricula. Classifique a intencao.", "ia_variavel_saida": "decisao_matricula"}	2300	300	3	5	7
96	entrada	inicio_fluxo	{"canal": "whatsapp"}	50	300	4	5	7
97	questao	texto	{"titulo": "Ola! Sou o Pedro, consultor de ingresso da FATEPI/FAESPI. Para eu te passar os detalhes da bolsa, qual seu nome completo?", "ia_acao": "extrair", "ia_modelo": "gpt-4o-mini", "salvar_em": "nome_razaosocial", "validacao": "texto", "mensagem_erro": "Por favor, me informe seu nome completo.", "max_tentativas": 3, "espera_resposta": true, "integracao_ia_id": "4", "prompt_validacao": "Extraia o nome completo da pessoa da mensagem.", "ia_campos_extrair": [{"nome": "nome_razaosocial", "tipo": "string", "descricao": "Nome completo da pessoa"}], "ia_salvar_no_lead": true}	300	300	5	5	7
98	questao	texto	{"titulo": "Prazer! Qual curso voce tem interesse? Nossos cursos: Direito, Sistemas de Informacao, Psicologia, Enfermagem, Fisioterapia, Administracao, Ciencias Contabeis, Pedagogia, Fonoaudiologia, Educacao Fisica e Servico Social.", "ia_acao": "classificar_extrair", "ia_modelo": "gpt-4o-mini", "validacao": "texto", "ia_categorias": ["curso_valido", "curso_invalido"], "mensagem_erro": "Por favor, escolha um dos cursos listados.", "max_tentativas": 3, "espera_resposta": true, "integracao_ia_id": "4", "prompt_validacao": "Cursos validos: Direito, Sistemas de Informacao, Psicologia, Enfermagem, Fisioterapia, Administracao, Ciencias Contabeis, Pedagogia, Fonoaudiologia, Educacao Fisica, Servico Social. Verifique se o usuario mencionou um curso valido.", "ia_campos_extrair": [{"nome": "oport.dados_custom.curso_interesse", "tipo": "string", "descricao": "Curso de interesse escolhido"}], "ia_salvar_no_lead": true, "ia_variavel_saida": "validacao_curso"}	550	300	6	5	7
99	condicao	campo_check	{"campo": "var.validacao_curso", "valor": "curso_valido", "operador": "igual"}	800	300	7	5	7
100	questao	texto	{"titulo": "Desculpe, nao temos esse curso. Nossos cursos sao: Direito, Sistemas de Informacao, Psicologia, Enfermagem, Fisioterapia, Administracao, Ciencias Contabeis, Pedagogia, Fonoaudiologia, Educacao Fisica e Servico Social. Qual deles te interessa?", "ia_acao": "classificar_extrair", "ia_modelo": "gpt-4o-mini", "validacao": "texto", "ia_categorias": ["curso_valido", "curso_invalido"], "espera_resposta": true, "integracao_ia_id": "4", "prompt_validacao": "Cursos validos: Direito, Sistemas de Informacao, Psicologia, Enfermagem, Fisioterapia, Administracao, Ciencias Contabeis, Pedagogia, Fonoaudiologia, Educacao Fisica, Servico Social.", "ia_campos_extrair": [{"nome": "oport.dados_custom.curso_interesse", "tipo": "string", "descricao": "Curso de interesse"}], "ia_salvar_no_lead": true, "ia_variavel_saida": "validacao_curso"}	800	500	8	5	7
101	acao	criar_oportunidade	{"titulo": "{{lead_nome}} - {{oport_dados_custom_curso_interesse}}"}	1050	300	9	5	7
102	acao	mover_estagio	{"estagio": "qualificacao"}	1300	300	10	5	7
103	questao	texto	{"titulo": "O curso e presencial, de segunda a sexta, das 18h30 as 21h40. Como voce pretende ingressar: Nota do ENEM, Prova Online ou Transferencia?", "ia_acao": "extrair", "ia_modelo": "gpt-4o-mini", "validacao": "texto", "espera_resposta": true, "integracao_ia_id": "4", "prompt_validacao": "Formas de ingresso validas: ENEM, Prova Online, Transferencia.", "ia_campos_extrair": [{"nome": "oport.dados_custom.forma_ingresso", "tipo": "string", "descricao": "Forma de ingresso: ENEM, Prova Online ou Transferencia"}], "ia_salvar_no_lead": true}	1550	300	11	5	7
104	acao	mover_estagio	{"estagio": "qualificado"}	1800	300	12	5	7
105	ia_respondedor	ia_respondedor	{"modelo": "gpt-4o-mini", "max_historico": 10, "system_prompt": "Voce e o Pedro, consultor da FATEPI/FAESPI.\\n\\nO candidato {{nome_razaosocial}} escolheu o curso {{oport_dados_custom_curso_interesse}} e vai ingressar via {{oport_dados_custom_forma_ingresso}}.\\n\\nApresente os valores do curso usando a coluna correta da tabela (ENEM, Vestibular/Prova Online, ou Transferencia).\\n\\nApresente: Valor Integral, Matricula Promocional e Mensalidade.\\nDepois apresente as bolsas progressivas: 65% em 2026.1, 60% em 2026.2, 55% em 2027.1, 50% a partir de 2027.2.\\n\\nNo final pergunte: Se garantirmos essa condicao hoje, voce consegue finalizar sua matricula?\\n\\nTabela de valores:\\nDireito: Integral R$ 1.500 | Vestibular R$ 199 | ENEM R$ 49,99 | Transferencia R$ 99,99 | Mensalidade R$ 525\\nSistemas de Informacao: Integral R$ 1.000 | Vestibular R$ 149 | ENEM R$ 49,99 | Transferencia R$ 99,99 | Mensalidade R$ 350\\nPedagogia: Integral R$ 840 | Vestibular R$ 139 | ENEM R$ 49,99 | Transferencia R$ 99,99 | Mensalidade R$ 294\\nFonoaudiologia: Integral R$ 1.380 | Vestibular R$ 169 | ENEM R$ 49,99 | Transferencia R$ 99,99 | Mensalidade R$ 483\\nPsicologia: Integral R$ 1.630 | Vestibular R$ 199 | ENEM R$ 49,99 | Transferencia R$ 99,99 | Mensalidade R$ 570,50\\nFisioterapia: Integral R$ 1.380 | Vestibular R$ 169 | ENEM R$ 49,99 | Transferencia R$ 99,99 | Mensalidade R$ 483\\nEducacao Fisica: Integral R$ 840 | Vestibular R$ 139 | ENEM R$ 49,99 | Transferencia R$ 99,99 | Mensalidade R$ 294\\nEnfermagem: Integral R$ 1.380 | Vestibular R$ 169 | ENEM R$ 49,99 | Transferencia R$ 99,99 | Mensalidade R$ 483\\nAdministracao: Integral R$ 890 | Vestibular R$ 139 | ENEM R$ 49,99 | Transferencia R$ 99,99 | Mensalidade R$ 311,50\\nCiencias Contabeis: Integral R$ 890 | Vestibular R$ 139 | ENEM R$ 49,99 | Transferencia R$ 99,99 | Mensalidade R$ 311,50\\nServico Social: Integral R$ 840 | Vestibular R$ 139 | ENEM R$ 49,99 | Transferencia R$ 99,99 | Mensalidade R$ 294\\n\\nTexto puro sem markdown. Paragrafos curtos.", "integracao_ia_id": 4, "incluir_historico": true}	2050	300	13	5	7
106	questao	texto	{"titulo": "Excelente! Para garantir sua vaga, realize o pagamento da matricula pelo PIX abaixo:\\n\\nPIX: 00020126580014br.gov.bcb.pix013652d3c4c3-6213-459a-bd59-ac47480dd1945204000053039865802BR5925GILCIFRAN VIEIRA DE SOUSA6008TERESINA62070503***630427D9\\n\\nAssim que realizar o pagamento, me envie o comprovante para confirmarmos sua matricula!", "validacao": "texto", "espera_resposta": true}	3050	200	14	5	7
107	acao	mover_estagio	{"estagio": "matriculado"}	3300	200	15	5	7
108	finalizacao	finalizar	{"score": 10, "mensagem_final": "Obrigado! Sua matricula foi registrada. Bem-vindo a FATEPI/FAESPI!"}	3550	200	16	5	7
109	ia_respondedor	ia_respondedor	{"modelo": "gpt-4o-mini", "max_historico": 5, "system_prompt": "Voce e o Pedro, consultor da FATEPI/FAESPI.\\n\\nO candidato tem uma duvida. Responda de forma prestativa usando as informacoes:\\n- Localizacao: Rua Primeiro de Maio, 2235, Bairro Primavera, Teresina - PI\\n- Contatos: (86) 2107-2200 | contato@faespi.com.br\\n- Nota do ENEM: Envie o print da sua nota para validarmos\\n- Prova Online: Acesse prova.fatepifaespi.com.br\\n- Transferencia: Envie seu historico academico\\n\\nApos responder, pergunte novamente se deseja finalizar a matricula.\\nTexto puro sem markdown.", "integracao_ia_id": 4, "incluir_historico": true}	2550	500	17	5	7
110	finalizacao	finalizar	{"mensagem_final": "Entendo! Quando quiser retomar, estamos a disposicao. Ate logo!"}	2800	500	18	5	7
223	questao	texto	{"titulo": "", "ia_acao": "classificar", "ia_modelo": "gpt-4o-mini", "validacao": "texto", "ia_categorias": ["sim", "nao", "duvida"], "espera_resposta": false, "integracao_ia_id": "4", "prompt_validacao": "O candidato respondeu sobre fazer a matricula. Classifique a intencao: sim (quer matricular), nao (nao quer), duvida (ainda tem duvidas).", "ia_variavel_saida": "decisao_matricula"}	2150	100	12	9	7
224	condicao	campo_check	{"campo": "var.decisao_matricula", "valor": "sim", "operador": "igual"}	2350	100	13	9	7
230	acao	mover_estagio	{"estagio": "agendado"}	2550	100	19	9	7
226	condicao	campo_check	{"campo": "var.oport_dados_custom_forma_ingresso", "valor": "ENEM", "operador": "igual"}	2750	100	15	9	7
228	questao	texto	{"titulo": "Para ingressar via ENEM, preciso que voce envie o print ou foto da sua nota do ENEM (minimo 400 pontos). Pode enviar agora!", "validacao": "texto", "espera_resposta": true}	3000	50	17	9	7
225	condicao	campo_check	{"campo": "var.oport_dados_custom_forma_ingresso", "valor": "Prova Online", "operador": "igual"}	3000	200	14	9	7
229	questao	texto	{"titulo": "Para ingressar via Prova Online, acesse o link abaixo e realize sua prova:\\n\\nprova.fatepifaespi.com.br\\n\\nA prova e online, o resultado sai em ate 48h. Assim que for aprovado, seguimos com a matricula!", "validacao": "texto", "espera_resposta": false}	3250	200	18	9	7
227	questao	select	{"titulo": "Antes de continuar, como voce conheceu a FATEPI?", "ia_acao": "extrair", "ia_modelo": "gpt-4o-mini", "salvar_em": "observacoes", "validacao": "texto", "espera_resposta": true, "opcoes_resposta": ["Instagram", "Facebook", "Google", "Indicacao de amigo", "Passou na frente", "Outro"], "integracao_ia_id": "4", "prompt_validacao": "Extraia como o candidato conheceu a FATEPI.", "ia_campos_extrair": [{"nome": "oport.dados_custom.como_conheceu", "tipo": "string", "descricao": "Como o candidato conheceu a faculdade"}], "ia_salvar_no_lead": true}	3750	100	16	9	7
231	questao	texto	{"titulo": "Excelente! Para garantir sua vaga, realize o pagamento pelo PIX abaixo:\\n\\nPIX: 00020126580014br.gov.bcb.pix013652d3c4c3-6213-459a-bd59-ac47480dd1945204000053039865802BR5925GILCIFRAN VIEIRA DE SOUSA6008TERESINA62070503***630427D9\\n\\nAssim que realizar o pagamento, me envie o comprovante!\\nNosso horario de confirmacao e de segunda a sexta, das 8h as 18h.", "validacao": "texto", "espera_resposta": true}	3500	100	20	9	7
232	acao	mover_estagio	{"estagio": "matriculado"}	3950	100	21	9	7
233	ia_respondedor	ia_respondedor	{"modelo": "gpt-4o-mini", "max_historico": 10, "system_prompt": "Voce e o Pedro, consultor da FATEPI/FAESPI.\\nO candidato {{nome_razaosocial}} disse que nao quer matricular agora.\\nPergunte educadamente o motivo. Ofereca:\\n- Desconto especial para decisao hoje\\n- Agendar uma visita presencial\\n- Enviar mais informacoes por email\\nSe mesmo assim nao quiser, deseje boa sorte e diga que pode retomar quando quiser.\\nTexto puro sem markdown.", "integracao_ia_id": 4, "incluir_historico": true}	2550	350	22	9	7
235	transferir_humano	transferir_humano	{"fila_id": "6", "mensagem": ""}	3950	350	26	9	7
234	ia_agente	ia_agente	{"modelo": "gpt-4o-mini", "max_turnos": 10, "system_prompt": "Voce e o Pedro, assistente virtual da FATEPI/FAESPI (Faculdade de Tecnologia de Teresina).\\nO candidato fez uma pergunta ou comentario durante o processo de inscricao.\\nResponda de forma clara, objetiva e educada. Texto puro sem markdown.\\nUse as tools disponiveis para responder com precisao sobre o tema.", "integracao_ia_id": "4", "mensagem_timeout": "Desculpe, nao consegui processar. Vamos continuar com a inscricao.", "tools_habilitadas": [], "tools_customizadas": [{"nome": "consultor_comercial", "prompt": "Voce e o consultor comercial da FATEPI/FAESPI.\\nResponda duvidas sobre valores e condicoes comerciais.\\n\\nTabela de precos:\\nDireito: Integral R$ 1.500 | Vestibular R$ 199 | ENEM R$ 49,99 | Transferencia R$ 99,99 | Mensalidade R$ 525\\nSistemas de Informacao: Integral R$ 1.000 | Vestibular R$ 149 | ENEM R$ 49,99 | Transferencia R$ 99,99 | Mensalidade R$ 350\\nPedagogia: Integral R$ 840 | Vestibular R$ 139 | ENEM R$ 49,99 | Transferencia R$ 99,99 | Mensalidade R$ 294\\nFonoaudiologia: Integral R$ 1.380 | Vestibular R$ 169 | ENEM R$ 49,99 | Transferencia R$ 99,99 | Mensalidade R$ 483\\nPsicologia: Integral R$ 1.630 | Vestibular R$ 199 | ENEM R$ 49,99 | Transferencia R$ 99,99 | Mensalidade R$ 570,50\\nFisioterapia: Integral R$ 1.380 | Vestibular R$ 169 | ENEM R$ 49,99 | Transferencia R$ 99,99 | Mensalidade R$ 483\\nEducacao Fisica: Integral R$ 840 | Vestibular R$ 139 | ENEM R$ 49,99 | Transferencia R$ 99,99 | Mensalidade R$ 294\\nEnfermagem: Integral R$ 1.380 | Vestibular R$ 169 | ENEM R$ 49,99 | Transferencia R$ 99,99 | Mensalidade R$ 483\\nAdministracao: Integral R$ 890 | Vestibular R$ 139 | ENEM R$ 49,99 | Transferencia R$ 99,99 | Mensalidade R$ 311,50\\nCiencias Contabeis: Integral R$ 890 | Vestibular R$ 139 | ENEM R$ 49,99 | Transferencia R$ 99,99 | Mensalidade R$ 311,50\\nServico Social: Integral R$ 840 | Vestibular R$ 139 | ENEM R$ 49,99 | Transferencia R$ 99,99 | Mensalidade R$ 294\\n\\nBolsas progressivas: 65% em 2026.1, 60% em 2026.2, 55% em 2027.1, 50% a partir de 2027.2.\\n\\nFormas de ingresso e taxas:\\n- ENEM: R$ 49,99 (nota minima 400 pontos)\\n- Prova Online/Vestibular: R$ 139 a R$ 199 conforme curso\\n- Transferencia: R$ 99,99\\n\\nPagamento: boleto, cartao, PIX.\\nTexto puro sem markdown.", "descricao": "Responde duvidas sobre valores, mensalidades, bolsas, descontos e formas de pagamento dos cursos"}, {"nome": "info_academica", "prompt": "Voce e o coordenador academico da FATEPI/FAESPI.\\nCursos disponiveis: Direito, Sistemas de Informacao, Psicologia, Enfermagem, Fisioterapia, Administracao, Ciencias Contabeis, Pedagogia, Fonoaudiologia, Educacao Fisica, Servico Social.\\nTodos presenciais, noturno: segunda a sexta, 18h30 as 21h40.\\nDuracoes: Direito/Psicologia/Enfermagem/Fisioterapia (5 anos), demais (4 anos).\\nLocalizacao: Rua Primeiro de Maio, 2235, Bairro Primavera, Teresina - PI.\\nEstrutura: laboratorios, biblioteca, quadra, estacionamento, cantina.\\nContato: (86) 2107-2200 | contato@faespi.com.br\\nTexto puro sem markdown.", "descricao": "Responde sobre cursos, horarios, grade curricular, duracao, localizacao e estrutura da faculdade"}, {"nome": "suporte_geral", "prompt": "Voce e o atendente da FATEPI/FAESPI.\\nDocumentos para matricula: RG, CPF, comprovante de residencia, historico escolar, foto 3x4.\\nENEM: envie o print da nota (minimo 400 pontos).\\nProva Online: acesse prova.fatepifaespi.com.br, resultado em 48h.\\nTransferencia: envie historico academico + ementa das disciplinas.\\nHorario de atendimento: segunda a sexta, 8h as 21h.\\nContato: (86) 2107-2200 | contato@faespi.com.br\\nTexto puro sem markdown.", "descricao": "Responde sobre processo seletivo, documentos necessarios, prazos e informacoes gerais da FATEPI"}]}	700	500	24	9	7
\.


--
-- Data for Name: atendimentos_fluxo; Type: TABLE DATA; Schema: public; Owner: -
--

COPY public.atendimentos_fluxo (id, status, questao_atual, total_questoes, questoes_respondidas, data_inicio, data_ultima_atividade, data_conclusao, tempo_total, tentativas_atual, max_tentativas, dados_respostas, observacoes, ip_origem, user_agent, dispositivo, id_externo, resultado_final, score_qualificacao, historico_contato_id, lead_id, tenant_id, fluxo_id, nodo_atual_id, motivo_finalizacao, recontato_proximo_em, recontato_tentativas) FROM stdin;
1	finalizado	1	5	0	2026-04-03 22:49:26.784108-03	2026-04-03 22:49:26.784108-03	\N	\N	0	3	{}	\N	\N	\N	\N	\N	\N	\N	\N	1	4	1	\N		\N	0
2	finalizado	1	5	0	2026-04-03 22:49:26.790574-03	2026-04-03 22:49:26.790574-03	\N	\N	0	3	{}	\N	\N	\N	\N	\N	\N	\N	\N	2	4	1	\N		\N	0
3	finalizado	1	5	0	2026-04-03 22:49:26.792576-03	2026-04-03 22:49:26.792576-03	\N	\N	0	3	{}	\N	\N	\N	\N	\N	\N	\N	\N	3	4	1	\N		\N	0
4	em_andamento	1	5	0	2026-04-03 22:49:26.795944-03	2026-04-03 22:49:26.795944-03	\N	\N	0	3	{}	\N	\N	\N	\N	\N	\N	\N	\N	4	4	1	\N		\N	0
5	finalizado	1	5	0	2026-04-03 22:49:26.798925-03	2026-04-03 22:49:26.798925-03	\N	\N	0	3	{}	\N	\N	\N	\N	\N	\N	\N	\N	5	4	1	\N		\N	0
6	finalizado	1	5	0	2026-04-03 22:49:26.802435-03	2026-04-03 22:49:26.803545-03	\N	\N	0	3	{}	\N	\N	\N	\N	\N	\N	\N	\N	6	4	1	\N		\N	0
7	em_andamento	1	5	0	2026-04-03 22:49:26.807501-03	2026-04-03 22:49:26.807501-03	\N	\N	0	3	{}	\N	\N	\N	\N	\N	\N	\N	\N	7	4	1	\N		\N	0
8	finalizado	1	5	0	2026-04-03 22:49:26.811516-03	2026-04-03 22:49:26.811516-03	\N	\N	0	3	{}	\N	\N	\N	\N	\N	\N	\N	\N	8	4	1	\N		\N	0
9	em_andamento	1	5	0	2026-04-03 22:49:26.814075-03	2026-04-03 22:49:26.815081-03	\N	\N	0	3	{}	\N	\N	\N	\N	\N	\N	\N	\N	9	4	1	\N		\N	0
10	em_andamento	1	5	0	2026-04-03 22:49:26.819119-03	2026-04-03 22:49:26.819119-03	\N	\N	0	3	{}	\N	\N	\N	\N	\N	\N	\N	\N	10	4	1	\N		\N	0
11	em_andamento	1	5	0	2026-04-03 22:49:26.822573-03	2026-04-03 22:49:26.822573-03	\N	\N	0	3	{}	\N	\N	\N	\N	\N	\N	\N	\N	11	4	1	\N		\N	0
12	em_andamento	1	5	0	2026-04-03 22:49:26.827831-03	2026-04-03 22:49:26.827831-03	\N	\N	0	3	{}	\N	\N	\N	\N	\N	\N	\N	\N	12	4	1	\N		\N	0
35	iniciado	1	5	0	2026-03-24 09:37:11.169925-03	2026-04-09 09:37:11.172928-03	\N	\N	0	3	{}	\N	\N	\N	\N	\N	\N	\N	\N	86	8	7	\N		\N	0
36	em_andamento	1	5	3	2026-04-05 09:37:11.174221-03	2026-04-09 09:37:11.175235-03	\N	\N	0	3	{}	\N	\N	\N	\N	\N	\N	\N	\N	85	8	7	\N		\N	0
37	completado	1	5	0	2026-03-22 09:37:11.175946-03	2026-04-09 09:37:11.175946-03	2026-03-22 10:29:11.175946-03	141	0	3	{}	\N	\N	\N	\N	\N	\N	6	\N	84	8	7	\N		\N	0
38	completado	1	5	2	2026-03-24 09:37:11.176949-03	2026-04-09 09:37:11.177951-03	2026-03-24 10:09:11.176949-03	2042	0	3	{}	\N	\N	\N	\N	\N	\N	9	\N	83	8	7	\N		\N	0
39	completado	1	5	4	2026-03-25 09:37:11.179162-03	2026-04-09 09:37:11.180166-03	2026-03-25 09:57:11.179162-03	1510	0	3	{}	\N	\N	\N	\N	\N	\N	8	\N	82	8	7	\N		\N	0
40	abandonado	1	5	4	2026-03-25 09:37:11.180166-03	2026-04-09 09:37:11.181719-03	\N	\N	0	3	{}	\N	\N	\N	\N	\N	\N	\N	\N	81	8	7	\N		\N	0
41	iniciado	1	5	0	2026-03-25 09:37:11.181719-03	2026-04-09 09:37:11.182724-03	\N	\N	0	3	{}	\N	\N	\N	\N	\N	\N	\N	\N	80	8	7	\N		\N	0
42	em_andamento	1	5	3	2026-03-29 09:37:11.182724-03	2026-04-09 09:37:11.183896-03	\N	\N	0	3	{}	\N	\N	\N	\N	\N	\N	\N	\N	79	8	7	\N		\N	0
43	completado	1	5	0	2026-03-22 09:37:11.183896-03	2026-04-09 09:37:11.184896-03	2026-03-22 09:51:11.183896-03	767	0	3	{}	\N	\N	\N	\N	\N	\N	10	\N	78	8	7	\N		\N	0
44	completado	1	5	5	2026-03-28 09:37:11.184896-03	2026-04-09 09:37:11.1864-03	2026-03-28 10:01:11.184896-03	1493	0	3	{}	\N	\N	\N	\N	\N	\N	10	\N	77	8	7	\N		\N	0
45	completado	1	5	5	2026-03-22 09:37:11.187405-03	2026-04-09 09:37:11.188405-03	2026-03-22 10:29:11.187405-03	3122	0	3	{}	\N	\N	\N	\N	\N	\N	8	\N	76	8	7	\N		\N	0
22	completado	1	3	3	2026-04-06 18:14:22.426287-03	2026-04-06 18:14:40.125103-03	2026-04-06 18:14:40.125103-03	17	0	3	{"2": {"titulo": "Qual seu nome completo?", "valida": true, "resposta": "Lucas Rodrigues", "nodo_tipo": "texto", "data_resposta": "2026-04-06T21:14:28.360316+00:00"}, "3": {"titulo": "Em qual cidade voce mora?", "valida": true, "resposta": "Teresina", "nodo_tipo": "texto", "data_resposta": "2026-04-06T21:14:34.260319+00:00"}, "7": {"titulo": "Qual plano te interessa?", "valida": true, "resposta": "1", "nodo_tipo": "select", "data_resposta": "2026-04-06T21:14:40.119420+00:00"}}	\N	\N	\N	\N	\N	\N	8	\N	52	3	3	\N		\N	0
46	abandonado	1	5	3	2026-04-02 09:37:11.188909-03	2026-04-09 09:37:11.189914-03	\N	\N	0	3	{}	\N	\N	\N	\N	\N	\N	\N	\N	75	8	7	\N		\N	0
54	cancelado	1	0	0	2026-04-09 23:21:12.965969-03	2026-04-09 23:21:12.965969-03	\N	\N	0	3	{"121": {"pulada": true, "valida": true, "resposta": "Lead Teste", "data_resposta": "2026-04-10T02:21:12.976329+00:00"}, "variaveis": {"nome_razaosocial": "Teste"}, "_ultima_mensagem": "Lead Teste"}	\N	\N	\N	\N	\N	\N	\N	\N	99	7	9	\N		\N	0
23	iniciado	1	3	2	2026-04-06 18:21:51.356642-03	2026-04-06 18:21:51.356642-03	\N	\N	0	3	{"2": {"titulo": "Qual seu nome completo?", "valida": true, "resposta": "Lucas Rodrigues", "nodo_tipo": "texto", "data_resposta": "2026-04-06T22:13:04.399051+00:00"}, "3": {"titulo": "Em qual cidade voce mora?", "valida": true, "resposta": "Teresina", "nodo_tipo": "texto", "data_resposta": "2026-04-06T22:13:11.884609+00:00"}}	\N	\N	\N	\N	\N	\N	\N	\N	52	3	3	\N		\N	0
58	em_andamento	1	0	0	2026-04-10 04:04:31.205284-03	2026-04-10 04:04:31.205284-03	\N	\N	0	3	{"143": {"pulada": true, "valida": true, "resposta": "Lead Teste", "data_resposta": "2026-04-10T07:04:31.278921+00:00"}, "variaveis": {"nome_razaosocial": "Teste"}, "_ultima_mensagem": "Lead Teste"}	\N	\N	\N	\N	\N	\N	\N	\N	100	7	9	\N		\N	0
68	em_andamento	1	0	3	2026-04-10 04:30:38.770382-03	2026-04-10 04:30:38.770382-03	\N	\N	0	3	{"164": {"titulo": "Qual o seu nome completo?", "valida": true, "resposta": "Lucas Rodrigues", "nodo_tipo": "texto", "data_resposta": "2026-04-10T07:30:45.775496+00:00"}, "165": {"titulo": "Prazer! Qual curso voce tem interesse? Nossos cursos: Direito, Sistemas de Informacao, Psicologia, Enfermagem, Fisioterapia, Administracao, Ciencias Contabeis, Pedagogia, Fonoaudiologia, Educacao Fisica, Servico Social.", "valida": true, "resposta": "Direito", "nodo_tipo": "texto", "data_resposta": "2026-04-10T07:31:00.525629+00:00"}, "170": {"titulo": "O curso e presencial, de segunda a sexta, das 18h30 as 21h40. Como voce pretende ingressar: Nota do ENEM, Prova Online ou Transferencia?", "valida": true, "resposta": "Enem", "nodo_tipo": "texto", "data_resposta": "2026-04-10T07:31:10.729327+00:00"}, "variaveis": {"validacao_curso": "curso_valido", "nome_razaosocial": "Lucas Rodrigues", "oport_dados_custom_forma_ingresso": "ENEM", "oport_dados_custom_curso_interesse": "Direito"}, "_ultima_mensagem": "Enem"}	\N	\N	\N	\N	\N	\N	\N	\N	108	7	9	\N		\N	0
31	completado	1	6	4	2026-04-08 20:07:34.717106-03	2026-04-08 23:15:03.497037-03	2026-04-08 23:15:03.497037-03	11248	0	3	{"34": {"titulo": "Ola! Sou o Pedro, consultor de ingresso da FATEPI/FAESPI. Para eu te passar os detalhes da bolsa, qual seu nome completo?", "valida": true, "resposta": "Lucas Rodrigues", "nodo_tipo": "texto", "data_resposta": "2026-04-08T23:07:41.579486+00:00"}, "35": {"titulo": "Prazer! Qual curso voce tem interesse? Nossos cursos: Direito, Sistemas de Informacao, Psicologia, Enfermagem, Fisioterapia, Administracao, Ciencias Contabeis, Pedagogia, Fonoaudiologia, Educacao Fisica e Servico Social.", "valida": true, "resposta": "Direito", "nodo_tipo": "texto", "data_resposta": "2026-04-08T23:07:48.120850+00:00"}, "40": {"titulo": "O curso e presencial, de segunda a sexta, das 18h30 as 21h40. Como voce pretende ingressar: Nota do ENEM, Prova Online ou Transferencia?", "valida": true, "resposta": "Enem", "nodo_tipo": "texto", "data_resposta": "2026-04-08T23:08:01.263730+00:00"}, "43": {"titulo": "", "valida": true, "resposta": "oi", "nodo_tipo": "texto", "data_resposta": "2026-04-09T02:14:41.514753+00:00"}, "variaveis": {"validacao_curso": "curso_valido", "nome_razaosocial": "Lucas Rodrigues", "decisao_matricula": "duvida", "oport_dados_custom_forma_ingresso": "ENEM", "oport_dados_custom_curso_interesse": "Direito"}, "ia_historico_42": [{"role": "user", "content": "Enem"}, {"role": "assistant", "content": "Olá, Lucas Rodrigues!\\n\\nFico feliz com sua escolha pelo curso de Direito. Vamos aos valores para você que irá ingressar via ENEM.\\n\\nValor Integral: R$ 1.500,00  \\nMatrícula Promocional: R$ 49,99  \\nMensalidade: R$ 525,00  \\n\\nAlém disso, temos as bolsas progressivas que você pode aproveitar:  \\n- 65% de desconto em 2026.1  \\n- 60% de desconto em 2026.2  \\n- 55% de desconto em 2027.1  \\n- 50% de desconto a partir de 2027.2  \\n\\nSe garantirmos essa condição hoje, você consegue finalizar sua matrícula?"}, {"role": "user", "content": "Sim"}], "ia_historico_49": [{"role": "user", "content": "oi"}, {"role": "assistant", "content": "Olá, Lucas! Como posso te ajudar hoje? Se você tiver alguma dúvida sobre o processo de matrícula ou qualquer outra informação, estou à disposição."}, {"role": "user", "content": "Como funciona o curso?"}], "_ultima_mensagem": "Como funciona o curso?"}	\N	\N	\N	\N	\N	\N	\N	\N	66	7	5	\N		\N	0
28	completado	1	0	0	2026-04-08 15:49:33.988386-03	2026-04-08 15:50:54.944062-03	2026-04-08 15:50:54.943057-03	80	0	3	{"variaveis": {"curso": "Direito", "validacao_curso": "curso_valido", "nome_razaosocial": "Lucas Rodrigues"}, "ia_historico_22": [{"role": "user", "content": "iu"}, {"role": "assistant", "content": "Olá, Lucas! Como posso te ajudar hoje? Poderia me informar seu nome completo?"}, {"role": "user", "content": "Lucas Rodrigues"}], "ia_historico_24": [{"role": "user", "content": "Lucas Rodrigues"}, {"role": "assistant", "content": "Olá, Lucas Rodrigues! Qual curso você tem interesse? Se não souber, posso te apresentar algumas opções: Direito, Sistemas de Informação, Psicologia, Enfermagem, Fisioterapia, Administração, Ciências Contábeis, Pedagogia, Fonoaudiologia, Educação Física e Serviço Social."}, {"role": "user", "content": "Direito"}], "ia_historico_30": [{"role": "user", "content": "Direito"}, {"role": "assistant", "content": "O curso de Direito é presencial, com aulas de segunda a sexta, das 18h30 às 21h40. Qual a forma de ingresso que você prefere: Nota do ENEM, Prova Online ou Transferência?"}, {"role": "user", "content": "Prova online"}], "_ultima_mensagem": "Prova online"}	\N	\N	\N	\N	\N	\N	\N	\N	66	7	4	\N		\N	0
63	em_andamento	1	0	3	2026-04-10 04:20:44.830819-03	2026-04-10 04:20:44.830819-03	\N	\N	0	3	{"143": {"titulo": "Qual o seu nome completo?", "valida": true, "resposta": "Pedro Paulo", "nodo_tipo": "texto", "data_resposta": "2026-04-10T07:20:50.540869+00:00"}, "144": {"titulo": "Prazer! Qual curso voce tem interesse? Nossos cursos: Direito, Sistemas de Informacao, Psicologia, Enfermagem, Fisioterapia, Administracao, Ciencias Contabeis, Pedagogia, Fonoaudiologia, Educacao Fisica, Servico Social.", "valida": true, "resposta": "Direito", "nodo_tipo": "texto", "data_resposta": "2026-04-10T07:20:55.737170+00:00"}, "150": {"titulo": "O curso e presencial, de segunda a sexta, das 18h30 as 21h40. Como voce pretende ingressar: Nota do ENEM, Prova Online ou Transferencia?", "valida": true, "resposta": "Enem", "nodo_tipo": "texto", "data_resposta": "2026-04-10T07:21:02.858697+00:00"}, "variaveis": {"validacao_curso": "curso_valido", "nome_razaosocial": "Pedro Paulo", "decisao_matricula": "sim", "oport_dados_custom_forma_ingresso": "ENEM", "oport_dados_custom_curso_interesse": "Direito"}, "_ultima_mensagem": "Sim", "ia_historico_152": [{"role": "user", "content": "Enem"}, {"role": "assistant", "content": "Pedro Paulo, vamos aos valores para você que escolheu o curso de Direito e vai ingressar via ENEM:\\n\\n**ENEM:**\\n- Valor Integral: R$ 1.500\\n- Matrícula Promocional: R$ 49,99\\n- Mensalidade: R$ 525\\n\\n**Bolsas Progressivas:**\\n- 65% em 2026.1\\n- 60% em 2026.2\\n- 55% em 2027.1\\n- 50% a partir de 2027.2\\n\\nSe garantirmos essa condição hoje, você consegue finalizar sua matrícula?"}, {"role": "user", "content": "Sim"}, {"role": "assistant", "content": "Ótimo, Pedro Paulo! Para finalizar sua matrícula, precisaremos do seu print da nota do ENEM, certificando que você obteve pelo menos 400 pontos. \\n\\nApós recebermos isso, daremos seguimento ao processo. Você pode enviar o print para o e-mail contato@faespi.com.br ou trazer pessoalmente. \\n\\nCaso tenha qualquer dúvida, estou à disposição!"}]}	\N	\N	\N	\N	\N	\N	\N	\N	104	7	9	\N		\N	0
55	cancelado	1	0	0	2026-04-09 23:21:19.706322-03	2026-04-09 23:21:19.706322-03	\N	\N	0	3	{"121": {"pulada": true, "valida": true, "resposta": "Lead Teste", "data_resposta": "2026-04-10T02:21:19.721774+00:00"}, "variaveis": {"nome_razaosocial": "Teste"}, "_ultima_mensagem": "Lead Teste"}	\N	\N	\N	\N	\N	\N	\N	\N	99	7	9	\N		\N	0
29	completado	1	0	0	2026-04-08 16:00:10.726557-03	2026-04-08 16:02:18.503942-03	2026-04-08 16:02:18.503942-03	127	0	3	{"variaveis": {"validacao_curso": "curso_valido", "nome_razaosocial": "Lucas Rodrigues", "oport_dados_custom_curso_interesse": "Direito"}, "ia_historico_22": [{"role": "user", "content": "oi"}, {"role": "assistant", "content": "Olá, Lucas! Como posso te ajudar hoje? Qual é o seu nome completo?"}, {"role": "user", "content": "Lucas Rodrigues"}], "ia_historico_24": [{"role": "user", "content": "Lucas Rodrigues"}, {"role": "assistant", "content": "Olá, Lucas! Qual curso você tem interesse em fazer? Se não souber, posso te apresentar algumas opções: Direito, Sistemas de Informação, Psicologia, Enfermagem, Fisioterapia, Administração, Ciências Contábeis, Pedagogia, Fonoaudiologia, Educação Física e Serviço Social."}, {"role": "user", "content": "Direito"}], "ia_historico_30": [{"role": "user", "content": "Direito"}, {"role": "assistant", "content": "O curso de Direito é presencial, de segunda a sexta, das 18h30 às 21h40. \\n\\nQual a forma de ingresso que você prefere: Nota do ENEM, Prova Online ou Transferência?"}, {"role": "user", "content": "Prova online"}], "_ultima_mensagem": "Prova online"}	\N	\N	\N	\N	\N	\N	\N	\N	66	7	4	\N		\N	0
51	cancelado	1	6	0	2026-04-09 16:45:41.767476-03	2026-04-09 16:45:41.767476-03	\N	\N	0	3	{"121": {"pulada": true, "valida": true, "resposta": "Teste", "data_resposta": "2026-04-09T19:45:41.776738+00:00"}, "ia_agente_137": {"turnos": 2, "messages": [{"role": "user", "content": "Teste"}, {"role": "assistant", "content": "Olá, Teste! Como posso ajudá-lo hoje? Se você tiver alguma dúvida sobre a FATEPI/FAESPI, como cursos, inscrições ou qualquer outra informação, é só me avisar!"}, {"role": "user", "content": "teste ngrok"}, {"role": "assistant", "content": "Parece que você mencionou \\"ngrok\\", que é uma ferramenta usada para expor servidores locais por meio de URLs públicas. No entanto, se você tiver alguma dúvida específica relacionada à FATEPI/FAESPI, estou aqui para ajudar! Por favor, me diga como posso assisti-lo."}]}, "_ultima_mensagem": "teste ngrok"}	\N	\N	\N	\N	\N	\N	\N	\N	97	7	9	\N		\N	0
32	cancelado	1	0	0	2026-04-09 08:50:22.631017-03	2026-04-09 08:50:22.631017-03	\N	\N	0	3	{"52": {"pulada": true, "valida": true, "resposta": "Lucas Rodrigues", "data_resposta": "2026-04-09T11:50:22.678177+00:00"}, "variaveis": {"nome_razaosocial": "Lucas Rodrigues"}, "_ultima_mensagem": "Lucas Rodrigues"}	\N	\N	\N	\N	\N	\N	\N	\N	66	7	6	\N		\N	0
59	em_andamento	1	0	0	2026-04-10 04:08:55.31902-03	2026-04-10 04:08:55.31902-03	\N	\N	0	3	{"143": {"pulada": true, "valida": true, "resposta": "Lead Teste", "data_resposta": "2026-04-10T07:08:55.391182+00:00"}, "variaveis": {"nome_razaosocial": "Teste"}, "_ultima_mensagem": "Lead Teste"}	\N	\N	\N	\N	\N	\N	\N	\N	101	7	9	\N		\N	0
60	em_andamento	1	0	1	2026-04-10 04:12:06.40771-03	2026-04-10 04:12:06.40771-03	\N	\N	0	3	{"143": {"pulada": true, "valida": true, "resposta": "Lead Teste", "data_resposta": "2026-04-10T07:12:06.438662+00:00"}, "144": {"titulo": "Prazer! Qual curso voce tem interesse? Nossos cursos: Direito, Sistemas de Informacao, Psicologia, Enfermagem, Fisioterapia, Administracao, Ciencias Contabeis, Pedagogia, Fonoaudiologia, Educacao Fisica, Servico Social.", "valida": true, "resposta": "Direito", "nodo_tipo": "texto", "data_resposta": "2026-04-10T07:12:28.766099+00:00"}, "variaveis": {"validacao_curso": "curso_valido", "nome_razaosocial": "Teste", "oport_dados_custom_curso_interesse": "Direito"}, "ia_agente_161": {"turnos": 1, "messages": [{"role": "user", "content": "Não sei ainda"}, {"role": "assistant", "content": "Sem problemas! É normal ter dúvidas na hora de escolher um curso. Posso te ajudar com informações sobre nossas opções, como Direito, Sistemas de Informação, Psicologia, Enfermagem, Fisioterapia, Administração, Ciências Contábeis, Pedagogia, Fonoaudiologia, Educação Física e Serviço Social. \\n\\nVocê já tem alguma área de interesse ou gostaria de saber mais sobre algum desses cursos?"}]}, "_ultima_mensagem": "Direito"}	\N	\N	\N	\N	\N	\N	\N	\N	102	7	9	\N		\N	0
83	transferido	1	0	7	2026-04-10 06:49:16.55143-03	2026-04-10 06:49:16.552447-03	\N	\N	0	3	{"190": {"titulo": "Qual o seu nome completo?", "valida": true, "resposta": "Joana Sozua", "nodo_tipo": "texto", "data_resposta": "2026-04-10T09:49:34.297582+00:00"}, "191": {"titulo": "Prazer! Qual curso voce tem interesse? Nossos cursos: Direito, Sistemas de Informacao, Psicologia, Enfermagem, Fisioterapia, Administracao, Ciencias Contabeis, Pedagogia, Fonoaudiologia, Educacao Fisica, Servico Social.", "valida": true, "resposta": "Me explique melhor o curso de direito", "nodo_tipo": "texto", "data_resposta": "2026-04-10T09:49:46.741878+00:00"}, "193": {"titulo": "Desculpe, nao temos esse curso. Nossos cursos: Direito, Sistemas de Informacao, Psicologia, Enfermagem, Fisioterapia, Administracao, Ciencias Contabeis, Pedagogia, Fonoaudiologia, Educacao Fisica, Servico Social. Qual te interessa?", "valida": true, "resposta": "Me explique melhor o curso de direito", "nodo_tipo": "texto", "data_resposta": "2026-04-10T09:51:24.559579+00:00"}, "196": {"titulo": "O curso e presencial, de segunda a sexta, das 18h30 as 21h40. Como voce pretende ingressar: Nota do ENEM, Prova Online ou Transferencia?", "valida": true, "resposta": "Nota do Enem", "nodo_tipo": "texto", "data_resposta": "2026-04-10T09:51:35.221106+00:00"}, "203": {"titulo": "Antes de continuar, como voce conheceu a FATEPI?", "valida": true, "resposta": "Google", "nodo_tipo": "select", "data_resposta": "2026-04-10T09:52:02.041235+00:00"}, "204": {"titulo": "Para ingressar via ENEM, preciso que voce envie o print ou foto da sua nota do ENEM (minimo 400 pontos). Pode enviar agora!", "valida": true, "resposta": "enviado", "nodo_tipo": "texto", "data_resposta": "2026-04-10T09:51:52.571192+00:00"}, "207": {"titulo": "Excelente! Para garantir sua vaga, realize o pagamento pelo PIX abaixo:\\n\\nPIX: 00020126580014br.gov.bcb.pix013652d3c4c3-6213-459a-bd59-ac47480dd1945204000053039865802BR5925GILCIFRAN VIEIRA DE SOUSA6008TERESINA62070503***630427D9\\n\\nAssim que realizar o pagamento, me envie o comprovante!\\nNosso horario de confirmacao e de segunda a sexta, das 8h as 18h.", "valida": true, "resposta": "Pagamento efetuado", "nodo_tipo": "texto", "data_resposta": "2026-04-10T09:51:57.624002+00:00"}, "variaveis": {"validacao_curso": "curso_valido", "nome_razaosocial": "Joana Sozua", "decisao_matricula": "sim", "oport_dados_custom_como_conheceu": "Google", "oport_dados_custom_forma_ingresso": "ENEM", "oport_dados_custom_curso_interesse": "Direito"}, "ia_agente_210": {"turnos": 1, "messages": [{"role": "user", "content": "Joana"}, {"role": "assistant", "content": "Olá, Joana! Agradeço pela sua mensagem. Para continuar o processo de inscrição, você poderia me informar seu nome completo, por favor? Se precisar de ajuda com outras questões, estou à disposição!"}]}, "_ultima_mensagem": "Google", "ia_historico_198": [{"role": "assistant", "content": "Claro, Joana. Aqui estão os valores para o curso de Direito, com o ingresso via ENEM:\\n\\n- Valor Integral: R$ 1.500,00\\n- Matrícula Promocional: R$ 49,99\\n- Mensalidade: R$ 525,00\\n\\nBolsas progressivas:\\n- 65% em 2026.1\\n- 60% em 2026.2\\n- 55% em 2027.1\\n- 50% a partir de 2027.2\\n\\nSe garantirmos essa condição hoje, você consegue finalizar sua matrícula?"}, {"role": "user", "content": "Sim"}, {"role": "assistant", "content": "Ótimo, Joana! Vou te ajudar a finalizar sua matrícula. Vou precisar de alguns detalhes para seguirmos com o processo. Você pode me informar um telefone ou e-mail para continuarmos?"}]}	\N	\N	\N	\N	\N	\N	\N	\N	123	7	9	\N	transferido	\N	0
69	em_andamento	1	0	3	2026-04-10 04:32:13.649416-03	2026-04-10 04:32:13.649416-03	\N	\N	0	3	{"164": {"titulo": "Qual o seu nome completo?", "valida": true, "resposta": "Lucas Rodrigues", "nodo_tipo": "texto", "data_resposta": "2026-04-10T07:32:18.771360+00:00"}, "165": {"titulo": "Prazer! Qual curso voce tem interesse? Nossos cursos: Direito, Sistemas de Informacao, Psicologia, Enfermagem, Fisioterapia, Administracao, Ciencias Contabeis, Pedagogia, Fonoaudiologia, Educacao Fisica, Servico Social.", "valida": true, "resposta": "Direito", "nodo_tipo": "texto", "data_resposta": "2026-04-10T07:32:25.134032+00:00"}, "170": {"titulo": "O curso e presencial, de segunda a sexta, das 18h30 as 21h40. Como voce pretende ingressar: Nota do ENEM, Prova Online ou Transferencia?", "valida": true, "resposta": "Enem", "nodo_tipo": "texto", "data_resposta": "2026-04-10T07:32:32.960752+00:00"}, "variaveis": {"validacao_curso": "curso_valido", "nome_razaosocial": "Lucas Rodrigues", "oport_dados_custom_forma_ingresso": "ENEM", "oport_dados_custom_curso_interesse": "Direito"}, "_ultima_mensagem": "Enem"}	\N	\N	\N	\N	\N	\N	\N	\N	109	7	9	\N		\N	0
56	cancelado	1	0	3	2026-04-09 23:21:33.414311-03	2026-04-09 23:21:33.414311-03	\N	\N	0	3	{"121": {"pulada": true, "valida": true, "resposta": "Lead Teste", "data_resposta": "2026-04-10T02:21:33.424921+00:00"}, "122": {"titulo": "Prazer! Qual curso voce tem interesse? Nossos cursos: Direito, Sistemas de Informacao, Psicologia, Enfermagem, Fisioterapia, Administracao, Ciencias Contabeis, Pedagogia, Fonoaudiologia, Educacao Fisica, Servico Social.", "valida": true, "resposta": "Me explique mais sobre o curso de direito", "nodo_tipo": "texto", "data_resposta": "2026-04-10T02:23:31.501745+00:00"}, "124": {"titulo": "Desculpe, nao temos esse curso. Nossos cursos: Direito, Sistemas de Informacao, Psicologia, Enfermagem, Fisioterapia, Administracao, Ciencias Contabeis, Pedagogia, Fonoaudiologia, Educacao Fisica, Servico Social. Qual te interessa?", "valida": true, "resposta": "Direito", "nodo_tipo": "texto", "data_resposta": "2026-04-10T02:23:40.642824+00:00"}, "127": {"titulo": "O curso e presencial, de segunda a sexta, das 18h30 as 21h40. Como voce pretende ingressar: Nota do ENEM, Prova Online ou Transferencia?", "valida": true, "resposta": "Como funciona pela nota do Enem", "nodo_tipo": "texto", "data_resposta": "2026-04-10T02:23:50.304465+00:00"}, "variaveis": {"validacao_curso": "curso_valido", "nome_razaosocial": "Teste", "oport_dados_custom_forma_ingresso": "ENEM", "oport_dados_custom_curso_interesse": "Direito"}, "ia_agente_137": {"turnos": 1, "messages": [{"role": "user", "content": "Não sei ainda"}, {"role": "assistant", "content": "Entendo que você pode estar em dúvida sobre algum aspecto do processo de inscrição ou da faculdade. Se puder me informar um pouco mais sobre sua dúvida ou questão específica, ficarei feliz em ajudar!"}]}, "_ultima_mensagem": "Como funciona pela nota do Enem", "ia_historico_129": [{"role": "user", "content": "Como funciona pela nota do Enem"}, {"role": "assistant", "content": "O ingresso via ENEM na FATEPI/FAESPI funciona com a utilização da sua nota do exame para garantir uma vaga no curso desejado. O candidato deve ter uma nota mínima estipulada pela instituição e, ao se inscrever, pode optar pelo curso desejado. \\n\\nAlém disso, é importante destacar que você terá benefícios como a matrícula promocional e bolsas progressivas ao longo do curso, que podem reduzir significativamente os custos. \\n\\nSe você tiver mais alguma pergunta ou se precisar de ajuda em algum ponto específico, estou à disposição!"}]}	\N	\N	\N	\N	\N	\N	\N	\N	92	7	9	\N		\N	0
61	em_andamento	1	0	2	2026-04-10 04:15:00.809192-03	2026-04-10 04:15:00.810218-03	\N	\N	0	3	{"143": {"titulo": "Qual o seu nome completo?", "valida": true, "resposta": "Lucas Rodrigues", "nodo_tipo": "texto", "data_resposta": "2026-04-10T07:15:08.706433+00:00"}, "144": {"titulo": "Prazer! Qual curso voce tem interesse? Nossos cursos: Direito, Sistemas de Informacao, Psicologia, Enfermagem, Fisioterapia, Administracao, Ciencias Contabeis, Pedagogia, Fonoaudiologia, Educacao Fisica, Servico Social.", "valida": true, "resposta": "Direito", "nodo_tipo": "texto", "data_resposta": "2026-04-10T07:15:25.836975+00:00"}, "variaveis": {"validacao_curso": "curso_valido", "nome_razaosocial": "Lucas Rodrigues", "oport_dados_custom_curso_interesse": "Direito"}, "ia_agente_161": {"turnos": 1, "messages": [{"role": "user", "content": "Ainda não sei"}, {"role": "assistant", "content": "Entendo, Lucas! Não tem problema em ainda estar decidindo. Se precisar de informações sobre os cursos que oferecemos, terei prazer em ajudar. Tem algum curso que você está considerando ou gostaria de saber mais sobre eles?"}]}, "_ultima_mensagem": "Direito"}	\N	\N	\N	\N	\N	\N	\N	\N	99	7	9	\N		\N	0
33	cancelado	1	0	0	2026-04-09 08:53:08.319999-03	2026-04-09 08:53:08.319999-03	\N	\N	0	3	{"52": {"pulada": true, "valida": true, "resposta": "Lucas Rodrigues", "data_resposta": "2026-04-09T11:53:08.340527+00:00"}, "variaveis": {"nome_razaosocial": "Lucas Rodrigues"}, "_ultima_mensagem": "Lucas Rodrigues"}	\N	\N	\N	\N	\N	\N	\N	\N	66	7	6	54		\N	0
48	cancelado	1	0	3	2026-04-09 16:07:31.307748-03	2026-04-09 16:07:31.308779-03	\N	\N	0	3	{"121": {"titulo": "Ola! Sou o Pedro, consultor de ingresso da FATEPI/FAESPI. Para eu te passar os detalhes da bolsa, qual seu nome completo?", "valida": true, "resposta": "Joao Silva", "nodo_tipo": "texto", "data_resposta": "2026-04-09T19:07:33.086726+00:00"}, "122": {"titulo": "Prazer! Qual curso voce tem interesse? Nossos cursos: Direito, Sistemas de Informacao, Psicologia, Enfermagem, Fisioterapia, Administracao, Ciencias Contabeis, Pedagogia, Fonoaudiologia, Educacao Fisica, Servico Social.", "valida": true, "resposta": "Direito", "nodo_tipo": "texto", "data_resposta": "2026-04-09T19:07:37.079203+00:00"}, "127": {"titulo": "O curso e presencial, de segunda a sexta, das 18h30 as 21h40. Como voce pretende ingressar: Nota do ENEM, Prova Online ou Transferencia?", "valida": true, "resposta": "Nota do ENEM", "nodo_tipo": "texto", "data_resposta": "2026-04-09T19:07:41.734285+00:00"}, "variaveis": {"validacao_curso": "curso_valido", "nome_razaosocial": "Joao Silva", "decisao_matricula": "sim", "oport_dados_custom_forma_ingresso": "ENEM", "oport_dados_custom_curso_interesse": "Direito"}, "_ultima_mensagem": "Sim, quero fazer matricula!", "ia_historico_129": [{"role": "user", "content": "Nota do ENEM"}, {"role": "assistant", "content": "Desculpe, mas não tenho acesso à nota do ENEM do candidato João Silva. Para prosseguir, poderíamos discutir os valores e condições para a matrícula. Você gostaria de saber mais sobre isso?"}, {"role": "user", "content": "Sim, quero fazer matricula!"}]}	\N	\N	\N	\N	\N	\N	\N	\N	93	7	9	\N		\N	0
30	completado	1	6	5	2026-04-08 17:35:04.887188-03	2026-04-08 20:07:27.354077-03	2026-04-08 20:07:27.353356-03	9142	0	3	{"34": {"titulo": "Ola! Sou o Pedro, consultor de ingresso da FATEPI/FAESPI. Para eu te passar os detalhes da bolsa, qual seu nome completo?", "valida": true, "resposta": "oi", "nodo_tipo": "texto", "data_resposta": "2026-04-08T20:35:09.882283+00:00"}, "35": {"titulo": "Prazer! Qual curso voce tem interesse? Nossos cursos: Direito, Sistemas de Informacao, Psicologia, Enfermagem, Fisioterapia, Administracao, Ciencias Contabeis, Pedagogia, Fonoaudiologia, Educacao Fisica e Servico Social.", "valida": true, "resposta": "Direito", "nodo_tipo": "texto", "data_resposta": "2026-04-08T20:35:32.382595+00:00"}, "40": {"titulo": "O curso e presencial, de segunda a sexta, das 18h30 as 21h40. Como voce pretende ingressar: Nota do ENEM, Prova Online ou Transferencia?", "valida": true, "resposta": "Enem", "nodo_tipo": "texto", "data_resposta": "2026-04-08T20:35:51.744487+00:00"}, "43": {"titulo": "", "valida": true, "resposta": "oi", "nodo_tipo": "texto", "data_resposta": "2026-04-08T23:07:19.116948+00:00"}, "variaveis": {"validacao_curso": "curso_valido", "decisao_matricula": "duvida", "oport_dados_custom_forma_ingresso": "ENEM", "oport_dados_custom_curso_interesse": "Direito"}, "ia_historico_42": [{"role": "user", "content": "Enem"}, {"role": "assistant", "content": "Olá oi!\\n\\nVocê escolheu o curso de Direito e vai ingressar via ENEM. Aqui estão os valores do curso:\\n\\n- Valor Integral: R$ 1.500\\n- Matrícula Promocional: R$ 49,99\\n- Mensalidade: R$ 525\\n\\nAlém disso, temos as bolsas progressivas que são:\\n\\n- 65% em 2026.1\\n- 60% em 2026.2\\n- 55% em 2027.1\\n- 50% a partir de 2027.2\\n\\nSe garantirmos essa condição hoje, você consegue finalizar sua matrícula?"}, {"role": "user", "content": "Sim"}], "ia_historico_49": [{"role": "user", "content": "oi"}, {"role": "assistant", "content": "Olá! Como posso ajudar você hoje? Se tem alguma dúvida sobre a matrícula ou sobre a FATEPI/FAESPI, fique à vontade para perguntar. \\n\\nLembre-se que, para validar sua nota do ENEM, é necessário enviar um print dela. E se estiver pensando em transferência, também precisaremos do seu histórico acadêmico. \\n\\nSe precisar de mais informações, estou aqui para ajudar! Deseja finalizar a matrícula?"}, {"role": "user", "content": "oi"}], "_ultima_mensagem": "oi"}	\N	\N	\N	\N	\N	\N	\N	\N	66	7	5	\N		\N	0
53	cancelado	1	0	0	2026-04-09 23:20:39.731074-03	2026-04-09 23:20:39.731074-03	\N	\N	0	3	{"121": {"pulada": true, "valida": true, "resposta": "Lead Teste", "data_resposta": "2026-04-10T02:20:39.765382+00:00"}, "variaveis": {"nome_razaosocial": "Teste"}, "ia_agente_137": {"turnos": 1, "messages": [{"role": "user", "content": "po"}, {"role": "assistant", "content": "Olá! Como posso ajudar você hoje? Se tiver alguma dúvida sobre a inscrição ou qualquer outro tema relacionado à FATEPI/FAESPI, fique à vontade para perguntar."}]}, "_ultima_mensagem": "po"}	\N	\N	\N	\N	\N	\N	\N	\N	99	7	9	\N		\N	0
65	em_andamento	1	0	0	2026-04-10 04:23:24.051553-03	2026-04-10 04:23:24.051553-03	\N	\N	0	3	{"164": {"pulada": true, "valida": true, "resposta": "Teste", "data_resposta": "2026-04-10T07:23:24.066225+00:00"}, "ia_agente_180": {"turnos": 2, "messages": [{"role": "user", "content": "Teste"}, {"role": "assistant", "content": "Olá, Teste! Como posso ajudá-lo hoje? Se você tiver alguma dúvida ou comentário sobre o processo de inscrição ou qualquer outro assunto relacionado à FATEPI/FAESPI, fique à vontade para me informar."}, {"role": "user", "content": "Quero fazer um curso"}, {"role": "assistant", "content": "A FATEPI oferece diversos cursos presenciais com aulas noturnas de segunda a sexta, das 18h30 às 21h40. Veja a lista de cursos disponíveis:\\n\\n1. Direito - Duração: 5 anos\\n2. Sistemas de Informação - Duração: 4 anos\\n3. Psicologia - Duração: 5 anos\\n4. Enfermagem - Duração: 5 anos\\n5. Fisioterapia - Duração: 5 anos\\n6. Administração - Duração: 4 anos\\n7. Ciências Contábeis - Duração: 4 anos\\n8. Pedagogia - Duração: 4 anos\\n9. Fonoaudiologia - Duração: 4 anos\\n10. Educação Física - Duração: 4 anos\\n11. Serviço Social - Duração: 4 anos\\n\\nSe precisar de informações mais detalhadas sobre a grade curricular de algum curso específico ou qualquer outra dúvida, estou à disposição para ajudar!"}]}, "_ultima_mensagem": "Quero fazer um curso"}	\N	\N	\N	\N	\N	\N	\N	\N	106	7	9	\N		\N	0
62	em_andamento	1	0	3	2026-04-10 04:19:25.19839-03	2026-04-10 04:19:25.199395-03	\N	\N	0	3	{"143": {"titulo": "Qual o seu nome completo?", "valida": true, "resposta": "Lucas Rodrigues", "nodo_tipo": "texto", "data_resposta": "2026-04-10T07:19:31.166417+00:00"}, "144": {"titulo": "Prazer! Qual curso voce tem interesse? Nossos cursos: Direito, Sistemas de Informacao, Psicologia, Enfermagem, Fisioterapia, Administracao, Ciencias Contabeis, Pedagogia, Fonoaudiologia, Educacao Fisica, Servico Social.", "valida": true, "resposta": "Direito", "nodo_tipo": "texto", "data_resposta": "2026-04-10T07:19:36.906946+00:00"}, "150": {"titulo": "O curso e presencial, de segunda a sexta, das 18h30 as 21h40. Como voce pretende ingressar: Nota do ENEM, Prova Online ou Transferencia?", "valida": true, "resposta": "`Prova online", "nodo_tipo": "texto", "data_resposta": "2026-04-10T07:19:46.694185+00:00"}, "variaveis": {"validacao_curso": "curso_valido", "nome_razaosocial": "Lucas Rodrigues", "decisao_matricula": "sim", "oport_dados_custom_forma_ingresso": "Prova Online", "oport_dados_custom_curso_interesse": "Direito"}, "_ultima_mensagem": "Sim", "ia_historico_152": [{"role": "user", "content": "`Prova online"}, {"role": "assistant", "content": "Aqui estão os valores para o curso de Direito via Prova Online:\\n\\n- Valor Integral: R$ 1.500,00\\n- Matrícula Promocional: R$ 199,00\\n- Mensalidade: R$ 525,00\\n\\nE quanto às bolsas progressivas, você terá:\\n\\n- 65% de bolsa em 2026.1, reduzindo o valor da mensalidade para R$ 183,75.\\n- 60% de bolsa em 2026.2, reduzindo o valor da mensalidade para R$ 210,00.\\n- 55% de bolsa em 2027.1, reduzindo o valor da mensalidade para R$ 236,25.\\n- 50% de bolsa a partir de 2027.2, reduzindo o valor da mensalidade para R$ 262,50.\\n\\nSe garantirmos essa condição hoje, você consegue finalizar sua matrícula?"}, {"role": "user", "content": "Sim"}, {"role": "assistant", "content": "Ótimo, Lucas! Para finalizar sua matrícula, por favor, acesse a prova online no link: prova.fatepifaespi.com.br e siga as instruções.\\n\\nSe você precisar de mais alguma informação ou ajuda, é só avisar! Estamos aqui para ajudar."}]}	\N	\N	\N	\N	\N	\N	\N	\N	103	7	9	\N		\N	0
34	cancelado	1	0	0	2026-04-09 08:57:45.532143-03	2026-04-09 08:57:45.532143-03	\N	\N	0	3	{"52": {"pulada": true, "valida": true, "resposta": "Lucas Rodrigues", "data_resposta": "2026-04-09T11:57:45.544476+00:00"}, "variaveis": {"tipo_fallback": "duvida_localizacao", "nome_razaosocial": "Lucas Rodrigues"}, "ia_historico_58": [{"role": "user", "content": "oi"}, {"role": "assistant", "content": "Olá, Lucas! Como posso ajudar você hoje? Qual curso você tem interesse?"}, {"role": "user", "content": "Aonde fica o endereço?"}, {"role": "user", "content": "Aonde fica o endereço?"}, {"role": "assistant", "content": "O endereço da FATEPI/FAESPI é Rua Primeiro de Maio, 2235, Bairro Primavera, Teresina - PI. Qual curso você tem interesse?"}, {"role": "user", "content": "Direito"}], "_ultima_mensagem": "Direito"}	\N	\N	\N	\N	\N	\N	\N	\N	66	7	6	54		\N	0
57	em_andamento	1	0	2	2026-04-09 23:30:27.949396-03	2026-04-09 23:30:27.950397-03	\N	\N	0	3	{"121": {"pulada": true, "valida": true, "resposta": "Lead Teste", "data_resposta": "2026-04-10T02:30:27.990790+00:00"}, "122": {"titulo": "Prazer! Qual curso voce tem interesse? Nossos cursos: Direito, Sistemas de Informacao, Psicologia, Enfermagem, Fisioterapia, Administracao, Ciencias Contabeis, Pedagogia, Fonoaudiologia, Educacao Fisica, Servico Social.", "valida": true, "resposta": "Direito", "nodo_tipo": "texto", "data_resposta": "2026-04-10T02:30:35.326997+00:00"}, "127": {"titulo": "O curso e presencial, de segunda a sexta, das 18h30 as 21h40. Como voce pretende ingressar: Nota do ENEM, Prova Online ou Transferencia?", "valida": true, "resposta": "Como funciona pela nota do Enem", "nodo_tipo": "texto", "data_resposta": "2026-04-10T02:30:42.804853+00:00"}, "variaveis": {"validacao_curso": "curso_valido", "nome_razaosocial": "Teste", "decisao_matricula": "sim", "oport_dados_custom_forma_ingresso": "ENEM", "oport_dados_custom_curso_interesse": "Direito"}, "_ultima_mensagem": "Sim", "ia_historico_129": [{"role": "user", "content": "Como funciona pela nota do Enem"}, {"role": "assistant", "content": "O ingresso por meio da nota do ENEM (Exame Nacional do Ensino Médio) permite que você utilize sua pontuação obtida no exame para se matricular em nossos cursos, no caso, Direito. Essa modalidade é bastante prática e acessível, pois envolve um processo simplificado de admissão.\\n\\nAo optar por essa via, você não precisa passar por uma prova de vestibular específica da instituição, e sim, utilizar seu desempenho no ENEM. Os requisitos de documentação e os prazos para matrícula podem variar, mas geralmente são bastante claros e diretos.\\n\\nCaso tenha interesse em seguir adiante com a matrícula, posso te apresentar os valores e condições de pagamento disponíveis para o curso de Direito. Você gostaria de saber mais?"}, {"role": "user", "content": "Sim"}, {"role": "assistant", "content": "Ótimo! Aqui estão os detalhes financeiros para o curso de Direito, considerando a opção de ingresso via ENEM:\\n\\n- **Valor Integral**: R$ 1.500,00\\n- **Matrícula Promocional**: R$ 49,99\\n- **Mensalidade**: R$ 525,00\\n\\nAlém disso, você poderá contar com as seguintes bolsas progressivas:\\n\\n- 65% de desconto em 2026.1\\n- 60% de desconto em 2026.2\\n- 55% de desconto em 2027.1\\n- 50% de desconto a partir de 2027.2\\n\\nEsses descontos são aplicados sobre a mensalidade, consequentemente, em 2026.1, a mensalidade cairia para R$ 183,75.\\n\\nSe garantirmos essa condição hoje, você consegue finalizar sua matrícula?"}]}	\N	\N	\N	\N	\N	\N	\N	\N	92	7	9	\N		\N	0
70	em_andamento	1	0	3	2026-04-10 04:32:48.84758-03	2026-04-10 04:32:48.84758-03	\N	\N	0	3	{"164": {"titulo": "Qual o seu nome completo?", "valida": true, "resposta": "Maria Silva", "nodo_tipo": "texto", "data_resposta": "2026-04-10T07:32:50.382858+00:00"}, "165": {"titulo": "Prazer! Qual curso voce tem interesse? Nossos cursos: Direito, Sistemas de Informacao, Psicologia, Enfermagem, Fisioterapia, Administracao, Ciencias Contabeis, Pedagogia, Fonoaudiologia, Educacao Fisica, Servico Social.", "valida": true, "resposta": "Direito", "nodo_tipo": "texto", "data_resposta": "2026-04-10T07:32:53.625943+00:00"}, "170": {"titulo": "O curso e presencial, de segunda a sexta, das 18h30 as 21h40. Como voce pretende ingressar: Nota do ENEM, Prova Online ou Transferencia?", "valida": true, "resposta": "Enem", "nodo_tipo": "texto", "data_resposta": "2026-04-10T07:32:58.541141+00:00"}, "variaveis": {"validacao_curso": "curso_valido", "nome_razaosocial": "Maria Silva", "oport_dados_custom_forma_ingresso": "ENEM", "oport_dados_custom_curso_interesse": "Direito"}, "_ultima_mensagem": "Enem"}	\N	\N	\N	\N	\N	\N	\N	\N	110	7	9	\N		\N	0
72	em_andamento	1	0	3	2026-04-10 04:38:41.835721-03	2026-04-10 04:38:41.836751-03	\N	\N	0	3	{"164": {"titulo": "Qual o seu nome completo?", "valida": true, "resposta": "Lucas Rodrigues", "nodo_tipo": "texto", "data_resposta": "2026-04-10T07:38:47.381064+00:00"}, "165": {"titulo": "Prazer! Qual curso voce tem interesse? Nossos cursos: Direito, Sistemas de Informacao, Psicologia, Enfermagem, Fisioterapia, Administracao, Ciencias Contabeis, Pedagogia, Fonoaudiologia, Educacao Fisica, Servico Social.", "valida": true, "resposta": "direito", "nodo_tipo": "texto", "data_resposta": "2026-04-10T07:39:02.360869+00:00"}, "170": {"titulo": "O curso e presencial, de segunda a sexta, das 18h30 as 21h40. Como voce pretende ingressar: Nota do ENEM, Prova Online ou Transferencia?", "valida": true, "resposta": "Enem", "nodo_tipo": "texto", "data_resposta": "2026-04-10T07:39:10.742735+00:00"}, "variaveis": {"validacao_curso": "curso_valido", "nome_razaosocial": "Lucas Rodrigues", "decisao_matricula": "sim", "oport_dados_custom_forma_ingresso": "ENEM", "oport_dados_custom_curso_interesse": "Direito"}, "_ultima_mensagem": "Sim", "ia_historico_172": [{"role": "assistant", "content": "Olá, Lucas Rodrigues! Vamos falar sobre os valores para o curso de Direito, onde você ingressará via ENEM.\\n\\nAqui estão as informações:\\n\\n**ENEM:**\\n- Valor Integral: R$ 1.500\\n- Matrícula Promocional: R$ 49,99\\n- Mensalidade: R$ 525\\n\\n**Bolsas progressivas:**\\n- 65% em 2026.1\\n- 60% em 2026.2\\n- 55% em 2027.1\\n- 50% a partir de 2027.2\\n\\nSe garantirmos essa condição hoje, você consegue finalizar sua matrícula?"}, {"role": "user", "content": "Sim"}, {"role": "assistant", "content": "Ótimo, Lucas! Para finalizar sua matrícula, você precisará fazer o pagamento da matrícula promocional de R$ 49,99. \\n\\nAlém disso, se você já tiver a nota do ENEM, me envie um print, lembrando que é necessário obter a nota mínima de 400 pontos. Se não, me avise para que possamos discutir a próxima etapa.\\n\\nEstamos aqui para ajudar em qualquer dúvida que você tenha!\\n"}]}	\N	\N	\N	\N	\N	\N	\N	\N	112	7	9	\N		\N	0
106	completado	1	0	6	2026-04-10 13:03:30.304961-03	2026-04-10 13:05:15.804104-03	2026-04-10 13:05:15.804104-03	105	0	3	{"214": {"titulo": "Qual o seu nome completo?", "valida": true, "resposta": "Lucas Rodrigues", "nodo_tipo": "texto", "data_resposta": "2026-04-10T16:03:38.841357+00:00"}, "215": {"titulo": "Prazer! Qual curso voce tem interesse? Nossos cursos: Direito, Sistemas de Informacao, Psicologia, Enfermagem, Fisioterapia, Administracao, Ciencias Contabeis, Pedagogia, Fonoaudiologia, Educacao Fisica, Servico Social.", "valida": true, "resposta": "Direito", "nodo_tipo": "texto", "data_resposta": "2026-04-10T16:03:54.599891+00:00"}, "220": {"titulo": "O curso e presencial, de segunda a sexta, das 18h30 as 21h40. Como voce pretende ingressar: Nota do ENEM, Prova Online ou Transferencia?", "valida": true, "resposta": "Nota do Enem", "nodo_tipo": "texto", "data_resposta": "2026-04-10T16:04:10.725382+00:00"}, "227": {"titulo": "Antes de continuar, como voce conheceu a FATEPI?", "valida": true, "resposta": "Instagram", "nodo_tipo": "select", "data_resposta": "2026-04-10T16:05:13.097693+00:00"}, "228": {"titulo": "Para ingressar via ENEM, preciso que voce envie o print ou foto da sua nota do ENEM (minimo 400 pontos). Pode enviar agora!", "valida": true, "resposta": "enviado.png", "nodo_tipo": "texto", "data_resposta": "2026-04-10T16:04:52.794267+00:00"}, "231": {"titulo": "Excelente! Para garantir sua vaga, realize o pagamento pelo PIX abaixo:\\n\\nPIX: 00020126580014br.gov.bcb.pix013652d3c4c3-6213-459a-bd59-ac47480dd1945204000053039865802BR5925GILCIFRAN VIEIRA DE SOUSA6008TERESINA62070503***630427D9\\n\\nAssim que realizar o pagamento, me envie o comprovante!\\nNosso horario de confirmacao e de segunda a sexta, das 8h as 18h.", "valida": true, "resposta": "efetuei o pagamento", "nodo_tipo": "texto", "data_resposta": "2026-04-10T16:05:04.978838+00:00"}, "variaveis": {"validacao_curso": "curso_valido", "nome_razaosocial": "Lucas Rodrigues", "decisao_matricula": "sim", "oport_dados_custom_como_conheceu": "Instagram", "oport_dados_custom_forma_ingresso": "ENEM", "oport_dados_custom_curso_interesse": "Direito"}, "_ultima_mensagem": "Instagram", "ia_historico_222": [{"role": "assistant", "content": "Claro, Lucas! Aqui estão as informações sobre o curso de Direito para ingresso via ENEM:\\n\\n- Valor Integral: R$ 1.500\\n- Matrícula Promocional: R$ 49,99\\n- Mensalidade: R$ 525\\n\\nAlém disso, temos as bolsas progressivas:\\n\\n- 65% em 2026.1\\n- 60% em 2026.2\\n- 55% em 2027.1\\n- 50% a partir de 2027.2\\n\\nSe garantirmos essa condição hoje, você consegue finalizar sua matrícula?"}, {"role": "user", "content": "Sim"}, {"role": "assistant", "content": "Ótimo, Lucas! Vamos garantir sua matrícula no curso de Direito. Vou precisar das informações necessárias para prosseguirmos. Vamos avançar!"}]}	\N	\N	\N	\N	\N	\N	10	\N	144	7	9	\N	completado	\N	0
84	transferido	1	10	5	2026-04-10 06:54:37.680694-03	2026-04-10 06:54:37.680694-03	\N	\N	0	3	{"190": {"pulada": true, "valida": true, "resposta": "Lucas Rodrigues", "data_resposta": "2026-04-10T09:54:37.713965+00:00"}, "191": {"titulo": "Prazer! Qual curso voce tem interesse? Nossos cursos: Direito, Sistemas de Informacao, Psicologia, Enfermagem, Fisioterapia, Administracao, Ciencias Contabeis, Pedagogia, Fonoaudiologia, Educacao Fisica, Servico Social.", "valida": true, "resposta": "Direito", "nodo_tipo": "texto", "data_resposta": "2026-04-10T09:55:31.462947+00:00"}, "196": {"titulo": "O curso e presencial, de segunda a sexta, das 18h30 as 21h40. Como voce pretende ingressar: Nota do ENEM, Prova Online ou Transferencia?", "valida": true, "resposta": "Nota do Enem", "nodo_tipo": "texto", "data_resposta": "2026-04-10T09:55:51.001778+00:00"}, "203": {"titulo": "Antes de continuar, como voce conheceu a FATEPI?", "valida": true, "resposta": "Google", "nodo_tipo": "select", "data_resposta": "2026-04-10T09:56:30.736700+00:00"}, "204": {"titulo": "Para ingressar via ENEM, preciso que voce envie o print ou foto da sua nota do ENEM (minimo 400 pontos). Pode enviar agora!", "valida": true, "resposta": "Enviado", "nodo_tipo": "texto", "data_resposta": "2026-04-10T09:56:14.991706+00:00"}, "207": {"titulo": "Excelente! Para garantir sua vaga, realize o pagamento pelo PIX abaixo:\\n\\nPIX: 00020126580014br.gov.bcb.pix013652d3c4c3-6213-459a-bd59-ac47480dd1945204000053039865802BR5925GILCIFRAN VIEIRA DE SOUSA6008TERESINA62070503***630427D9\\n\\nAssim que realizar o pagamento, me envie o comprovante!\\nNosso horario de confirmacao e de segunda a sexta, das 8h as 18h.", "valida": true, "resposta": "paguei", "nodo_tipo": "texto", "data_resposta": "2026-04-10T09:56:21.164321+00:00"}, "variaveis": {"validacao_curso": "curso_valido", "nome_razaosocial": "Lucas Rodrigues", "decisao_matricula": "sim", "oport_dados_custom_como_conheceu": "Google", "oport_dados_custom_forma_ingresso": "ENEM", "oport_dados_custom_curso_interesse": "Direito"}, "_ultima_mensagem": "Google", "ia_historico_198": [{"role": "assistant", "content": "Olá Lucas Rodrigues, tudo bem?\\n\\nAqui estão as informações sobre o curso de Direito na modalidade ENEM:\\n\\n- Valor Integral: R$ 1.500\\n- Matrícula Promocional: R$ 49,99\\n- Mensalidade: R$ 525\\n\\nBolsas progressivas:\\n- 65% em 2026.1\\n- 60% em 2026.2\\n- 55% em 2027.1\\n- 50% a partir de 2027.2\\n\\nSe garantirmos essa condição hoje, você consegue finalizar sua matrícula?"}, {"role": "user", "content": "Sim"}, {"role": "assistant", "content": "Ótimo, Lucas! Fico feliz que você tenha decidido seguir em frente. Vamos garantir sua matrícula.\\n\\nPor favor, me avise como gostaria de proceder para finalizar o processo. Se precisar de mais alguma informação, estou à disposição!"}]}	\N	\N	\N	\N	\N	\N	\N	\N	66	7	9	\N	transferido	\N	0
76	em_andamento	1	0	0	2026-04-10 05:11:44.179635-03	2026-04-10 05:11:44.179635-03	\N	\N	0	3	{"ia_agente_180": {"turnos": 1, "messages": [{"role": "user", "content": "ENEM"}, {"role": "assistant", "content": "Entendo que você pode estar pensando sobre o ENEM. Ele é uma importante porta de entrada para várias instituições de ensino superior no Brasil. Se você gostaria de saber mais sobre como o ENEM se relaciona com o processo de ingresso na nossa instituição ou sobre nossos cursos, pergunte à vontade! \\n\\nE aproveitando, você poderia me contar seu nome completo para facilitar nossa comunicação?"}]}, "_ultima_mensagem": "Sim", "ia_historico_164": [{"role": "user", "content": "Sim"}, {"role": "assistant", "content": "Olá! Como posso ajudar você hoje? Se você tiver alguma pergunta ou precisar de informações, fique à vontade para perguntar."}]}	\N	\N	\N	\N	\N	\N	\N	\N	116	7	9	\N		\N	0
86	transferido	1	10	5	2026-04-10 07:12:27.950778-03	2026-04-10 07:12:27.950778-03	\N	\N	0	3	{"190": {"pulada": true, "valida": true, "resposta": "Lucas Rodrigues", "data_resposta": "2026-04-10T10:12:27.972859+00:00"}, "191": {"titulo": "Prazer! Qual curso voce tem interesse? Nossos cursos: Direito, Sistemas de Informacao, Psicologia, Enfermagem, Fisioterapia, Administracao, Ciencias Contabeis, Pedagogia, Fonoaudiologia, Educacao Fisica, Servico Social.", "valida": true, "resposta": "Direito", "nodo_tipo": "texto", "data_resposta": "2026-04-10T10:12:42.985482+00:00"}, "196": {"titulo": "O curso e presencial, de segunda a sexta, das 18h30 as 21h40. Como voce pretende ingressar: Nota do ENEM, Prova Online ou Transferencia?", "valida": true, "resposta": "Nota do Enem", "nodo_tipo": "texto", "data_resposta": "2026-04-10T10:12:55.441141+00:00"}, "203": {"titulo": "Antes de continuar, como voce conheceu a FATEPI?", "valida": true, "resposta": "Instagram", "nodo_tipo": "select", "data_resposta": "2026-04-10T10:14:16.731537+00:00"}, "204": {"titulo": "Para ingressar via ENEM, preciso que voce envie o print ou foto da sua nota do ENEM (minimo 400 pontos). Pode enviar agora!", "valida": true, "resposta": "enviado", "nodo_tipo": "texto", "data_resposta": "2026-04-10T10:13:52.676341+00:00"}, "207": {"titulo": "Excelente! Para garantir sua vaga, realize o pagamento pelo PIX abaixo:\\n\\nPIX: 00020126580014br.gov.bcb.pix013652d3c4c3-6213-459a-bd59-ac47480dd1945204000053039865802BR5925GILCIFRAN VIEIRA DE SOUSA6008TERESINA62070503***630427D9\\n\\nAssim que realizar o pagamento, me envie o comprovante!\\nNosso horario de confirmacao e de segunda a sexta, das 8h as 18h.", "valida": true, "resposta": "Pagamento realizado", "nodo_tipo": "texto", "data_resposta": "2026-04-10T10:14:05.258950+00:00"}, "variaveis": {"validacao_curso": "curso_valido", "nome_razaosocial": "Lucas Rodrigues", "decisao_matricula": "sim", "oport_dados_custom_como_conheceu": "Instagram", "oport_dados_custom_forma_ingresso": "ENEM", "oport_dados_custom_curso_interesse": "Direito"}, "_ultima_mensagem": "Instagram", "ia_historico_198": [{"role": "assistant", "content": "Claro, Lucas Rodrigues! Aqui estão os valores para o curso de Direito, considerando a sua opção de ingresso via ENEM:\\n\\n**Valores para Direito:**\\n\\n- **Valor Integral:** R$ 1.500\\n- **Matrícula Promocional:** R$ 49,99 (ENEM)\\n- **Mensalidade:** R$ 525\\n\\n**Bolsas Progressivas:**\\n- 65% em 2026.1\\n- 60% em 2026.2\\n- 55% em 2027.1\\n- 50% a partir de 2027.2\\n\\nSe garantirmos essa condição hoje, você consegue finalizar sua matrícula?"}, {"role": "user", "content": "sim"}, {"role": "assistant", "content": "Ótimo, Lucas! Vamos proceder com a finalização da sua matrícula. Para isso, vamos garantir que você aproveite essa condição. Você pode me informar como prefere prosseguir?"}]}	\N	\N	\N	\N	\N	\N	\N	\N	124	7	9	\N	transferido	\N	0
107	em_andamento	1	0	2	2026-04-10 13:05:31.634863-03	2026-04-10 13:05:31.634863-03	\N	\N	0	3	{"214": {"titulo": "Qual o seu nome completo?", "valida": true, "resposta": "Lucas Rodrigues", "nodo_tipo": "texto", "data_resposta": "2026-04-10T16:05:38.877715+00:00"}, "215": {"titulo": "Prazer! Qual curso voce tem interesse? Nossos cursos: Direito, Sistemas de Informacao, Psicologia, Enfermagem, Fisioterapia, Administracao, Ciencias Contabeis, Pedagogia, Fonoaudiologia, Educacao Fisica, Servico Social.", "valida": true, "resposta": "Como funciona o curso de direito?", "nodo_tipo": "texto", "data_resposta": "2026-04-10T16:05:50.451074+00:00"}, "variaveis": {"validacao_curso": "curso_valido", "nome_razaosocial": "Lucas Rodrigues", "oport_dados_custom_curso_interesse": "Direito"}, "ia_agente_234": {"turnos": 1, "messages": [{"role": "user", "content": "vc poderia me explicar melhor o curso?"}, {"role": "assistant", "content": "Claro, Lucas! O curso que você está interessado é presencial e acontece de segunda a sexta-feira, no horário das 18h30 às 21h40. A FATEPI/FAESPI oferece diversas opções de cursos, como Direito, Psicologia e Administração, todos com uma boa estrutura e ambiente favorável para o aprendizado.\\n\\nSe precisar de mais informações sobre algum curso específico ou sobre a grade curricular, estou aqui para ajudar! E, por falar nisso, como você pretende ingressar na faculdade: através da nota do ENEM, prova online ou transferência?"}]}, "_ultima_mensagem": "vc poderia me explicar melhor o curso?"}	\N	\N	\N	\N	\N	\N	\N	\N	145	7	9	220		\N	0
87	em_andamento	1	0	1	2026-04-10 10:50:10.408692-03	2026-04-10 10:50:10.409693-03	\N	\N	0	3	{"190": {"titulo": "Qual o seu nome completo?", "valida": true, "resposta": "Lucas Rodrigues", "nodo_tipo": "texto", "data_resposta": "2026-04-10T13:50:22.089129+00:00"}, "ia_agente_210": {"turnos": 1, "messages": [{"role": "user", "content": "Lucas Rodrigues"}, {"role": "assistant", "content": "Olá, Lucas! Obrigado por enviar seu nome completo. Se precisar de mais informações ou ajuda durante o processo de inscrição, estou à disposição. Agora, você pode me confirmar se está tudo certo com sua inscrição ou se tem alguma dúvida específica?"}]}, "_ultima_mensagem": "Lucas Rodrigues"}	\N	\N	\N	\N	\N	\N	\N	\N	125	7	9	\N		\N	0
103	em_andamento	1	0	0	2026-04-10 12:36:59.225054-03	2026-04-10 12:36:59.225054-03	\N	\N	0	3	{"_ultima_mensagem": "Quanto custa direito?"}	\N	\N	\N	\N	\N	\N	\N	\N	141	7	9	214		\N	0
88	em_andamento	1	0	3	2026-04-10 10:52:58.135057-03	2026-04-10 10:52:58.136574-03	\N	\N	0	3	{"190": {"titulo": "Qual o seu nome completo?", "valida": true, "resposta": "Lucas Rodrigues", "nodo_tipo": "texto", "data_resposta": "2026-04-10T13:53:05.297349+00:00"}, "191": {"titulo": "Prazer! Qual curso voce tem interesse? Nossos cursos: Direito, Sistemas de Informacao, Psicologia, Enfermagem, Fisioterapia, Administracao, Ciencias Contabeis, Pedagogia, Fonoaudiologia, Educacao Fisica, Servico Social.", "valida": true, "resposta": "Direito", "nodo_tipo": "texto", "data_resposta": "2026-04-10T13:53:20.193056+00:00"}, "196": {"titulo": "O curso e presencial, de segunda a sexta, das 18h30 as 21h40. Como voce pretende ingressar: Nota do ENEM, Prova Online ou Transferencia?", "valida": true, "resposta": "Nota do Enem", "nodo_tipo": "texto", "data_resposta": "2026-04-10T13:53:37.901084+00:00"}, "variaveis": {"validacao_curso": "curso_valido", "nome_razaosocial": "Lucas Rodrigues", "decisao_matricula": "duvida", "oport_dados_custom_forma_ingresso": "ENEM", "oport_dados_custom_curso_interesse": "Direito"}, "_ultima_mensagem": "Qual endereço da faculdade?", "ia_historico_198": [{"role": "assistant", "content": "Lucas Rodrigues, para o curso de Direito, temos os seguintes valores:\\n\\nENEM:\\n- Valor Integral: R$ 1.500\\n- Matrícula Promocional: R$ 49,99\\n- Mensalidade: R$ 525\\n\\nAlém disso, as bolsas progressivas são as seguintes:\\n- 65% em 2026.1\\n- 60% em 2026.2\\n- 55% em 2027.1\\n- 50% a partir de 2027.2\\n\\nSe garantirmos essa condição hoje, você consegue finalizar sua matrícula?"}, {"role": "user", "content": "Qual endereço da faculdade?"}, {"role": "assistant", "content": "Desculpe, mas não consigo fornecer informações sobre o endereço da faculdade. Posso ajudar com mais alguma informação sobre os cursos e valores?"}], "ia_historico_209": [{"role": "assistant", "content": "Olá, Lucas! Aqui é o Pedro, consultor da FATEPI/FAESPI. Entendo que você não deseja se matricular agora e gostaria de saber o motivo, se puder compartilhar. \\n\\nPosso oferecer um desconto especial se você tomar a decisão hoje. Além disso, gostaria de sugerir que agendássemos uma visita presencial para que você possa conhecer melhor nossos cursos e a infraestrutura da instituição. \\n\\nSe preferir, posso enviar mais informações por email para você analisar com calma. \\n\\nSe mesmo assim não for o momento certo, desejo boa sorte e saiba que você pode retomar a conversa quando quiser. Estou à disposição!"}]}	\N	\N	\N	\N	\N	\N	\N	\N	126	7	9	\N		\N	0
81	em_andamento	1	0	3	2026-04-10 06:46:01.434181-03	2026-04-10 06:46:01.434181-03	\N	\N	0	3	{"164": {"titulo": "Qual o seu nome completo?", "valida": true, "resposta": "Pedro Alex", "nodo_tipo": "texto", "data_resposta": "2026-04-10T09:46:08.381658+00:00"}, "165": {"titulo": "Prazer! Qual curso voce tem interesse? Nossos cursos: Direito, Sistemas de Informacao, Psicologia, Enfermagem, Fisioterapia, Administracao, Ciencias Contabeis, Pedagogia, Fonoaudiologia, Educacao Fisica, Servico Social.", "valida": true, "resposta": "Direito", "nodo_tipo": "texto", "data_resposta": "2026-04-10T09:46:13.720654+00:00"}, "170": {"titulo": "O curso e presencial, de segunda a sexta, das 18h30 as 21h40. Como voce pretende ingressar: Nota do ENEM, Prova Online ou Transferencia?", "valida": true, "resposta": "Enem", "nodo_tipo": "texto", "data_resposta": "2026-04-10T09:46:21.313306+00:00"}, "variaveis": {"validacao_curso": "curso_valido", "nome_razaosocial": "Pedro Alex", "decisao_matricula": "sim", "oport_dados_custom_forma_ingresso": "ENEM", "oport_dados_custom_curso_interesse": "Direito"}, "_ultima_mensagem": "Sim", "ia_historico_172": [{"role": "assistant", "content": "Para o curso de Direito, aqui estão os valores:\\n\\nColuna ENEM:\\n- Valor Integral: R$ 1.500\\n- Matrícula Promocional: R$ 49,99\\n- Mensalidade: R$ 525\\n\\nBolsas progressivas:\\n- 65% em 2026.1\\n- 60% em 2026.2\\n- 55% em 2027.1\\n- 50% a partir de 2027.2\\n\\nSe garantirmos essa condição hoje, você consegue finalizar sua matrícula?"}, {"role": "user", "content": "Sim"}, {"role": "assistant", "content": "Ótimo, Pedro! Fico feliz com sua decisão. Agora, podemos seguir com os próximos passos para garantir sua matrícula no curso de Direito. Tem alguma dúvida que eu possa ajudar?"}]}	\N	\N	\N	\N	\N	\N	\N	\N	121	7	9	\N		\N	0
82	completado	1	0	7	2026-04-10 06:47:23.352979-03	2026-04-10 06:48:31.395605-03	2026-04-10 06:48:31.395605-03	68	0	3	{"164": {"titulo": "Qual o seu nome completo?", "valida": true, "resposta": "Lucas Rodrigues", "nodo_tipo": "texto", "data_resposta": "2026-04-10T09:47:28.382108+00:00"}, "165": {"titulo": "Prazer! Qual curso voce tem interesse? Nossos cursos: Direito, Sistemas de Informacao, Psicologia, Enfermagem, Fisioterapia, Administracao, Ciencias Contabeis, Pedagogia, Fonoaudiologia, Educacao Fisica, Servico Social.", "valida": true, "resposta": "Direito", "nodo_tipo": "texto", "data_resposta": "2026-04-10T09:47:33.979605+00:00"}, "170": {"titulo": "O curso e presencial, de segunda a sexta, das 18h30 as 21h40. Como voce pretende ingressar: Nota do ENEM, Prova Online ou Transferencia?", "valida": true, "resposta": "Enem", "nodo_tipo": "texto", "data_resposta": "2026-04-10T09:47:40.881026+00:00"}, "175": {"titulo": "Antes de continuar, como voce conheceu a FATEPI?", "valida": true, "resposta": "Google", "nodo_tipo": "select", "data_resposta": "2026-04-10T09:48:29.626712+00:00"}, "177": {"titulo": "Excelente! Para garantir sua vaga, realize o pagamento pelo PIX abaixo:\\n\\nPIX: 00020126580014br.gov.bcb.pix013652d3c4c3-6213-459a-bd59-ac47480dd1945204000053039865802BR5925GILCIFRAN VIEIRA DE SOUSA6008TERESINA62070503***630427D9\\n\\nAssim que realizar o pagamento, me envie o comprovante!\\nNosso horario de confirmacao e de segunda a sexta, das 8h as 18h.", "valida": true, "resposta": "Paguei", "nodo_tipo": "texto", "data_resposta": "2026-04-10T09:48:14.060827+00:00"}, "184": {"titulo": "Para ingressar via ENEM, preciso que voce envie o print ou foto da sua nota do ENEM (minimo 400 pontos). Pode enviar agora!", "valida": true, "resposta": "Enviei", "nodo_tipo": "texto", "data_resposta": "2026-04-10T09:48:09.075410+00:00"}, "variaveis": {"validacao_curso": "curso_valido", "nome_razaosocial": "Lucas Rodrigues", "decisao_matricula": "sim", "oport_dados_custom_como_conheceu": "Google", "oport_dados_custom_forma_ingresso": "ENEM", "oport_dados_custom_curso_interesse": "Direito"}, "ia_agente_180": {"turnos": 1, "messages": [{"role": "user", "content": "3"}, {"role": "assistant", "content": "Olá, Lucas! Pareceu que sua mensagem não ficou clara. Como posso ajudá-lo? Se você tiver alguma dúvida específica sobre a FATEPI ou o processo de inscrição, estou aqui para ajudar. E só para saber mais, você poderia compartilhar como conheceu a FATEPI?"}]}, "_ultima_mensagem": "Google", "ia_historico_172": [{"role": "assistant", "content": "Caro Lucas Rodrigues,\\n\\nAqui estão os valores para o curso de Direito, ingressando via ENEM:\\n\\n- Valor Integral: R$ 1.500,00\\n- Matrícula Promocional: R$ 49,99\\n- Mensalidade: R$ 525,00\\n\\nBolsas progressivas disponíveis:\\n- 65% em 2026.1\\n- 60% em 2026.2\\n- 55% em 2027.1\\n- 50% a partir de 2027.2\\n\\nSe garantirmos essa condição hoje, você consegue finalizar sua matrícula?"}, {"role": "user", "content": "Sim"}, {"role": "assistant", "content": "Ótimo, Lucas! Vamos prosseguir com a finalização da sua matrícula para o curso de Direito. \\n\\nPor favor, na sequência, vou precisar de algumas informações adicionais para concluir o processo."}]}	\N	\N	\N	\N	\N	\N	10	\N	122	7	9	\N	completado	\N	0
66	cancelado	1	0	4	2026-04-10 04:23:53.997938-03	2026-04-10 04:23:53.997938-03	\N	\N	0	3	{"164": {"titulo": "Qual o seu nome completo?", "valida": true, "resposta": "Lucas Rodrigues", "nodo_tipo": "texto", "data_resposta": "2026-04-10T07:24:00.907386+00:00"}, "165": {"titulo": "Prazer! Qual curso voce tem interesse? Nossos cursos: Direito, Sistemas de Informacao, Psicologia, Enfermagem, Fisioterapia, Administracao, Ciencias Contabeis, Pedagogia, Fonoaudiologia, Educacao Fisica, Servico Social.", "valida": true, "resposta": "Direito", "nodo_tipo": "texto", "data_resposta": "2026-04-10T07:24:07.741547+00:00"}, "170": {"titulo": "O curso e presencial, de segunda a sexta, das 18h30 as 21h40. Como voce pretende ingressar: Nota do ENEM, Prova Online ou Transferencia?", "valida": true, "resposta": "Nota do Enem", "nodo_tipo": "texto", "data_resposta": "2026-04-10T07:24:39.927394+00:00"}, "variaveis": {"validacao_curso": "curso_valido", "nome_razaosocial": "Lucas Rodrigues", "oport_dados_custom_curso_interesse": "Direito"}, "ia_agente_180": {"turnos": 1, "messages": [{"role": "user", "content": "Nota do Enem"}, {"role": "assistant", "content": "Olá, Lucas! Se você está se referindo à forma de ingresso na faculdade, a nota do ENEM é uma das opções disponíveis para se inscrever nos nossos cursos. Caso tenha dúvidas sobre como funciona o processo, posso te ajudar! \\n\\nQual a forma que você está pensando em usar para ingressar na faculdade?"}]}, "_ultima_mensagem": "Nota do Enem"}	\N	\N	\N	\N	\N	\N	\N	\N	107	7	9	\N		\N	0
64	em_andamento	1	0	0	2026-04-10 04:23:10.133968-03	2026-04-10 04:23:10.134973-03	\N	\N	0	3	{"164": {"pulada": true, "valida": true, "resposta": "Teste", "data_resposta": "2026-04-10T07:23:10.151750+00:00"}, "ia_agente_180": {"turnos": 1, "messages": [{"role": "user", "content": "Teste"}, {"role": "assistant", "content": "Olá, Teste! Como posso ajudá-lo hoje? Se você tiver alguma dúvida ou comentário sobre o processo de inscrição, cursos ou qualquer outro assunto relacionado à FATEPI/FAESPI, estou à disposição para responder."}]}, "_ultima_mensagem": "Teste"}	\N	\N	\N	\N	\N	\N	\N	\N	105	7	9	\N		\N	0
67	em_andamento	1	0	3	2026-04-10 04:27:32.936665-03	2026-04-10 04:27:32.936665-03	\N	\N	0	3	{"164": {"titulo": "Qual o seu nome completo?", "valida": true, "resposta": "Lucas Rodrigues", "nodo_tipo": "texto", "data_resposta": "2026-04-10T07:27:59.664435+00:00"}, "165": {"titulo": "Prazer! Qual curso voce tem interesse? Nossos cursos: Direito, Sistemas de Informacao, Psicologia, Enfermagem, Fisioterapia, Administracao, Ciencias Contabeis, Pedagogia, Fonoaudiologia, Educacao Fisica, Servico Social.", "valida": true, "resposta": "Direito", "nodo_tipo": "texto", "data_resposta": "2026-04-10T07:28:23.446684+00:00"}, "170": {"titulo": "O curso e presencial, de segunda a sexta, das 18h30 as 21h40. Como voce pretende ingressar: Nota do ENEM, Prova Online ou Transferencia?", "valida": true, "resposta": "Nota do Enem", "nodo_tipo": "texto", "data_resposta": "2026-04-10T07:28:32.640740+00:00"}, "variaveis": {"validacao_curso": "curso_valido", "nome_razaosocial": "Lucas Rodrigues", "oport_dados_custom_forma_ingresso": "ENEM", "oport_dados_custom_curso_interesse": "Direito"}, "ia_agente_180": {"turnos": 1, "messages": [{"role": "user", "content": "Pedro"}, {"role": "assistant", "content": "Olá! Vejo que você se identificou como Pedro. Para prosseguirmos com seu cadastro, poderia me informar seu nome completo? Fico à disposição para ajudar com qualquer dúvida que você tenha."}]}, "_ultima_mensagem": "Nota do Enem", "ia_historico_172": [{"role": "user", "content": "Nota do Enem"}, {"role": "assistant", "content": "Para ingressar via ENEM, é necessário ter uma nota mínima de 400 pontos. Além disso, você precisa enviar um print da sua nota. \\n\\nSe precisar de mais informações sobre a matrícula ou valores, estou à disposição!"}]}	\N	\N	\N	\N	\N	\N	\N	\N	107	7	9	\N		\N	0
89	em_andamento	1	0	5	2026-04-10 10:55:01.20987-03	2026-04-10 10:55:01.210869-03	\N	\N	0	3	{"190": {"titulo": "Qual o seu nome completo?", "valida": true, "resposta": "Pedro Paulo", "nodo_tipo": "texto", "data_resposta": "2026-04-10T13:55:11.196355+00:00"}, "191": {"titulo": "Prazer! Qual curso voce tem interesse? Nossos cursos: Direito, Sistemas de Informacao, Psicologia, Enfermagem, Fisioterapia, Administracao, Ciencias Contabeis, Pedagogia, Fonoaudiologia, Educacao Fisica, Servico Social.", "valida": true, "resposta": "Direito", "nodo_tipo": "texto", "data_resposta": "2026-04-10T13:55:17.528905+00:00"}, "196": {"titulo": "O curso e presencial, de segunda a sexta, das 18h30 as 21h40. Como voce pretende ingressar: Nota do ENEM, Prova Online ou Transferencia?", "valida": true, "resposta": "Nota do Enem", "nodo_tipo": "texto", "data_resposta": "2026-04-10T13:55:33.618396+00:00"}, "204": {"titulo": "Para ingressar via ENEM, preciso que voce envie o print ou foto da sua nota do ENEM (minimo 400 pontos). Pode enviar agora!", "valida": true, "resposta": "Qual endereço da faculdade?", "nodo_tipo": "texto", "data_resposta": "2026-04-10T13:56:00.750272+00:00"}, "207": {"titulo": "Excelente! Para garantir sua vaga, realize o pagamento pelo PIX abaixo:\\n\\nPIX: 00020126580014br.gov.bcb.pix013652d3c4c3-6213-459a-bd59-ac47480dd1945204000053039865802BR5925GILCIFRAN VIEIRA DE SOUSA6008TERESINA62070503***630427D9\\n\\nAssim que realizar o pagamento, me envie o comprovante!\\nNosso horario de confirmacao e de segunda a sexta, das 8h as 18h.", "valida": true, "resposta": "Qual endereço da faculdade?", "nodo_tipo": "texto", "data_resposta": "2026-04-10T13:56:11.514575+00:00"}, "variaveis": {"validacao_curso": "curso_valido", "nome_razaosocial": "Pedro Paulo", "decisao_matricula": "sim", "oport_dados_custom_forma_ingresso": "ENEM", "oport_dados_custom_curso_interesse": "Direito"}, "_ultima_mensagem": "Qual endereço da faculdade?", "ia_historico_198": [{"role": "assistant", "content": "Claro, Pedro Paulo! Vamos aos valores da graduação em Direito ingressando via ENEM:\\n\\n- Valor Integral: R$ 1.500\\n- Matrícula Promocional: R$ 49,99\\n- Mensalidade: R$ 525\\n\\nBolsas progressivas:\\n- 65% em 2026.1\\n- 60% em 2026.2\\n- 55% em 2027.1\\n- 50% a partir de 2027.2\\n\\nSe garantirmos essa condição hoje, você consegue finalizar sua matrícula?"}, {"role": "user", "content": "Sim"}, {"role": "assistant", "content": "Ótimo, Pedro Paulo! Vamos avançar para garantir sua matrícula em Direito. Estou à disposição para ajudar no que for necessário. Se precisar de mais alguma informação ou orientação, é só me avisar!"}]}	\N	\N	\N	\N	\N	\N	\N	\N	127	7	9	\N		\N	0
\.


--
-- Data for Name: auth_group; Type: TABLE DATA; Schema: public; Owner: -
--

COPY public.auth_group (id, name) FROM stdin;
\.


--
-- Data for Name: auth_group_permissions; Type: TABLE DATA; Schema: public; Owner: -
--

COPY public.auth_group_permissions (id, group_id, permission_id) FROM stdin;
\.


--
-- Data for Name: auth_permission; Type: TABLE DATA; Schema: public; Owner: -
--

COPY public.auth_permission (id, name, content_type_id, codename) FROM stdin;
1	Can add log entry	1	add_logentry
2	Can change log entry	1	change_logentry
3	Can delete log entry	1	delete_logentry
4	Can view log entry	1	view_logentry
5	Can add permission	2	add_permission
6	Can change permission	2	change_permission
7	Can delete permission	2	delete_permission
8	Can view permission	2	view_permission
9	Can add group	3	add_group
10	Can change group	3	change_group
11	Can delete group	3	delete_group
12	Can view group	3	view_group
13	Can add user	4	add_user
14	Can change user	4	change_user
15	Can delete user	4	delete_user
16	Can view user	4	view_user
17	Can add content type	5	add_contenttype
18	Can change content type	5	change_contenttype
19	Can delete content type	5	delete_contenttype
20	Can view content type	5	view_contenttype
21	Can add session	6	add_session
22	Can change session	6	change_session
23	Can delete session	6	delete_session
24	Can view session	6	view_session
25	Can add Plano	7	add_plano
26	Can change Plano	7	change_plano
27	Can delete Plano	7	delete_plano
28	Can view Plano	7	view_plano
29	Can add Feature do Plano	8	add_featureplano
30	Can change Feature do Plano	8	change_featureplano
31	Can delete Feature do Plano	8	delete_featureplano
32	Can view Feature do Plano	8	view_featureplano
33	Can add Tenant (Provedor)	9	add_tenant
34	Can change Tenant (Provedor)	9	change_tenant
35	Can delete Tenant (Provedor)	9	delete_tenant
36	Can view Tenant (Provedor)	9	view_tenant
37	Can add Perfil de Usuário	10	add_perfilusuario
38	Can change Perfil de Usuário	10	change_perfilusuario
39	Can delete Perfil de Usuário	10	delete_perfilusuario
40	Can view Perfil de Usuário	10	view_perfilusuario
41	Can add Configuração de Recontato	11	add_configuracaorecontato
42	Can change Configuração de Recontato	11	change_configuracaorecontato
43	Can delete Configuração de Recontato	11	delete_configuracaorecontato
44	Can view Configuração de Recontato	11	view_configuracaorecontato
45	Can add Configuração da Empresa	12	add_configuracaoempresa
46	Can change Configuração da Empresa	12	change_configuracaoempresa
47	Can delete Configuração da Empresa	12	delete_configuracaoempresa
48	Can view Configuração da Empresa	12	view_configuracaoempresa
49	Can add Status Configurável	13	add_statusconfiguravel
50	Can change Status Configurável	13	change_statusconfiguravel
51	Can delete Status Configurável	13	delete_statusconfiguravel
52	Can view Status Configurável	13	view_statusconfiguravel
53	Can add Log do Sistema	14	add_logsistema
54	Can change Log do Sistema	14	change_logsistema
55	Can delete Log do Sistema	14	delete_logsistema
56	Can view Log do Sistema	14	view_logsistema
57	Can add Configuração do Sistema	15	add_configuracaosistema
58	Can change Configuração do Sistema	15	change_configuracaosistema
59	Can delete Configuração do Sistema	15	delete_configuracaosistema
60	Can view Configuração do Sistema	15	view_configuracaosistema
61	Can add Canal de Notificação	16	add_canalnotificacao
62	Can change Canal de Notificação	16	change_canalnotificacao
63	Can delete Canal de Notificação	16	delete_canalnotificacao
64	Can view Canal de Notificação	16	view_canalnotificacao
65	Can add Tipo de Notificação	17	add_tiponotificacao
66	Can change Tipo de Notificação	17	change_tiponotificacao
67	Can delete Tipo de Notificação	17	delete_tiponotificacao
68	Can view Tipo de Notificação	17	view_tiponotificacao
69	Can add Template de Notificação	18	add_templatenotificacao
70	Can change Template de Notificação	18	change_templatenotificacao
71	Can delete Template de Notificação	18	delete_templatenotificacao
72	Can view Template de Notificação	18	view_templatenotificacao
73	Can add Preferência de Notificação	19	add_preferencianotificacao
74	Can change Preferência de Notificação	19	change_preferencianotificacao
75	Can delete Preferência de Notificação	19	delete_preferencianotificacao
76	Can view Preferência de Notificação	19	view_preferencianotificacao
77	Can add Notificação	20	add_notificacao
78	Can change Notificação	20	change_notificacao
79	Can delete Notificação	20	delete_notificacao
80	Can view Notificação	20	view_notificacao
81	Can add Lead/Prospecto	21	add_leadprospecto
82	Can change Lead/Prospecto	21	change_leadprospecto
83	Can delete Lead/Prospecto	21	delete_leadprospecto
84	Can view Lead/Prospecto	21	view_leadprospecto
85	Can add Imagem do Lead	22	add_imagemleadprospecto
86	Can change Imagem do Lead	22	change_imagemleadprospecto
87	Can delete Imagem do Lead	22	delete_imagemleadprospecto
88	Can view Imagem do Lead	22	view_imagemleadprospecto
89	Can add Histórico de Contato	23	add_historicocontato
90	Can change Histórico de Contato	23	change_historicocontato
91	Can delete Histórico de Contato	23	delete_historicocontato
92	Can view Histórico de Contato	23	view_historicocontato
93	Can add Prospecto	24	add_prospecto
94	Can change Prospecto	24	change_prospecto
95	Can delete Prospecto	24	delete_prospecto
96	Can view Prospecto	24	view_prospecto
97	Can add Atendimento de Fluxo	25	add_atendimentofluxo
98	Can change Atendimento de Fluxo	25	change_atendimentofluxo
99	Can delete Atendimento de Fluxo	25	delete_atendimentofluxo
100	Can view Atendimento de Fluxo	25	view_atendimentofluxo
101	Can add Fluxo de Atendimento	26	add_fluxoatendimento
102	Can change Fluxo de Atendimento	26	change_fluxoatendimento
103	Can delete Fluxo de Atendimento	26	delete_fluxoatendimento
104	Can view Fluxo de Atendimento	26	view_fluxoatendimento
105	Can add Questão do Fluxo	27	add_questaofluxo
106	Can change Questão do Fluxo	27	change_questaofluxo
107	Can delete Questão do Fluxo	27	delete_questaofluxo
108	Can view Questão do Fluxo	27	view_questaofluxo
109	Can add Resposta de Questão	28	add_respostaquestao
110	Can change Resposta de Questão	28	change_respostaquestao
111	Can delete Resposta de Questão	28	delete_respostaquestao
112	Can view Resposta de Questão	28	view_respostaquestao
113	Can add Tentativa de Resposta	29	add_tentativaresposta
114	Can change Tentativa de Resposta	29	change_tentativaresposta
115	Can delete Tentativa de Resposta	29	delete_tentativaresposta
116	Can view Tentativa de Resposta	29	view_tentativaresposta
117	Can add Cadastro de Cliente	30	add_cadastrocliente
118	Can change Cadastro de Cliente	30	change_cadastrocliente
119	Can delete Cadastro de Cliente	30	delete_cadastrocliente
120	Can view Cadastro de Cliente	30	view_cadastrocliente
121	Can add Configuração de Cadastro	31	add_configuracaocadastro
122	Can change Configuração de Cadastro	31	change_configuracaocadastro
123	Can delete Configuração de Cadastro	31	delete_configuracaocadastro
124	Can view Configuração de Cadastro	31	view_configuracaocadastro
125	Can add Documento do Lead	32	add_documentolead
126	Can change Documento do Lead	32	change_documentolead
127	Can delete Documento do Lead	32	delete_documentolead
128	Can view Documento do Lead	32	view_documentolead
129	Can add Opção de Vencimento	33	add_opcaovencimento
130	Can change Opção de Vencimento	33	change_opcaovencimento
131	Can delete Opção de Vencimento	33	delete_opcaovencimento
132	Can view Opção de Vencimento	33	view_opcaovencimento
133	Can add Plano de Internet	34	add_planointernet
134	Can change Plano de Internet	34	change_planointernet
135	Can delete Plano de Internet	34	delete_planointernet
136	Can view Plano de Internet	34	view_planointernet
137	Can add Cidade com Viabilidade	35	add_cidadeviabilidade
138	Can change Cidade com Viabilidade	35	change_cidadeviabilidade
139	Can delete Cidade com Viabilidade	35	delete_cidadeviabilidade
140	Can view Cidade com Viabilidade	35	view_cidadeviabilidade
141	Can add Equipe de Vendas	36	add_equipevendas
142	Can change Equipe de Vendas	36	change_equipevendas
143	Can delete Equipe de Vendas	36	delete_equipevendas
144	Can view Equipe de Vendas	36	view_equipevendas
145	Can add Membro do Segmento	37	add_membrosegmento
146	Can change Membro do Segmento	37	change_membrosegmento
147	Can delete Membro do Segmento	37	delete_membrosegmento
148	Can view Membro do Segmento	37	view_membrosegmento
149	Can add Meta de Vendas	38	add_metavendas
150	Can change Meta de Vendas	38	change_metavendas
151	Can delete Meta de Vendas	38	delete_metavendas
152	Can view Meta de Vendas	38	view_metavendas
153	Can add Oportunidade de Venda	39	add_oportunidadevenda
154	Can change Oportunidade de Venda	39	change_oportunidadevenda
155	Can delete Oportunidade de Venda	39	delete_oportunidadevenda
156	Can view Oportunidade de Venda	39	view_oportunidadevenda
157	Can add Nota Interna	40	add_notainterna
158	Can change Nota Interna	40	change_notainterna
159	Can delete Nota Interna	40	delete_notainterna
160	Can view Nota Interna	40	view_notainterna
161	Can add Alerta de Retenção	41	add_alertaretencao
162	Can change Alerta de Retenção	41	change_alertaretencao
163	Can delete Alerta de Retenção	41	delete_alertaretencao
164	Can view Alerta de Retenção	41	view_alertaretencao
165	Can add Perfil de Vendedor	42	add_perfilvendedor
166	Can change Perfil de Vendedor	42	change_perfilvendedor
167	Can delete Perfil de Vendedor	42	delete_perfilvendedor
168	Can view Perfil de Vendedor	42	view_perfilvendedor
169	Can add Estágio do Pipeline	43	add_pipelineestagio
170	Can change Estágio do Pipeline	43	change_pipelineestagio
171	Can delete Estágio do Pipeline	43	delete_pipelineestagio
172	Can view Estágio do Pipeline	43	view_pipelineestagio
173	Can add Histórico de Estágio	44	add_historicopipelineestagio
174	Can change Histórico de Estágio	44	change_historicopipelineestagio
175	Can delete Histórico de Estágio	44	delete_historicopipelineestagio
176	Can view Histórico de Estágio	44	view_historicopipelineestagio
177	Can add Configuração do CRM	45	add_configuracaocrm
178	Can change Configuração do CRM	45	change_configuracaocrm
179	Can delete Configuração do CRM	45	delete_configuracaocrm
180	Can view Configuração do CRM	45	view_configuracaocrm
181	Can add Segmento CRM	46	add_segmentocrm
369	Can add Canal	93	add_canalinbox
182	Can change Segmento CRM	46	change_segmentocrm
183	Can delete Segmento CRM	46	delete_segmentocrm
184	Can view Segmento CRM	46	view_segmentocrm
185	Can add Tag CRM	47	add_tagcrm
186	Can change Tag CRM	47	change_tagcrm
187	Can delete Tag CRM	47	delete_tagcrm
188	Can view Tag CRM	47	view_tagcrm
189	Can add Tarefa CRM	48	add_tarefacrm
190	Can change Tarefa CRM	48	change_tarefacrm
191	Can delete Tarefa CRM	48	delete_tarefacrm
192	Can view Tarefa CRM	48	view_tarefacrm
193	Can add Pipeline	49	add_pipeline
194	Can change Pipeline	49	change_pipeline
195	Can delete Pipeline	49	delete_pipeline
196	Can view Pipeline	49	view_pipeline
197	Can add Campanha de Tráfego	50	add_campanhatrafego
198	Can change Campanha de Tráfego	50	change_campanhatrafego
199	Can delete Campanha de Tráfego	50	delete_campanhatrafego
200	Can view Campanha de Tráfego	50	view_campanhatrafego
201	Can add Detecção de Campanha	51	add_deteccaocampanha
202	Can change Detecção de Campanha	51	change_deteccaocampanha
203	Can delete Detecção de Campanha	51	delete_deteccaocampanha
204	Can view Detecção de Campanha	51	view_deteccaocampanha
205	Can add Ação	52	add_acaoregra
206	Can change Ação	52	change_acaoregra
207	Can delete Ação	52	delete_acaoregra
208	Can view Ação	52	view_acaoregra
209	Can add Regra de Automação	53	add_regraautomacao
210	Can change Regra de Automação	53	change_regraautomacao
211	Can delete Regra de Automação	53	delete_regraautomacao
212	Can view Regra de Automação	53	view_regraautomacao
213	Can add Log de Execução	54	add_logexecucao
214	Can change Log de Execução	54	change_logexecucao
215	Can delete Log de Execução	54	delete_logexecucao
216	Can view Log de Execução	54	view_logexecucao
217	Can add Condição	55	add_condicaoregra
218	Can change Condição	55	change_condicaoregra
219	Can delete Condição	55	delete_condicaoregra
220	Can view Condição	55	view_condicaoregra
221	Can add Integração de API	56	add_integracaoapi
222	Can change Integração de API	56	change_integracaoapi
223	Can delete Integração de API	56	delete_integracaoapi
224	Can view Integração de API	56	view_integracaoapi
225	Can add Cliente Hubsoft	57	add_clientehubsoft
226	Can change Cliente Hubsoft	57	change_clientehubsoft
227	Can delete Cliente Hubsoft	57	delete_clientehubsoft
228	Can view Cliente Hubsoft	57	view_clientehubsoft
229	Can add Log de Integração	58	add_logintegracao
230	Can change Log de Integração	58	change_logintegracao
231	Can delete Log de Integração	58	delete_logintegracao
232	Can view Log de Integração	58	view_logintegracao
233	Can add Serviço do Cliente Hubsoft	59	add_servicoclientehubsoft
234	Can change Serviço do Cliente Hubsoft	59	change_servicoclientehubsoft
235	Can delete Serviço do Cliente Hubsoft	59	delete_servicoclientehubsoft
236	Can view Serviço do Cliente Hubsoft	59	view_servicoclientehubsoft
237	Can add Banner	60	add_bannerclube
238	Can change Banner	60	change_bannerclube
239	Can delete Banner	60	delete_bannerclube
240	Can view Banner	60	view_bannerclube
241	Can add Cidade	61	add_cidade
242	Can change Cidade	61	change_cidade
243	Can delete Cidade	61	delete_cidade
244	Can view Cidade	61	view_cidade
245	Can add Configuracao Landing Page	62	add_landingconfig
246	Can change Configuracao Landing Page	62	change_landingconfig
247	Can delete Configuracao Landing Page	62	delete_landingconfig
248	Can view Configuracao Landing Page	62	view_landingconfig
249	Can add Membro do Clube	63	add_membroclube
250	Can change Membro do Clube	63	change_membroclube
251	Can delete Membro do Clube	63	delete_membroclube
252	Can view Membro do Clube	63	view_membroclube
253	Can add Nível do Clube	64	add_nivelclube
254	Can change Nível do Clube	64	change_nivelclube
255	Can delete Nível do Clube	64	delete_nivelclube
256	Can view Nível do Clube	64	view_nivelclube
257	Can add Participante da Roleta	65	add_participanteroleta
258	Can change Participante da Roleta	65	change_participanteroleta
259	Can delete Participante da Roleta	65	delete_participanteroleta
260	Can view Participante da Roleta	65	view_participanteroleta
261	Can add Prêmio da Roleta	66	add_premioroleta
262	Can change Prêmio da Roleta	66	change_premioroleta
263	Can delete Prêmio da Roleta	66	delete_premioroleta
264	Can view Prêmio da Roleta	66	view_premioroleta
265	Can add Regra de Pontuação	67	add_regrapontuacao
266	Can change Regra de Pontuação	67	change_regrapontuacao
267	Can delete Regra de Pontuação	67	delete_regrapontuacao
268	Can view Regra de Pontuação	67	view_regrapontuacao
269	Can add Extrato de Pontuação	68	add_extratopontuacao
270	Can change Extrato de Pontuação	68	change_extratopontuacao
271	Can delete Extrato de Pontuação	68	delete_extratopontuacao
272	Can view Extrato de Pontuação	68	view_extratopontuacao
273	Can add Configuração da Roleta	69	add_roletaconfig
274	Can change Configuração da Roleta	69	change_roletaconfig
275	Can delete Configuração da Roleta	69	delete_roletaconfig
276	Can view Configuração da Roleta	69	view_roletaconfig
277	Can add Asset da Roleta	70	add_rouletteasset
278	Can change Asset da Roleta	70	change_rouletteasset
279	Can delete Asset da Roleta	70	delete_rouletteasset
280	Can view Asset da Roleta	70	view_rouletteasset
281	Can add Categoria de Parceiro	71	add_categoriaparceiro
282	Can change Categoria de Parceiro	71	change_categoriaparceiro
283	Can delete Categoria de Parceiro	71	delete_categoriaparceiro
284	Can view Categoria de Parceiro	71	view_categoriaparceiro
285	Can add Parceiro	72	add_parceiro
286	Can change Parceiro	72	change_parceiro
287	Can delete Parceiro	72	delete_parceiro
288	Can view Parceiro	72	view_parceiro
289	Can add Cupom de Desconto	73	add_cupomdesconto
290	Can change Cupom de Desconto	73	change_cupomdesconto
291	Can delete Cupom de Desconto	73	delete_cupomdesconto
292	Can view Cupom de Desconto	73	view_cupomdesconto
293	Can add Resgate de Cupom	74	add_resgatecupom
294	Can change Resgate de Cupom	74	change_resgatecupom
295	Can delete Resgate de Cupom	74	delete_resgatecupom
296	Can view Resgate de Cupom	74	view_resgatecupom
297	Can add Configuração de Indicação	75	add_indicacaoconfig
298	Can change Configuração de Indicação	75	change_indicacaoconfig
299	Can delete Configuração de Indicação	75	delete_indicacaoconfig
300	Can view Configuração de Indicação	75	view_indicacaoconfig
301	Can add Indicação	76	add_indicacao
302	Can change Indicação	76	change_indicacao
303	Can delete Indicação	76	delete_indicacao
304	Can view Indicação	76	view_indicacao
305	Can add Modelo de Carteirinha	77	add_modelocarteirinha
306	Can change Modelo de Carteirinha	77	change_modelocarteirinha
307	Can delete Modelo de Carteirinha	77	delete_modelocarteirinha
308	Can view Modelo de Carteirinha	77	view_modelocarteirinha
309	Can add Carteirinha do Membro	78	add_carteirinhamembro
310	Can change Carteirinha do Membro	78	change_carteirinhamembro
311	Can delete Carteirinha do Membro	78	delete_carteirinhamembro
312	Can view Carteirinha do Membro	78	view_carteirinhamembro
313	Can add Regra de Atribuição	79	add_regraatribuicao
314	Can change Regra de Atribuição	79	change_regraatribuicao
315	Can delete Regra de Atribuição	79	delete_regraatribuicao
316	Can view Regra de Atribuição	79	view_regraatribuicao
317	Can add Configuração NPS	80	add_configuracaonps
318	Can change Configuração NPS	80	change_configuracaonps
319	Can delete Configuração NPS	80	delete_configuracaonps
320	Can view Configuração NPS	80	view_configuracaonps
321	Can add Pesquisa NPS	81	add_pesquisanps
322	Can change Pesquisa NPS	81	change_pesquisanps
323	Can delete Pesquisa NPS	81	delete_pesquisanps
324	Can view Pesquisa NPS	81	view_pesquisanps
325	Can add Alerta de Churn	82	add_alertachurn
326	Can change Alerta de Churn	82	change_alertachurn
327	Can delete Alerta de Churn	82	delete_alertachurn
328	Can view Alerta de Churn	82	view_alertachurn
329	Can add Ação de Retenção	83	add_acaoretencao
330	Can change Ação de Retenção	83	change_acaoretencao
331	Can delete Ação de Retenção	83	delete_acaoretencao
332	Can view Ação de Retenção	83	view_acaoretencao
333	Can add Score de Cliente	84	add_scorecliente
334	Can change Score de Cliente	84	change_scorecliente
335	Can delete Score de Cliente	84	delete_scorecliente
336	Can view Score de Cliente	84	view_scorecliente
337	Can add Categoria de Ticket	85	add_categoriaticket
338	Can change Categoria de Ticket	85	change_categoriaticket
339	Can delete Categoria de Ticket	85	delete_categoriaticket
340	Can view Categoria de Ticket	85	view_categoriaticket
341	Can add Ticket	86	add_ticket
342	Can change Ticket	86	change_ticket
343	Can delete Ticket	86	delete_ticket
344	Can view Ticket	86	view_ticket
345	Can add Comentário	87	add_comentarioticket
346	Can change Comentário	87	change_comentarioticket
347	Can delete Comentário	87	delete_comentarioticket
348	Can view Comentário	87	view_comentarioticket
349	Can add Configuração de SLA	88	add_slaconfig
350	Can change Configuração de SLA	88	change_slaconfig
351	Can delete Configuração de SLA	88	delete_slaconfig
352	Can view Configuração de SLA	88	view_slaconfig
353	Can add Nodo do Fluxo	89	add_nodofluxo
354	Can change Nodo do Fluxo	89	change_nodofluxo
355	Can delete Nodo do Fluxo	89	delete_nodofluxo
356	Can view Nodo do Fluxo	89	view_nodofluxo
357	Can add Controle de Execução	90	add_controleexecucao
358	Can change Controle de Execução	90	change_controleexecucao
359	Can delete Controle de Execução	90	delete_controleexecucao
360	Can view Controle de Execução	90	view_controleexecucao
361	Can add Execução Pendente	91	add_execucaopendente
362	Can change Execução Pendente	91	change_execucaopendente
363	Can delete Execução Pendente	91	delete_execucaopendente
364	Can view Execução Pendente	91	view_execucaopendente
365	Can add Conexão	92	add_conexaonodo
366	Can change Conexão	92	change_conexaonodo
367	Can delete Conexão	92	delete_conexaonodo
368	Can view Conexão	92	view_conexaonodo
370	Can change Canal	93	change_canalinbox
371	Can delete Canal	93	delete_canalinbox
372	Can view Canal	93	view_canalinbox
373	Can add Etiqueta	94	add_etiquetaconversa
374	Can change Etiqueta	94	change_etiquetaconversa
375	Can delete Etiqueta	94	delete_etiquetaconversa
376	Can view Etiqueta	94	view_etiquetaconversa
377	Can add Conversa	95	add_conversa
378	Can change Conversa	95	change_conversa
379	Can delete Conversa	95	delete_conversa
380	Can view Conversa	95	view_conversa
381	Can add Mensagem	96	add_mensagem
382	Can change Mensagem	96	change_mensagem
383	Can delete Mensagem	96	delete_mensagem
384	Can view Mensagem	96	view_mensagem
385	Can add Nota Interna	97	add_notainternaconversa
386	Can change Nota Interna	97	change_notainternaconversa
387	Can delete Nota Interna	97	delete_notainternaconversa
388	Can view Nota Interna	97	view_notainternaconversa
389	Can add Resposta Rápida	98	add_respostarapida
390	Can change Resposta Rápida	98	change_respostarapida
391	Can delete Resposta Rápida	98	delete_respostarapida
392	Can view Resposta Rápida	98	view_respostarapida
393	Can add Transferência	99	add_historicotransferencia
394	Can change Transferência	99	change_historicotransferencia
395	Can delete Transferência	99	delete_historicotransferencia
396	Can view Transferência	99	view_historicotransferencia
397	Can add Horário de Atendimento	100	add_horarioatendimento
398	Can change Horário de Atendimento	100	change_horarioatendimento
399	Can delete Horário de Atendimento	100	delete_horarioatendimento
400	Can view Horário de Atendimento	100	view_horarioatendimento
401	Can add Membro de Equipe	101	add_membroequipeinbox
402	Can change Membro de Equipe	101	change_membroequipeinbox
403	Can delete Membro de Equipe	101	delete_membroequipeinbox
404	Can view Membro de Equipe	101	view_membroequipeinbox
405	Can add Perfil de Agente	102	add_perfilagenteinbox
406	Can change Perfil de Agente	102	change_perfilagenteinbox
407	Can delete Perfil de Agente	102	delete_perfilagenteinbox
408	Can view Perfil de Agente	102	view_perfilagenteinbox
409	Can add Regra de Roteamento	103	add_regraroteamento
410	Can change Regra de Roteamento	103	change_regraroteamento
411	Can delete Regra de Roteamento	103	delete_regraroteamento
412	Can view Regra de Roteamento	103	view_regraroteamento
413	Can add Configuração do Inbox	104	add_configuracaoinbox
414	Can change Configuração do Inbox	104	change_configuracaoinbox
415	Can delete Configuração do Inbox	104	delete_configuracaoinbox
416	Can view Configuração do Inbox	104	view_configuracaoinbox
417	Can add Equipe	105	add_equipeinbox
418	Can change Equipe	105	change_equipeinbox
419	Can delete Equipe	105	delete_equipeinbox
420	Can view Equipe	105	view_equipeinbox
421	Can add Fila	106	add_filainbox
422	Can change Fila	106	change_filainbox
423	Can delete Fila	106	delete_filainbox
424	Can view Fila	106	view_filainbox
425	Can add Categoria FAQ	107	add_categoriafaq
426	Can change Categoria FAQ	107	change_categoriafaq
427	Can delete Categoria FAQ	107	delete_categoriafaq
428	Can view Categoria FAQ	107	view_categoriafaq
429	Can add Configuração do Widget	108	add_widgetconfig
430	Can change Configuração do Widget	108	change_widgetconfig
431	Can delete Configuração do Widget	108	delete_widgetconfig
432	Can view Configuração do Widget	108	view_widgetconfig
433	Can add Artigo FAQ	109	add_artigofaq
434	Can change Artigo FAQ	109	change_artigofaq
435	Can delete Artigo FAQ	109	delete_artigofaq
436	Can view Artigo FAQ	109	view_artigofaq
437	Can add Permissão de Usuário	110	add_permissaousuario
438	Can change Permissão de Usuário	110	change_permissaousuario
439	Can delete Permissão de Usuário	110	delete_permissaousuario
440	Can view Permissão de Usuário	110	view_permissaousuario
441	Can add Perfil de Permissão	111	add_perfilpermissao
442	Can change Perfil de Permissão	111	change_perfilpermissao
443	Can delete Perfil de Permissão	111	delete_perfilpermissao
444	Can view Perfil de Permissão	111	view_perfilpermissao
445	Can add Funcionalidade	112	add_funcionalidade
446	Can change Funcionalidade	112	change_funcionalidade
447	Can delete Funcionalidade	112	delete_funcionalidade
448	Can view Funcionalidade	112	view_funcionalidade
449	Can add Categoria (Base de Conhecimento)	113	add_categoriaconhecimento
450	Can change Categoria (Base de Conhecimento)	113	change_categoriaconhecimento
451	Can delete Categoria (Base de Conhecimento)	113	delete_categoriaconhecimento
452	Can view Categoria (Base de Conhecimento)	113	view_categoriaconhecimento
453	Can add Artigo (Base de Conhecimento)	114	add_artigoconhecimento
454	Can change Artigo (Base de Conhecimento)	114	change_artigoconhecimento
455	Can delete Artigo (Base de Conhecimento)	114	delete_artigoconhecimento
456	Can view Artigo (Base de Conhecimento)	114	view_artigoconhecimento
457	Can add Campo Customizado	115	add_campocustomizado
458	Can change Campo Customizado	115	change_campocustomizado
459	Can delete Campo Customizado	115	delete_campocustomizado
460	Can view Campo Customizado	115	view_campocustomizado
461	Can add Nodo do Fluxo	116	add_nodofluxoatendimento
462	Can change Nodo do Fluxo	116	change_nodofluxoatendimento
463	Can delete Nodo do Fluxo	116	delete_nodofluxoatendimento
464	Can view Nodo do Fluxo	116	view_nodofluxoatendimento
465	Can add Execucao Pendente	117	add_execucaofluxoatendimento
466	Can change Execucao Pendente	117	change_execucaofluxoatendimento
467	Can delete Execucao Pendente	117	delete_execucaofluxoatendimento
468	Can view Execucao Pendente	117	view_execucaofluxoatendimento
469	Can add Conexao	118	add_conexaonodoatendimento
470	Can change Conexao	118	change_conexaonodoatendimento
471	Can delete Conexao	118	delete_conexaonodoatendimento
472	Can view Conexao	118	view_conexaonodoatendimento
473	Can add Log do Fluxo	119	add_logfluxoatendimento
474	Can change Log do Fluxo	119	change_logfluxoatendimento
475	Can delete Log do Fluxo	119	delete_logfluxoatendimento
476	Can view Log do Fluxo	119	view_logfluxoatendimento
477	Can add Categoria de Template	120	add_categoriatemplate
478	Can change Categoria de Template	120	change_categoriatemplate
479	Can delete Categoria de Template	120	delete_categoriatemplate
480	Can view Categoria de Template	120	view_categoriatemplate
481	Can add Template de Email	121	add_templateemail
482	Can change Template de Email	121	change_templateemail
483	Can delete Template de Email	121	delete_templateemail
484	Can view Template de Email	121	view_templateemail
485	Can add Envio de Email	122	add_envioemail
486	Can change Envio de Email	122	change_envioemail
487	Can delete Envio de Email	122	delete_envioemail
488	Can view Envio de Email	122	view_envioemail
489	Can add Historico do Ticket	123	add_historicoticket
490	Can change Historico do Ticket	123	change_historicoticket
491	Can delete Historico do Ticket	123	delete_historicoticket
492	Can view Historico do Ticket	123	view_historicoticket
\.


--
-- Data for Name: auth_user; Type: TABLE DATA; Schema: public; Owner: -
--

COPY public.auth_user (id, password, last_login, is_superuser, username, first_name, last_name, email, is_staff, is_active, date_joined, telefone) FROM stdin;
2	pbkdf2_sha256$1000000$hzsTtbvJWZfDrzazzirRAY$16Sf5aZ6lJQS69SltOlIwQi5nihGT88S8QXXAYNa8j8=	\N	f	darlan	Darlan	Oliveira	darlan@megalink.com.br	t	t	2026-04-03 22:49:24.885641-03	\N
3	pbkdf2_sha256$1000000$sCFFHc6Bhv95cqf6tZnvAO$02oJMW+C6RHhiJUjtAUnp8s+wsa7dnLUpCLNgAmmVN0=	\N	f	maria_v	Maria	Santos	maria@megalink.com.br	t	t	2026-04-03 22:49:25.311314-03	\N
4	pbkdf2_sha256$1000000$iKGfkmqlpTRaGjJ101myeS$fEu1hU3akmWjIYTd8mM4PG9nvzi8GXlqk/VPZUAvakc=	\N	f	joao_v	Joao	Lima	joao@megalink.com.br	t	t	2026-04-03 22:49:25.705849-03	\N
5	pbkdf2_sha256$1000000$FI91o3HUPPyL1prXJNdjKU$xtxaqYVIoJANAwSBIxuBsWqR6JI0I2mFoEecEjMtk7A=	\N	f	lucas_aurora	Lucas	Mendes	lucas@auroraisp.com.br	t	t	2026-04-03 22:49:27.733931-03	\N
6	pbkdf2_sha256$1000000$jnxgHhHKrZvF9eLhCqZVlJ$LupmWkn/WstY4edpVYd7ljq9fE+X6LJYODyeBgxqFv8=	\N	f	camila_aurora	Camila	Reis	camila@auroraisp.com.br	t	t	2026-04-03 22:49:28.318381-03	\N
7	pbkdf2_sha256$1000000$Dq3CwZbOMcll14GuvWlerX$xHFbCnnzIVaduw5QZNewDcDIGokJZiZ6lNMVT5D4ZJs=	\N	f	rafael_aurora	Rafael	Costa	rafael@auroraisp.com.br	t	t	2026-04-03 22:49:28.946251-03	\N
10	pbkdf2_sha256$1000000$8NoDZQHNKeOXXJ5yZOFGP3$DUFFu9osBYq0oSobw1sOaIs5pxCz5PNhhpyCy+4eDb0=	\N	f	vendedor1	Carlos	Silva	vendedor1@demo.com	f	t	2026-04-09 09:29:44.45338-03	\N
11	pbkdf2_sha256$1000000$BkepDHmk42vpBL7TVV1D63$7XuSVVKFo6f9hSsuKXQyLo1+J+XBAfYr/J+mzy/37ck=	\N	f	vendedor2	Ana	Souza	vendedor2@demo.com	f	t	2026-04-09 09:29:44.770726-03	\N
12	pbkdf2_sha256$1000000$0rtr1dqroGv7Ojf4S1utzl$fdFdQObTZHB8HVihkoxKrIi3aVBR1oVpF2faulylJDI=	\N	f	suporte	Maria	Santos	suporte@demo.com	f	t	2026-04-09 09:29:45.08549-03	\N
9	pbkdf2_sha256$1000000$9RzrulMQkPujwZiuVj25gA$XU9Xofiwoqfu+We+uXuxG6uzJTEbuK5YCHj/C8EHp/Q=	2026-04-09 09:35:10.767746-03	f	demo	Demo	Admin	demo@hubtrix.com.br	t	t	2026-04-09 09:29:44.121236-03	\N
8	pbkdf2_sha256$1000000$oLm64sFwlXrU0JLrkVwzSC$aT0HLt8FHxEH7CKLYPhqM31Zox64xmPrCdExthcEnVM=	2026-04-09 15:23:23.217573-03	f	admin	Fatepi/Faespi		admin@fatepi.com.br	f	t	2026-04-07 15:55:35.635652-03	\N
1	pbkdf2_sha256$1000000$l0K8Ot2rf9oA8hwq0Q9teF$ueRLKa7wZ8+elpD2vI7lUJSffGnVYvPDpgAB+BxpvkQ=	2026-04-10 03:32:19.64867-03	t	aurora	Lucas	Rodrigues	admin@auroraisp.com.br	t	t	2026-04-03 22:47:07.895705-03	\N
13	pbkdf2_sha256$1000000$ffrveTg91yuD6rVbZ4vstD$hBRnAIcx61JYliQZJPnr22MoXha43sR+hTPMAfrQAR8=	\N	f	nti_fatepi	NTI	FATEPI	nti@faespi.com.br	t	t	2026-04-10 03:39:56.605562-03	\N
14	pbkdf2_sha256$1000000$vmuNgPro89HCFw2GcsKt6D$QaU0+OLgi0XrYRCumERF2rSDG+BRLdCzRCDuyyF1QD8=	\N	f	direcao_fatepi	Direcao	Geral	direcaogeral@faespi.com.br	t	t	2026-04-10 03:39:57.279831-03	\N
16	pbkdf2_sha256$1000000$NkyjyD9EfYv6sdg69UpUTo$hGjo6VW65vVISp7nm0L0rX1YpBpPlPRvYvEWgR72Npg=	\N	f	italo_fatepi	Italo	Viana	italoviana@faespi.com.br	f	t	2026-04-10 03:39:58.341869-03	\N
17	pbkdf2_sha256$1000000$QgUZ44kL74i6wl435EIAWd$LmttibI0NkCWOuOrS3aPPOEAhWM9UMQMhHqLa3lokww=	\N	f	marisa_fatepi	Marisa	Sousa	marisasousa@faespi.com.br	f	t	2026-04-10 03:39:58.920533-03	\N
15	pbkdf2_sha256$1000000$yKp2w0QPdhlwPbdGdHa252$/tC+BDGVvNjtUZIkZsCK1HlTJoi/qNlKWaFHgt43DZc=	2026-04-10 04:14:26.193484-03	f	anne_fatepi	Anne	Caroline	annecaroline@faespi.com.br	f	t	2026-04-10 03:39:57.812265-03	\N
\.


--
-- Data for Name: auth_user_groups; Type: TABLE DATA; Schema: public; Owner: -
--

COPY public.auth_user_groups (id, user_id, group_id) FROM stdin;
\.


--
-- Data for Name: auth_user_user_permissions; Type: TABLE DATA; Schema: public; Owner: -
--

COPY public.auth_user_user_permissions (id, user_id, permission_id) FROM stdin;
\.


--
-- Data for Name: automacoes_acaoregra; Type: TABLE DATA; Schema: public; Owner: -
--

COPY public.automacoes_acaoregra (id, tipo, configuracao, ordem, delay_ativo, delay_valor, delay_unidade, tenant_id, regra_id) FROM stdin;
1	notificacao_sistema	T1	0	f	0	minutos	5	3
2	notificacao_sistema	Novo lead {{lead_nome}} via {{lead_origem}}. Telefone: {{lead_telefone}}	0	f	0	minutos	3	4
3	notificacao_sistema	ALERTA: Lead {{lead_nome}} esta sem contato ha {{dias_sem_contato}} dias!	0	f	0	minutos	3	5
4	criar_tarefa	Titulo: Recontatar {{lead_nome}}\nTipo: ligacao\nPrioridade: alta	1	f	0	minutos	3	5
5	notificacao_sistema	Demo agendada para {{lead_nome}}! Responsavel: {{responsavel}}	0	f	0	minutos	3	6
6	criar_tarefa	Titulo: Follow-up proposta {{lead_nome}}\nTipo: followup\nPrioridade: alta	0	f	0	minutos	3	7
7	notificacao_sistema	Proposta para {{lead_nome}} sem resposta ha 5 dias. Fazer follow-up!	1	f	0	minutos	3	7
\.


--
-- Data for Name: automacoes_condicaoregra; Type: TABLE DATA; Schema: public; Owner: -
--

COPY public.automacoes_condicaoregra (id, campo, operador, valor, ordem, tenant_id, regra_id) FROM stdin;
1	dias_sem_contato	maior_igual	2	0	3	5
2	estagio	igual	demo-agendada	0	3	6
3	crm.estagio	igual	proposta-enviada	0	3	7
4	dias_sem_contato	maior_igual	5	1	3	7
\.


--
-- Data for Name: automacoes_conexaonodo; Type: TABLE DATA; Schema: public; Owner: -
--

COPY public.automacoes_conexaonodo (id, tipo_saida, regra_id, tenant_id, nodo_destino_id, nodo_origem_id) FROM stdin;
1	default	7	3	2	1
2	true	7	3	3	2
3	true	7	3	4	3
4	default	7	3	5	4
5	default	6	3	7	6
6	true	6	3	8	7
7	default	5	3	10	9
8	true	5	3	11	10
9	default	5	3	12	11
10	default	4	3	14	13
50	default	38	3	85	84
51	default	39	3	87	86
52	default	40	3	89	88
53	default	41	3	91	90
54	default	42	3	93	92
55	default	43	3	95	94
56	default	44	3	97	96
57	default	45	3	99	98
58	default	45	3	100	99
59	default	46	3	102	101
60	default	47	3	104	103
61	true	47	3	105	104
62	false	47	3	106	104
63	default	48	3	108	107
64	default	49	3	110	109
65	true	49	3	111	110
66	false	49	3	112	110
67	default	50	3	114	113
68	default	51	3	116	115
69	default	52	3	118	117
70	default	52	3	119	118
71	default	53	3	121	120
72	default	54	3	123	122
73	true	54	3	124	123
74	false	54	3	125	123
75	default	55	3	127	126
76	true	55	3	128	127
77	false	55	3	130	127
78	default	55	3	129	128
79	default	55	3	131	130
80	default	56	3	133	132
81	default	57	3	135	134
82	true	57	3	136	135
83	false	57	3	137	135
84	default	58	3	139	138
85	default	59	3	141	140
86	default	60	3	143	142
87	default	60	3	144	143
88	default	61	3	146	145
89	default	62	3	148	147
90	true	62	3	149	148
91	false	62	3	150	148
95	default	63	7	159	158
101	default	67	8	169	168
102	default	66	8	171	170
103	default	66	8	172	171
104	default	66	8	173	171
\.


--
-- Data for Name: automacoes_controleexecucao; Type: TABLE DATA; Schema: public; Owner: -
--

COPY public.automacoes_controleexecucao (id, total_execucoes_periodo, primeira_execucao_periodo, ultima_execucao, lead_id, regra_id, tenant_id) FROM stdin;
\.


--
-- Data for Name: automacoes_execucaopendente; Type: TABLE DATA; Schema: public; Owner: -
--

COPY public.automacoes_execucaopendente (id, contexto_json, data_agendada, status, data_criacao, data_execucao, resultado, acao_id, lead_id, regra_id, tenant_id, nodo_id) FROM stdin;
\.


--
-- Data for Name: automacoes_logexecucao; Type: TABLE DATA; Schema: public; Owner: -
--

COPY public.automacoes_logexecucao (id, status, evento_dados, resultado, data_execucao, data_agendada, acao_id, tenant_id, regra_id, lead_id, nodo_id) FROM stdin;
1	sucesso	{"nome": "X"}	Notificação criada	2026-04-05 13:19:30.913832-03	\N	1	5	3	\N	\N
2	sucesso	{"lead": "LeadProspecto(pk=52)", "lead_nome": "Lucas Rodrigues", "lead_email": "", "lead_origem": "whatsapp", "lead_telefone": "555381521653"}	Notificação criada	2026-04-06 21:27:03.365958-03	\N	\N	3	4	52	14
3	sucesso	{"lead": "LeadProspecto(pk=53)", "nome": "Lead Teste Automacoes", "telefone": "5511999990000", "lead_nome": "Lead Teste Automacoes", "lead_email": "teste@automacao.com", "lead_score": 8, "lead_valor": "0", "lead_origem": "site", "lead_telefone": "5511999990000"}	Notificação criada	2026-04-06 21:32:21.397901-03	\N	\N	3	4	53	14
241	sucesso	{"lead": "LeadProspecto(pk=56)", "telefone": "5511999990000", "lead_nome": "Lead Teste Automacoes"}	Gatilho: lead_criado	2026-04-06 22:18:24.501528-03	\N	\N	3	38	56	84
5	sucesso	{"lead": "LeadProspecto(pk=53)", "telefone": "5511999990000", "lead_nome": "Lead Teste Automacoes"}	Notificação criada	2026-04-06 21:32:21.427149-03	\N	\N	3	4	53	14
242	sucesso	{"lead": "LeadProspecto(pk=56)", "telefone": "5511999990000", "lead_nome": "Lead Teste Automacoes"}	Notificação criada	2026-04-06 22:18:24.535701-03	\N	\N	3	38	56	85
243	sucesso	{"lead": "LeadProspecto(pk=56)", "telefone": "5511999990000", "lead_nome": "Lead Teste Automacoes"}	Gatilho: lead_criado	2026-04-06 22:18:24.542825-03	\N	\N	3	4	56	13
8	sucesso	{"lead": "LeadProspecto(pk=53)", "telefone": "5511999990000", "lead_nome": "Lead Teste Automacoes"}	Condição: campo_check → false	2026-04-06 21:32:21.455497-03	\N	\N	3	6	53	7
244	sucesso	{"lead": "LeadProspecto(pk=56)", "telefone": "5511999990000", "lead_nome": "Lead Teste Automacoes"}	Notificação criada	2026-04-06 22:18:24.548953-03	\N	\N	3	4	56	14
245	sucesso	{"lead": "LeadProspecto(pk=56)", "telefone": "5511999990000", "lead_nome": "Lead Teste Automacoes"}	Gatilho: lead_qualificado	2026-04-06 22:18:24.566916-03	\N	\N	3	39	56	86
246	sucesso	{"lead": "LeadProspecto(pk=56)", "telefone": "5511999990000", "lead_nome": "Lead Teste Automacoes"}	Notificação criada	2026-04-06 22:18:24.574759-03	\N	\N	3	39	56	87
247	sucesso	{"lead": "LeadProspecto(pk=56)", "telefone": "5511999990000", "lead_nome": "Lead Teste Automacoes"}	Gatilho: oportunidade_movida	2026-04-06 22:18:24.594422-03	\N	\N	3	40	56	88
13	sucesso	{"lead": "LeadProspecto(pk=53)", "email": "teste@automacao.com", "telefone": "5511999990000", "lead_nome": "Lead Teste Automacoes"}	Notificação criada	2026-04-06 21:32:21.504134-03	\N	\N	3	4	53	14
248	sucesso	{"lead": "LeadProspecto(pk=56)", "telefone": "5511999990000", "lead_nome": "Lead Teste Automacoes"}	Notificação criada	2026-04-06 22:18:24.600597-03	\N	\N	3	40	56	89
249	sucesso	{"lead": "LeadProspecto(pk=56)", "telefone": "5511999990000", "lead_nome": "Lead Teste Automacoes"}	Gatilho: oportunidade_movida	2026-04-06 22:18:24.605329-03	\N	\N	3	6	56	6
250	sucesso	{"lead": "LeadProspecto(pk=56)", "telefone": "5511999990000", "lead_nome": "Lead Teste Automacoes"}	Condição: campo_check → false	2026-04-06 22:18:24.60955-03	\N	\N	3	6	56	7
17	sucesso	{"lead": "LeadProspecto(pk=53)", "email": "teste@automacao.com", "telefone": "5511999990000", "lead_nome": "Lead Teste Automacoes"}	Notificação criada	2026-04-06 21:32:21.544172-03	\N	\N	3	4	53	14
251	sucesso	{"lead": "LeadProspecto(pk=56)", "telefone": "5511999990000", "lead_nome": "Lead Teste Automacoes"}	Gatilho: venda_aprovada	2026-04-06 22:18:24.628181-03	\N	\N	3	41	56	90
252	sucesso	{"lead": "LeadProspecto(pk=56)", "telefone": "5511999990000", "lead_nome": "Lead Teste Automacoes"}	Notificação criada	2026-04-06 22:18:24.634164-03	\N	\N	3	41	56	91
253	sucesso	{"lead": "LeadProspecto(pk=56)", "telefone": "5511999990000", "lead_nome": "Lead Teste Automacoes"}	Gatilho: docs_validados	2026-04-06 22:18:24.650496-03	\N	\N	3	42	56	92
254	sucesso	{"lead": "LeadProspecto(pk=56)", "telefone": "5511999990000", "lead_nome": "Lead Teste Automacoes"}	Notificação criada	2026-04-06 22:18:24.657099-03	\N	\N	3	42	56	93
22	sucesso	{"lead": "LeadProspecto(pk=53)", "lead_nome": "Lead Teste Automacoes"}	Notificação criada	2026-04-06 21:32:21.580754-03	\N	\N	3	4	53	14
255	sucesso	{"lead": "LeadProspecto(pk=56)", "email": "teste@automacao.com", "telefone": "5511999990000", "lead_nome": "Lead Teste Automacoes"}	Gatilho: lead_criado	2026-04-06 22:18:24.673513-03	\N	\N	3	43	56	94
256	sucesso	{"lead": "LeadProspecto(pk=56)", "email": "teste@automacao.com", "telefone": "5511999990000", "lead_nome": "Lead Teste Automacoes"}	Notificação criada	2026-04-06 22:18:24.679649-03	\N	\N	3	43	56	95
29	sucesso	{"lead": "LeadProspecto(pk=53)", "lead_nome": "Lead Teste Automacoes"}	Notificação criada	2026-04-06 21:32:21.6516-03	\N	\N	3	4	53	14
153	sucesso	{"lead": "LeadProspecto(pk=55)", "nome": "Lead Teste Automacoes", "telefone": "5511999990000", "lead_nome": "Lead Teste Automacoes", "lead_email": "teste@automacao.com", "lead_score": 8, "lead_valor": "0", "lead_origem": "site", "lead_telefone": "5511999990000"}	Gatilho: lead_criado	2026-04-06 22:00:11.891235-03	\N	\N	3	4	\N	13
154	sucesso	{"lead": "LeadProspecto(pk=55)", "nome": "Lead Teste Automacoes", "telefone": "5511999990000", "lead_nome": "Lead Teste Automacoes", "lead_email": "teste@automacao.com", "lead_score": 8, "lead_valor": "0", "lead_origem": "site", "lead_telefone": "5511999990000"}	Notificação criada	2026-04-06 22:00:11.947961-03	\N	\N	3	4	\N	14
35	sucesso	{"lead": "LeadProspecto(pk=53)", "lead_nome": "Lead Teste Automacoes"}	Notificação criada	2026-04-06 21:32:21.685826-03	\N	\N	3	4	53	14
157	sucesso	{"lead": "LeadProspecto(pk=55)", "telefone": "5511999990000", "lead_nome": "Lead Teste Automacoes"}	Gatilho: lead_criado	2026-04-06 22:00:12.030524-03	\N	\N	3	4	\N	13
158	sucesso	{"lead": "LeadProspecto(pk=55)", "telefone": "5511999990000", "lead_nome": "Lead Teste Automacoes"}	Notificação criada	2026-04-06 22:00:12.037092-03	\N	\N	3	4	\N	14
163	sucesso	{"lead": "LeadProspecto(pk=55)", "telefone": "5511999990000", "lead_nome": "Lead Teste Automacoes"}	Gatilho: oportunidade_movida	2026-04-06 22:00:12.099411-03	\N	\N	3	6	\N	6
164	sucesso	{"lead": "LeadProspecto(pk=55)", "telefone": "5511999990000", "lead_nome": "Lead Teste Automacoes"}	Condição: campo_check → false	2026-04-06 22:00:12.101477-03	\N	\N	3	6	\N	7
173	sucesso	{"lead": "LeadProspecto(pk=55)", "email": "teste@automacao.com", "telefone": "5511999990000", "lead_nome": "Lead Teste Automacoes"}	Gatilho: lead_criado	2026-04-06 22:00:12.268032-03	\N	\N	3	4	\N	13
174	sucesso	{"lead": "LeadProspecto(pk=55)", "email": "teste@automacao.com", "telefone": "5511999990000", "lead_nome": "Lead Teste Automacoes"}	Notificação criada	2026-04-06 22:00:12.281899-03	\N	\N	3	4	\N	14
257	sucesso	{"lead": "LeadProspecto(pk=56)", "email": "teste@automacao.com", "telefone": "5511999990000", "lead_nome": "Lead Teste Automacoes"}	Gatilho: lead_criado	2026-04-06 22:18:24.683205-03	\N	\N	3	38	56	84
40	sucesso	{"lead": "LeadProspecto(pk=53)", "lead_nome": "Lead Teste Automacoes"}	Notificação criada	2026-04-06 21:32:21.720412-03	\N	\N	3	4	53	14
258	sucesso	{"lead": "LeadProspecto(pk=56)", "email": "teste@automacao.com", "telefone": "5511999990000", "lead_nome": "Lead Teste Automacoes"}	Notificação criada	2026-04-06 22:18:24.69379-03	\N	\N	3	38	56	85
259	sucesso	{"lead": "LeadProspecto(pk=56)", "email": "teste@automacao.com", "telefone": "5511999990000", "lead_nome": "Lead Teste Automacoes"}	Gatilho: lead_criado	2026-04-06 22:18:24.697306-03	\N	\N	3	4	56	13
260	sucesso	{"lead": "LeadProspecto(pk=56)", "email": "teste@automacao.com", "telefone": "5511999990000", "lead_nome": "Lead Teste Automacoes"}	Notificação criada	2026-04-06 22:18:24.705663-03	\N	\N	3	4	56	14
261	sucesso	{"lead": "LeadProspecto(pk=56)", "email": "teste@automacao.com", "telefone": "5511999990000", "lead_nome": "Lead Teste Automacoes"}	Gatilho: lead_criado	2026-04-06 22:18:24.719364-03	\N	\N	3	44	56	96
262	sucesso	{"lead": "LeadProspecto(pk=56)", "email": "teste@automacao.com", "telefone": "5511999990000", "lead_nome": "Lead Teste Automacoes"}	Tarefa criada (pk=56)	2026-04-06 22:18:24.731566-03	\N	\N	3	44	56	97
263	sucesso	{"lead": "LeadProspecto(pk=56)", "email": "teste@automacao.com", "telefone": "5511999990000", "lead_nome": "Lead Teste Automacoes"}	Gatilho: lead_criado	2026-04-06 22:18:24.736127-03	\N	\N	3	43	56	94
47	sucesso	{"lead": "LeadProspecto(pk=53)", "lead_nome": "Lead Teste Automacoes", "lead_score": 8}	Notificação criada	2026-04-06 21:32:21.797044-03	\N	\N	3	4	53	14
264	sucesso	{"lead": "LeadProspecto(pk=56)", "email": "teste@automacao.com", "telefone": "5511999990000", "lead_nome": "Lead Teste Automacoes"}	Notificação criada	2026-04-06 22:18:24.741667-03	\N	\N	3	43	56	95
265	sucesso	{"lead": "LeadProspecto(pk=56)", "email": "teste@automacao.com", "telefone": "5511999990000", "lead_nome": "Lead Teste Automacoes"}	Gatilho: lead_criado	2026-04-06 22:18:24.746018-03	\N	\N	3	38	56	84
266	sucesso	{"lead": "LeadProspecto(pk=56)", "email": "teste@automacao.com", "telefone": "5511999990000", "lead_nome": "Lead Teste Automacoes"}	Notificação criada	2026-04-06 22:18:24.752549-03	\N	\N	3	38	56	85
267	sucesso	{"lead": "LeadProspecto(pk=56)", "email": "teste@automacao.com", "telefone": "5511999990000", "lead_nome": "Lead Teste Automacoes"}	Gatilho: lead_criado	2026-04-06 22:18:24.757604-03	\N	\N	3	4	56	13
268	sucesso	{"lead": "LeadProspecto(pk=56)", "email": "teste@automacao.com", "telefone": "5511999990000", "lead_nome": "Lead Teste Automacoes"}	Notificação criada	2026-04-06 22:18:24.761159-03	\N	\N	3	4	56	14
269	sucesso	{"lead": "LeadProspecto(pk=56)", "lead_nome": "Lead Teste Automacoes"}	Gatilho: lead_criado	2026-04-06 22:18:24.780851-03	\N	\N	3	45	56	98
270	agendado	{"lead": "LeadProspecto(pk=56)", "lead_nome": "Lead Teste Automacoes"}	Delay: 1 minutos	2026-04-06 22:18:24.78799-03	2026-04-06 22:19:24.783403-03	\N	3	45	56	99
271	sucesso	{"lead": "LeadProspecto(pk=56)", "lead_nome": "Lead Teste Automacoes"}	Gatilho: lead_criado	2026-04-06 22:18:24.790555-03	\N	\N	3	44	56	96
272	sucesso	{"lead": "LeadProspecto(pk=56)", "lead_nome": "Lead Teste Automacoes"}	Tarefa criada (pk=57)	2026-04-06 22:18:24.796181-03	\N	\N	3	44	56	97
273	sucesso	{"lead": "LeadProspecto(pk=56)", "lead_nome": "Lead Teste Automacoes"}	Gatilho: lead_criado	2026-04-06 22:18:24.800704-03	\N	\N	3	43	56	94
274	sucesso	{"lead": "LeadProspecto(pk=56)", "lead_nome": "Lead Teste Automacoes"}	Notificação criada	2026-04-06 22:18:24.805895-03	\N	\N	3	43	56	95
275	sucesso	{"lead": "LeadProspecto(pk=56)", "lead_nome": "Lead Teste Automacoes"}	Gatilho: lead_criado	2026-04-06 22:18:24.810404-03	\N	\N	3	38	56	84
276	sucesso	{"lead": "LeadProspecto(pk=56)", "lead_nome": "Lead Teste Automacoes"}	Notificação criada	2026-04-06 22:18:24.815012-03	\N	\N	3	38	56	85
277	sucesso	{"lead": "LeadProspecto(pk=56)", "lead_nome": "Lead Teste Automacoes"}	Gatilho: lead_criado	2026-04-06 22:18:24.819051-03	\N	\N	3	4	56	13
278	sucesso	{"lead": "LeadProspecto(pk=56)", "lead_nome": "Lead Teste Automacoes"}	Notificação criada	2026-04-06 22:18:24.825592-03	\N	\N	3	4	56	14
279	sucesso	{"lead": "LeadProspecto(pk=56)", "lead_nome": "Lead Teste Automacoes"}	Notificação criada	2026-04-06 22:18:24.850571-03	\N	\N	3	45	56	100
280	sucesso	{"lead": "LeadProspecto(pk=56)", "lead_nome": "Lead Teste Automacoes"}	Gatilho: lead_criado	2026-04-06 22:18:24.879163-03	\N	\N	3	46	56	101
281	sucesso	{"lead": "LeadProspecto(pk=56)", "lead_nome": "Lead Teste Automacoes"}	Notificação criada	2026-04-06 22:18:24.885705-03	\N	\N	3	46	56	102
282	sucesso	{"lead": "LeadProspecto(pk=56)", "lead_nome": "Lead Teste Automacoes"}	Gatilho: lead_criado	2026-04-06 22:18:24.89026-03	\N	\N	3	45	56	98
283	agendado	{"lead": "LeadProspecto(pk=56)", "lead_nome": "Lead Teste Automacoes"}	Delay: 1 minutos	2026-04-06 22:18:24.894794-03	2026-04-06 22:19:24.891909-03	\N	3	45	56	99
55	sucesso	{"lead": "LeadProspecto(pk=54)", "nome": "Lead Teste Automacoes", "telefone": "5511999990000", "lead_nome": "Lead Teste Automacoes", "lead_email": "teste@automacao.com", "lead_score": 8, "lead_valor": "0", "lead_origem": "site", "lead_telefone": "5511999990000"}	Notificação criada	2026-04-06 21:32:49.447725-03	\N	\N	3	4	\N	14
64	sucesso	{"lead": "LeadProspecto(pk=54)", "telefone": "5511999990000", "lead_nome": "Lead Teste Automacoes"}	Notificação criada	2026-04-06 21:32:49.525277-03	\N	\N	3	4	\N	14
181	sucesso	{"lead": "LeadProspecto(pk=55)", "email": "teste@automacao.com", "telefone": "5511999990000", "lead_nome": "Lead Teste Automacoes"}	Gatilho: lead_criado	2026-04-06 22:00:12.389957-03	\N	\N	3	4	\N	13
182	sucesso	{"lead": "LeadProspecto(pk=55)", "email": "teste@automacao.com", "telefone": "5511999990000", "lead_nome": "Lead Teste Automacoes"}	Notificação criada	2026-04-06 22:00:12.400782-03	\N	\N	3	4	\N	14
191	sucesso	{"lead": "LeadProspecto(pk=55)", "lead_nome": "Lead Teste Automacoes"}	Gatilho: lead_criado	2026-04-06 22:00:12.515211-03	\N	\N	3	4	\N	13
192	sucesso	{"lead": "LeadProspecto(pk=55)", "lead_nome": "Lead Teste Automacoes"}	Notificação criada	2026-04-06 22:00:12.53247-03	\N	\N	3	4	\N	14
204	sucesso	{"lead": "LeadProspecto(pk=55)", "lead_nome": "Lead Teste Automacoes"}	Gatilho: lead_criado	2026-04-06 22:00:12.678552-03	\N	\N	3	4	\N	13
205	sucesso	{"lead": "LeadProspecto(pk=55)", "lead_nome": "Lead Teste Automacoes"}	Notificação criada	2026-04-06 22:00:12.687338-03	\N	\N	3	4	\N	14
284	sucesso	{"lead": "LeadProspecto(pk=56)", "lead_nome": "Lead Teste Automacoes"}	Gatilho: lead_criado	2026-04-06 22:18:24.897344-03	\N	\N	3	44	56	96
285	sucesso	{"lead": "LeadProspecto(pk=56)", "lead_nome": "Lead Teste Automacoes"}	Tarefa criada (pk=58)	2026-04-06 22:18:24.903027-03	\N	\N	3	44	56	97
286	sucesso	{"lead": "LeadProspecto(pk=56)", "lead_nome": "Lead Teste Automacoes"}	Gatilho: lead_criado	2026-04-06 22:18:24.907546-03	\N	\N	3	43	56	94
287	sucesso	{"lead": "LeadProspecto(pk=56)", "lead_nome": "Lead Teste Automacoes"}	Notificação criada	2026-04-06 22:18:24.912574-03	\N	\N	3	43	56	95
288	sucesso	{"lead": "LeadProspecto(pk=56)", "lead_nome": "Lead Teste Automacoes"}	Gatilho: lead_criado	2026-04-06 22:18:24.918298-03	\N	\N	3	38	56	84
289	sucesso	{"lead": "LeadProspecto(pk=56)", "lead_nome": "Lead Teste Automacoes"}	Notificação criada	2026-04-06 22:18:24.92332-03	\N	\N	3	38	56	85
290	sucesso	{"lead": "LeadProspecto(pk=56)", "lead_nome": "Lead Teste Automacoes"}	Gatilho: lead_criado	2026-04-06 22:18:24.927876-03	\N	\N	3	4	56	13
291	sucesso	{"lead": "LeadProspecto(pk=56)", "lead_nome": "Lead Teste Automacoes"}	Notificação criada	2026-04-06 22:18:24.933421-03	\N	\N	3	4	56	14
292	sucesso	{"lead": "LeadProspecto(pk=56)", "lead_nome": "Lead Teste Automacoes"}	Gatilho: lead_criado	2026-04-06 22:18:24.946493-03	\N	\N	3	46	56	101
293	sucesso	{"lead": "LeadProspecto(pk=56)", "lead_nome": "Lead Teste Automacoes"}	Notificação criada	2026-04-06 22:18:24.952538-03	\N	\N	3	46	56	102
294	sucesso	{"lead": "LeadProspecto(pk=56)", "lead_nome": "Lead Teste Automacoes"}	Gatilho: lead_criado	2026-04-06 22:18:24.956565-03	\N	\N	3	45	56	98
295	agendado	{"lead": "LeadProspecto(pk=56)", "lead_nome": "Lead Teste Automacoes"}	Delay: 1 minutos	2026-04-06 22:18:24.960624-03	2026-04-06 22:19:24.959118-03	\N	3	45	56	99
296	sucesso	{"lead": "LeadProspecto(pk=56)", "lead_nome": "Lead Teste Automacoes"}	Gatilho: lead_criado	2026-04-06 22:18:24.967923-03	\N	\N	3	44	56	96
297	sucesso	{"lead": "LeadProspecto(pk=56)", "lead_nome": "Lead Teste Automacoes"}	Tarefa criada (pk=59)	2026-04-06 22:18:24.974537-03	\N	\N	3	44	56	97
298	sucesso	{"lead": "LeadProspecto(pk=56)", "lead_nome": "Lead Teste Automacoes"}	Gatilho: lead_criado	2026-04-06 22:18:24.978221-03	\N	\N	3	43	56	94
299	sucesso	{"lead": "LeadProspecto(pk=56)", "lead_nome": "Lead Teste Automacoes"}	Notificação criada	2026-04-06 22:18:24.983261-03	\N	\N	3	43	56	95
300	sucesso	{"lead": "LeadProspecto(pk=56)", "lead_nome": "Lead Teste Automacoes"}	Gatilho: lead_criado	2026-04-06 22:18:24.986443-03	\N	\N	3	38	56	84
301	sucesso	{"lead": "LeadProspecto(pk=56)", "lead_nome": "Lead Teste Automacoes"}	Notificação criada	2026-04-06 22:18:24.992614-03	\N	\N	3	38	56	85
302	sucesso	{"lead": "LeadProspecto(pk=56)", "lead_nome": "Lead Teste Automacoes"}	Gatilho: lead_criado	2026-04-06 22:18:24.997595-03	\N	\N	3	4	56	13
303	sucesso	{"lead": "LeadProspecto(pk=56)", "lead_nome": "Lead Teste Automacoes"}	Notificação criada	2026-04-06 22:18:25.00163-03	\N	\N	3	4	56	14
304	sucesso	{"lead": "LeadProspecto(pk=56)", "lead_nome": "Lead Teste Automacoes"}	Gatilho: lead_criado	2026-04-06 22:18:25.017378-03	\N	\N	3	45	56	98
305	agendado	{"lead": "LeadProspecto(pk=56)", "lead_nome": "Lead Teste Automacoes"}	Delay: 1 minutos	2026-04-06 22:18:25.022059-03	2026-04-06 22:19:25.018379-03	\N	3	45	56	99
306	sucesso	{"lead": "LeadProspecto(pk=56)", "lead_nome": "Lead Teste Automacoes"}	Gatilho: lead_criado	2026-04-06 22:18:25.025146-03	\N	\N	3	44	56	96
307	sucesso	{"lead": "LeadProspecto(pk=56)", "lead_nome": "Lead Teste Automacoes"}	Tarefa criada (pk=60)	2026-04-06 22:18:25.030314-03	\N	\N	3	44	56	97
308	sucesso	{"lead": "LeadProspecto(pk=56)", "lead_nome": "Lead Teste Automacoes"}	Gatilho: lead_criado	2026-04-06 22:18:25.034682-03	\N	\N	3	43	56	94
309	sucesso	{"lead": "LeadProspecto(pk=56)", "lead_nome": "Lead Teste Automacoes"}	Notificação criada	2026-04-06 22:18:25.03965-03	\N	\N	3	43	56	95
310	sucesso	{"lead": "LeadProspecto(pk=56)", "lead_nome": "Lead Teste Automacoes"}	Gatilho: lead_criado	2026-04-06 22:18:25.043196-03	\N	\N	3	38	56	84
311	sucesso	{"lead": "LeadProspecto(pk=56)", "lead_nome": "Lead Teste Automacoes"}	Notificação criada	2026-04-06 22:18:25.048748-03	\N	\N	3	38	56	85
312	sucesso	{"lead": "LeadProspecto(pk=56)", "lead_nome": "Lead Teste Automacoes"}	Gatilho: lead_criado	2026-04-06 22:18:25.052836-03	\N	\N	3	4	56	13
313	sucesso	{"lead": "LeadProspecto(pk=56)", "lead_nome": "Lead Teste Automacoes"}	Notificação criada	2026-04-06 22:18:25.061639-03	\N	\N	3	4	56	14
216	sucesso	{"lead": "LeadProspecto(pk=55)", "lead_nome": "Lead Teste Automacoes"}	Gatilho: lead_criado	2026-04-06 22:00:12.797997-03	\N	\N	3	4	\N	13
217	sucesso	{"lead": "LeadProspecto(pk=55)", "lead_nome": "Lead Teste Automacoes"}	Notificação criada	2026-04-06 22:00:12.80824-03	\N	\N	3	4	\N	14
226	sucesso	{"lead": "LeadProspecto(pk=55)", "lead_nome": "Lead Teste Automacoes"}	Gatilho: lead_criado	2026-04-06 22:00:12.904184-03	\N	\N	3	4	\N	13
227	sucesso	{"lead": "LeadProspecto(pk=55)", "lead_nome": "Lead Teste Automacoes"}	Notificação criada	2026-04-06 22:00:12.910803-03	\N	\N	3	4	\N	14
239	sucesso	{"lead": "LeadProspecto(pk=55)", "lead_nome": "Lead Teste Automacoes", "lead_score": 8}	Gatilho: lead_criado	2026-04-06 22:00:13.023868-03	\N	\N	3	4	\N	13
69	sucesso	{"lead": "LeadProspecto(pk=54)", "telefone": "5511999990000", "lead_nome": "Lead Teste Automacoes"}	Condição: campo_check → false	2026-04-06 21:32:49.567013-03	\N	\N	3	6	\N	7
82	sucesso	{"lead": "LeadProspecto(pk=54)", "email": "teste@automacao.com", "telefone": "5511999990000", "lead_nome": "Lead Teste Automacoes"}	Notificação criada	2026-04-06 21:32:49.662414-03	\N	\N	3	4	\N	14
92	sucesso	{"lead": "LeadProspecto(pk=54)", "email": "teste@automacao.com", "telefone": "5511999990000", "lead_nome": "Lead Teste Automacoes"}	Notificação criada	2026-04-06 21:32:49.712642-03	\N	\N	3	4	\N	14
103	sucesso	{"lead": "LeadProspecto(pk=54)", "lead_nome": "Lead Teste Automacoes"}	Notificação criada	2026-04-06 21:32:49.761245-03	\N	\N	3	4	\N	14
240	sucesso	{"lead": "LeadProspecto(pk=55)", "lead_nome": "Lead Teste Automacoes", "lead_score": 8}	Notificação criada	2026-04-06 22:00:13.036012-03	\N	\N	3	4	\N	14
314	sucesso	{"lead": "LeadProspecto(pk=56)", "lead_nome": "Lead Teste Automacoes", "lead_score": 8}	Gatilho: lead_criado	2026-04-06 22:18:25.080707-03	\N	\N	3	47	56	103
315	sucesso	{"lead": "LeadProspecto(pk=56)", "lead_nome": "Lead Teste Automacoes", "lead_score": 8}	Condição: campo_check → true	2026-04-06 22:18:25.082557-03	\N	\N	3	47	56	104
316	sucesso	{"lead": "LeadProspecto(pk=56)", "lead_nome": "Lead Teste Automacoes", "lead_score": 8}	Notificação criada	2026-04-06 22:18:25.086699-03	\N	\N	3	47	56	105
317	sucesso	{"lead": "LeadProspecto(pk=56)", "lead_nome": "Lead Teste Automacoes", "lead_score": 8}	Gatilho: lead_criado	2026-04-06 22:18:25.092414-03	\N	\N	3	45	56	98
318	agendado	{"lead": "LeadProspecto(pk=56)", "lead_nome": "Lead Teste Automacoes", "lead_score": 8}	Delay: 1 minutos	2026-04-06 22:18:25.095451-03	2026-04-06 22:19:25.094939-03	\N	3	45	56	99
319	sucesso	{"lead": "LeadProspecto(pk=56)", "lead_nome": "Lead Teste Automacoes", "lead_score": 8}	Gatilho: lead_criado	2026-04-06 22:18:25.098977-03	\N	\N	3	44	56	96
320	sucesso	{"lead": "LeadProspecto(pk=56)", "lead_nome": "Lead Teste Automacoes", "lead_score": 8}	Tarefa criada (pk=61)	2026-04-06 22:18:25.104195-03	\N	\N	3	44	56	97
321	sucesso	{"lead": "LeadProspecto(pk=56)", "lead_nome": "Lead Teste Automacoes", "lead_score": 8}	Gatilho: lead_criado	2026-04-06 22:18:25.107202-03	\N	\N	3	43	56	94
322	sucesso	{"lead": "LeadProspecto(pk=56)", "lead_nome": "Lead Teste Automacoes", "lead_score": 8}	Notificação criada	2026-04-06 22:18:25.113416-03	\N	\N	3	43	56	95
323	sucesso	{"lead": "LeadProspecto(pk=56)", "lead_nome": "Lead Teste Automacoes", "lead_score": 8}	Gatilho: lead_criado	2026-04-06 22:18:25.11696-03	\N	\N	3	38	56	84
324	sucesso	{"lead": "LeadProspecto(pk=56)", "lead_nome": "Lead Teste Automacoes", "lead_score": 8}	Notificação criada	2026-04-06 22:18:25.123004-03	\N	\N	3	38	56	85
325	sucesso	{"lead": "LeadProspecto(pk=56)", "lead_nome": "Lead Teste Automacoes", "lead_score": 8}	Gatilho: lead_criado	2026-04-06 22:18:25.128423-03	\N	\N	3	4	56	13
326	sucesso	{"lead": "LeadProspecto(pk=56)", "lead_nome": "Lead Teste Automacoes", "lead_score": 8}	Notificação criada	2026-04-06 22:18:25.13451-03	\N	\N	3	4	56	14
366	sucesso	{"lead": "LeadProspecto(pk=57)", "lead_nome": "Lead E2E Automacoes"}	Gatilho: lead_criado	2026-04-06 22:31:23.526053-03	\N	\N	3	51	57	115
367	sucesso	{"lead": "LeadProspecto(pk=57)", "lead_nome": "Lead E2E Automacoes"}	Tarefa criada (pk=64)	2026-04-06 22:31:23.539468-03	\N	\N	3	51	57	116
368	sucesso	{"lead": "LeadProspecto(pk=57)", "lead_nome": "Lead E2E Automacoes"}	Gatilho: lead_criado	2026-04-06 22:31:23.545682-03	\N	\N	3	50	57	113
369	sucesso	{"lead": "LeadProspecto(pk=57)", "lead_nome": "Lead E2E Automacoes"}	Notificação criada	2026-04-06 22:31:23.552946-03	\N	\N	3	50	57	114
370	sucesso	{"lead": "LeadProspecto(pk=57)", "lead_nome": "Lead E2E Automacoes"}	Gatilho: lead_criado	2026-04-06 22:31:23.558492-03	\N	\N	3	49	57	109
371	sucesso	{"lead": "LeadProspecto(pk=57)", "lead_nome": "Lead E2E Automacoes"}	Condição: campo_check → true	2026-04-06 22:31:23.562978-03	\N	\N	3	49	57	110
372	sucesso	{"lead": "LeadProspecto(pk=57)", "lead_nome": "Lead E2E Automacoes"}	Notificação criada	2026-04-06 22:31:23.57163-03	\N	\N	3	49	57	111
373	sucesso	{"lead": "LeadProspecto(pk=57)", "lead_nome": "Lead E2E Automacoes"}	Gatilho: lead_criado	2026-04-06 22:31:23.578247-03	\N	\N	3	48	57	107
374	sucesso	{"lead": "LeadProspecto(pk=57)", "lead_nome": "Lead E2E Automacoes"}	Notificação criada	2026-04-06 22:31:23.586602-03	\N	\N	3	48	57	108
375	sucesso	{"lead": "LeadProspecto(pk=57)", "lead_nome": "Lead E2E Automacoes"}	Gatilho: lead_criado	2026-04-06 22:31:23.609685-03	\N	\N	3	53	57	120
376	sucesso	{"lead": "LeadProspecto(pk=57)", "lead_nome": "Lead E2E Automacoes"}	Notificação criada	2026-04-06 22:31:23.617869-03	\N	\N	3	53	57	121
377	sucesso	{"lead": "LeadProspecto(pk=57)", "lead_nome": "Lead E2E Automacoes"}	Gatilho: lead_criado	2026-04-06 22:31:23.623413-03	\N	\N	3	52	57	117
378	agendado	{"lead": "LeadProspecto(pk=57)", "lead_nome": "Lead E2E Automacoes"}	Delay: 5 minutos	2026-04-06 22:31:23.62919-03	2026-04-06 22:36:23.627635-03	\N	3	52	57	118
379	sucesso	{"lead": "LeadProspecto(pk=57)", "lead_nome": "Lead E2E Automacoes"}	Gatilho: lead_criado	2026-04-06 22:31:23.6335-03	\N	\N	3	51	57	115
380	sucesso	{"lead": "LeadProspecto(pk=57)", "lead_nome": "Lead E2E Automacoes"}	Tarefa criada (pk=65)	2026-04-06 22:31:23.641572-03	\N	\N	3	51	57	116
381	sucesso	{"lead": "LeadProspecto(pk=57)", "lead_nome": "Lead E2E Automacoes"}	Gatilho: lead_criado	2026-04-06 22:31:23.650257-03	\N	\N	3	50	57	113
382	sucesso	{"lead": "LeadProspecto(pk=57)", "lead_nome": "Lead E2E Automacoes"}	Notificação criada	2026-04-06 22:31:23.660039-03	\N	\N	3	50	57	114
383	sucesso	{"lead": "LeadProspecto(pk=57)", "lead_nome": "Lead E2E Automacoes"}	Gatilho: lead_criado	2026-04-06 22:31:23.667254-03	\N	\N	3	49	57	109
384	sucesso	{"lead": "LeadProspecto(pk=57)", "lead_nome": "Lead E2E Automacoes"}	Condição: campo_check → true	2026-04-06 22:31:23.671879-03	\N	\N	3	49	57	110
385	sucesso	{"lead": "LeadProspecto(pk=57)", "lead_nome": "Lead E2E Automacoes"}	Notificação criada	2026-04-06 22:31:23.680496-03	\N	\N	3	49	57	111
386	sucesso	{"lead": "LeadProspecto(pk=57)", "lead_nome": "Lead E2E Automacoes"}	Gatilho: lead_criado	2026-04-06 22:31:23.687165-03	\N	\N	3	48	57	107
387	sucesso	{"lead": "LeadProspecto(pk=57)", "lead_nome": "Lead E2E Automacoes"}	Notificação criada	2026-04-06 22:31:23.695853-03	\N	\N	3	48	57	108
388	sucesso	{"lead": "LeadProspecto(pk=57)", "lead_nome": "Lead E2E Automacoes"}	Gatilho: lead_criado	2026-04-06 22:31:23.719653-03	\N	\N	3	52	57	117
389	agendado	{"lead": "LeadProspecto(pk=57)", "lead_nome": "Lead E2E Automacoes"}	Delay: 5 minutos	2026-04-06 22:31:23.725467-03	2026-04-06 22:36:23.723409-03	\N	3	52	57	118
390	sucesso	{"lead": "LeadProspecto(pk=57)", "lead_nome": "Lead E2E Automacoes"}	Gatilho: lead_criado	2026-04-06 22:31:23.733338-03	\N	\N	3	51	57	115
391	sucesso	{"lead": "LeadProspecto(pk=57)", "lead_nome": "Lead E2E Automacoes"}	Tarefa criada (pk=66)	2026-04-06 22:31:23.74252-03	\N	\N	3	51	57	116
392	sucesso	{"lead": "LeadProspecto(pk=57)", "lead_nome": "Lead E2E Automacoes"}	Gatilho: lead_criado	2026-04-06 22:31:23.749053-03	\N	\N	3	50	57	113
116	sucesso	{"lead": "LeadProspecto(pk=54)", "lead_nome": "Lead Teste Automacoes"}	Notificação criada	2026-04-06 21:32:49.833498-03	\N	\N	3	4	\N	14
128	sucesso	{"lead": "LeadProspecto(pk=54)", "lead_nome": "Lead Teste Automacoes"}	Notificação criada	2026-04-06 21:32:49.890308-03	\N	\N	3	4	\N	14
139	sucesso	{"lead": "LeadProspecto(pk=54)", "lead_nome": "Lead Teste Automacoes"}	Notificação criada	2026-04-06 21:32:49.949103-03	\N	\N	3	4	\N	14
327	sucesso	{"lead": "LeadProspecto(pk=58)", "nome": "Lead Signal E2E", "telefone": "5511777770000", "lead_nome": "Lead Signal E2E", "lead_email": "signal@e2e.com", "lead_score": null, "lead_valor": "0", "lead_origem": "whatsapp", "lead_telefone": "5511777770000"}	Gatilho: lead_criado	2026-04-06 22:31:22.88604-03	\N	\N	3	48	\N	107
328	sucesso	{"lead": "LeadProspecto(pk=58)", "nome": "Lead Signal E2E", "telefone": "5511777770000", "lead_nome": "Lead Signal E2E", "lead_email": "signal@e2e.com", "lead_score": null, "lead_valor": "0", "lead_origem": "whatsapp", "lead_telefone": "5511777770000"}	Notificação criada	2026-04-06 22:31:22.940839-03	\N	\N	3	48	\N	108
329	sucesso	{"lead": "LeadProspecto(pk=57)", "lead_nome": "Lead E2E Automacoes"}	Gatilho: lead_criado	2026-04-06 22:31:23.145128-03	\N	\N	3	49	57	109
330	sucesso	{"lead": "LeadProspecto(pk=57)", "lead_nome": "Lead E2E Automacoes"}	Condição: campo_check → true	2026-04-06 22:31:23.148719-03	\N	\N	3	49	57	110
331	sucesso	{"lead": "LeadProspecto(pk=57)", "lead_nome": "Lead E2E Automacoes"}	Notificação criada	2026-04-06 22:31:23.156205-03	\N	\N	3	49	57	111
332	sucesso	{"lead": "LeadProspecto(pk=57)", "lead_nome": "Lead E2E Automacoes"}	Gatilho: lead_criado	2026-04-06 22:31:23.163587-03	\N	\N	3	48	57	107
152	sucesso	{"lead": "LeadProspecto(pk=54)", "lead_nome": "Lead Teste Automacoes", "lead_score": 8}	Notificação criada	2026-04-06 21:32:50.00895-03	\N	\N	3	4	\N	14
333	sucesso	{"lead": "LeadProspecto(pk=57)", "lead_nome": "Lead E2E Automacoes"}	Notificação criada	2026-04-06 22:31:23.17184-03	\N	\N	3	48	57	108
334	sucesso	{"lead": "LeadProspecto(pk=57)", "lead_nome": "Lead E2E Automacoes"}	Gatilho: lead_criado	2026-04-06 22:31:23.193943-03	\N	\N	3	50	57	113
335	sucesso	{"lead": "LeadProspecto(pk=57)", "lead_nome": "Lead E2E Automacoes"}	Notificação criada	2026-04-06 22:31:23.19902-03	\N	\N	3	50	57	114
336	sucesso	{"lead": "LeadProspecto(pk=57)", "lead_nome": "Lead E2E Automacoes"}	Gatilho: lead_criado	2026-04-06 22:31:23.205635-03	\N	\N	3	49	57	109
337	sucesso	{"lead": "LeadProspecto(pk=57)", "lead_nome": "Lead E2E Automacoes"}	Condição: campo_check → true	2026-04-06 22:31:23.208647-03	\N	\N	3	49	57	110
338	sucesso	{"lead": "LeadProspecto(pk=57)", "lead_nome": "Lead E2E Automacoes"}	Notificação criada	2026-04-06 22:31:23.216168-03	\N	\N	3	49	57	111
339	sucesso	{"lead": "LeadProspecto(pk=57)", "lead_nome": "Lead E2E Automacoes"}	Gatilho: lead_criado	2026-04-06 22:31:23.223481-03	\N	\N	3	48	57	107
340	sucesso	{"lead": "LeadProspecto(pk=57)", "lead_nome": "Lead E2E Automacoes"}	Notificação criada	2026-04-06 22:31:23.231718-03	\N	\N	3	48	57	108
341	sucesso	{"lead": "LeadProspecto(pk=57)", "lead_nome": "Lead E2E Automacoes"}	Gatilho: lead_criado	2026-04-06 22:31:23.255869-03	\N	\N	3	51	57	115
342	sucesso	{"lead": "LeadProspecto(pk=57)", "lead_nome": "Lead E2E Automacoes"}	Tarefa criada (pk=62)	2026-04-06 22:31:23.270891-03	\N	\N	3	51	57	116
343	sucesso	{"lead": "LeadProspecto(pk=57)", "lead_nome": "Lead E2E Automacoes"}	Gatilho: lead_criado	2026-04-06 22:31:23.281072-03	\N	\N	3	50	57	113
344	sucesso	{"lead": "LeadProspecto(pk=57)", "lead_nome": "Lead E2E Automacoes"}	Notificação criada	2026-04-06 22:31:23.287744-03	\N	\N	3	50	57	114
345	sucesso	{"lead": "LeadProspecto(pk=57)", "lead_nome": "Lead E2E Automacoes"}	Gatilho: lead_criado	2026-04-06 22:31:23.29483-03	\N	\N	3	49	57	109
346	sucesso	{"lead": "LeadProspecto(pk=57)", "lead_nome": "Lead E2E Automacoes"}	Condição: campo_check → true	2026-04-06 22:31:23.299157-03	\N	\N	3	49	57	110
347	sucesso	{"lead": "LeadProspecto(pk=57)", "lead_nome": "Lead E2E Automacoes"}	Notificação criada	2026-04-06 22:31:23.309664-03	\N	\N	3	49	57	111
348	sucesso	{"lead": "LeadProspecto(pk=57)", "lead_nome": "Lead E2E Automacoes"}	Gatilho: lead_criado	2026-04-06 22:31:23.316602-03	\N	\N	3	48	57	107
349	sucesso	{"lead": "LeadProspecto(pk=57)", "lead_nome": "Lead E2E Automacoes"}	Notificação criada	2026-04-06 22:31:23.32715-03	\N	\N	3	48	57	108
350	sucesso	{"lead": "LeadProspecto(pk=57)", "lead_nome": "Lead E2E Automacoes"}	Gatilho: lead_criado	2026-04-06 22:31:23.357746-03	\N	\N	3	52	57	117
351	agendado	{"lead": "LeadProspecto(pk=57)", "lead_nome": "Lead E2E Automacoes"}	Delay: 5 minutos	2026-04-06 22:31:23.365686-03	2026-04-06 22:36:23.361821-03	\N	3	52	57	118
352	sucesso	{"lead": "LeadProspecto(pk=57)", "lead_nome": "Lead E2E Automacoes"}	Gatilho: lead_criado	2026-04-06 22:31:23.370626-03	\N	\N	3	51	57	115
353	sucesso	{"lead": "LeadProspecto(pk=57)", "lead_nome": "Lead E2E Automacoes"}	Tarefa criada (pk=63)	2026-04-06 22:31:23.380938-03	\N	\N	3	51	57	116
354	sucesso	{"lead": "LeadProspecto(pk=57)", "lead_nome": "Lead E2E Automacoes"}	Gatilho: lead_criado	2026-04-06 22:31:23.386533-03	\N	\N	3	50	57	113
355	sucesso	{"lead": "LeadProspecto(pk=57)", "lead_nome": "Lead E2E Automacoes"}	Notificação criada	2026-04-06 22:31:23.398847-03	\N	\N	3	50	57	114
356	sucesso	{"lead": "LeadProspecto(pk=57)", "lead_nome": "Lead E2E Automacoes"}	Gatilho: lead_criado	2026-04-06 22:31:23.406244-03	\N	\N	3	49	57	109
357	sucesso	{"lead": "LeadProspecto(pk=57)", "lead_nome": "Lead E2E Automacoes"}	Condição: campo_check → true	2026-04-06 22:31:23.40966-03	\N	\N	3	49	57	110
358	sucesso	{"lead": "LeadProspecto(pk=57)", "lead_nome": "Lead E2E Automacoes"}	Notificação criada	2026-04-06 22:31:23.417094-03	\N	\N	3	49	57	111
359	sucesso	{"lead": "LeadProspecto(pk=57)", "lead_nome": "Lead E2E Automacoes"}	Gatilho: lead_criado	2026-04-06 22:31:23.424222-03	\N	\N	3	48	57	107
360	sucesso	{"lead": "LeadProspecto(pk=57)", "lead_nome": "Lead E2E Automacoes"}	Notificação criada	2026-04-06 22:31:23.433406-03	\N	\N	3	48	57	108
361	sucesso	{"lead": "LeadProspecto(pk=57)", "lead_nome": "Lead E2E Automacoes"}	Notificação criada	2026-04-06 22:31:23.461372-03	\N	\N	3	52	57	119
362	sucesso	{"lead": "LeadProspecto(pk=57)", "lead_nome": "Lead E2E Automacoes"}	Gatilho: lead_criado	2026-04-06 22:31:23.500498-03	\N	\N	3	53	57	120
363	sucesso	{"lead": "LeadProspecto(pk=57)", "lead_nome": "Lead E2E Automacoes"}	Notificação criada	2026-04-06 22:31:23.509124-03	\N	\N	3	53	57	121
364	sucesso	{"lead": "LeadProspecto(pk=57)", "lead_nome": "Lead E2E Automacoes"}	Gatilho: lead_criado	2026-04-06 22:31:23.514831-03	\N	\N	3	52	57	117
365	agendado	{"lead": "LeadProspecto(pk=57)", "lead_nome": "Lead E2E Automacoes"}	Delay: 5 minutos	2026-04-06 22:31:23.520918-03	2026-04-06 22:36:23.519395-03	\N	3	52	57	118
393	sucesso	{"lead": "LeadProspecto(pk=57)", "lead_nome": "Lead E2E Automacoes"}	Notificação criada	2026-04-06 22:31:23.759417-03	\N	\N	3	50	57	114
394	sucesso	{"lead": "LeadProspecto(pk=57)", "lead_nome": "Lead E2E Automacoes"}	Gatilho: lead_criado	2026-04-06 22:31:23.769484-03	\N	\N	3	49	57	109
395	sucesso	{"lead": "LeadProspecto(pk=57)", "lead_nome": "Lead E2E Automacoes"}	Condição: campo_check → true	2026-04-06 22:31:23.773851-03	\N	\N	3	49	57	110
396	sucesso	{"lead": "LeadProspecto(pk=57)", "lead_nome": "Lead E2E Automacoes"}	Notificação criada	2026-04-06 22:31:23.783436-03	\N	\N	3	49	57	111
397	sucesso	{"lead": "LeadProspecto(pk=57)", "lead_nome": "Lead E2E Automacoes"}	Gatilho: lead_criado	2026-04-06 22:31:23.792327-03	\N	\N	3	48	57	107
398	sucesso	{"lead": "LeadProspecto(pk=57)", "lead_nome": "Lead E2E Automacoes"}	Notificação criada	2026-04-06 22:31:23.80083-03	\N	\N	3	48	57	108
399	sucesso	{"lead": "LeadProspecto(pk=57)", "lead_nome": "Lead E2E Automacoes", "lead_cidade": "Recife"}	Gatilho: lead_criado	2026-04-06 22:31:23.831055-03	\N	\N	3	54	57	122
400	sucesso	{"lead": "LeadProspecto(pk=57)", "lead_nome": "Lead E2E Automacoes", "lead_cidade": "Recife"}	Condição: campo_check → true	2026-04-06 22:31:23.83682-03	\N	\N	3	54	57	123
401	sucesso	{"lead": "LeadProspecto(pk=57)", "lead_nome": "Lead E2E Automacoes", "lead_cidade": "Recife"}	Tarefa criada (pk=67)	2026-04-06 22:31:23.844591-03	\N	\N	3	54	57	124
402	sucesso	{"lead": "LeadProspecto(pk=57)", "lead_nome": "Lead E2E Automacoes", "lead_cidade": "Recife"}	Gatilho: lead_criado	2026-04-06 22:31:23.8549-03	\N	\N	3	52	57	117
403	agendado	{"lead": "LeadProspecto(pk=57)", "lead_nome": "Lead E2E Automacoes", "lead_cidade": "Recife"}	Delay: 5 minutos	2026-04-06 22:31:23.859636-03	2026-04-06 22:36:23.857009-03	\N	3	52	57	118
404	sucesso	{"lead": "LeadProspecto(pk=57)", "lead_nome": "Lead E2E Automacoes", "lead_cidade": "Recife"}	Gatilho: lead_criado	2026-04-06 22:31:23.863226-03	\N	\N	3	51	57	115
405	sucesso	{"lead": "LeadProspecto(pk=57)", "lead_nome": "Lead E2E Automacoes", "lead_cidade": "Recife"}	Tarefa criada (pk=68)	2026-04-06 22:31:23.872752-03	\N	\N	3	51	57	116
406	sucesso	{"lead": "LeadProspecto(pk=57)", "lead_nome": "Lead E2E Automacoes", "lead_cidade": "Recife"}	Gatilho: lead_criado	2026-04-06 22:31:23.880959-03	\N	\N	3	50	57	113
407	sucesso	{"lead": "LeadProspecto(pk=57)", "lead_nome": "Lead E2E Automacoes", "lead_cidade": "Recife"}	Notificação criada	2026-04-06 22:31:23.890302-03	\N	\N	3	50	57	114
408	sucesso	{"lead": "LeadProspecto(pk=57)", "lead_nome": "Lead E2E Automacoes", "lead_cidade": "Recife"}	Gatilho: lead_criado	2026-04-06 22:31:23.896908-03	\N	\N	3	49	57	109
409	sucesso	{"lead": "LeadProspecto(pk=57)", "lead_nome": "Lead E2E Automacoes", "lead_cidade": "Recife"}	Condição: campo_check → true	2026-04-06 22:31:23.90198-03	\N	\N	3	49	57	110
410	sucesso	{"lead": "LeadProspecto(pk=57)", "lead_nome": "Lead E2E Automacoes", "lead_cidade": "Recife"}	Notificação criada	2026-04-06 22:31:23.911424-03	\N	\N	3	49	57	111
411	sucesso	{"lead": "LeadProspecto(pk=57)", "lead_nome": "Lead E2E Automacoes", "lead_cidade": "Recife"}	Gatilho: lead_criado	2026-04-06 22:31:23.917151-03	\N	\N	3	48	57	107
412	sucesso	{"lead": "LeadProspecto(pk=57)", "lead_nome": "Lead E2E Automacoes", "lead_cidade": "Recife"}	Notificação criada	2026-04-06 22:31:23.928077-03	\N	\N	3	48	57	108
413	sucesso	{"lead": "LeadProspecto(pk=60)", "nome": "Lead Signal E2E", "telefone": "5511777770000", "lead_nome": "Lead Signal E2E", "lead_email": "signal@e2e.com", "lead_score": null, "lead_valor": "0", "lead_origem": "whatsapp", "lead_telefone": "5511777770000"}	Gatilho: lead_criado	2026-04-06 23:01:36.944518-03	\N	\N	3	56	\N	132
414	sucesso	{"lead": "LeadProspecto(pk=60)", "nome": "Lead Signal E2E", "telefone": "5511777770000", "lead_nome": "Lead Signal E2E", "lead_email": "signal@e2e.com", "lead_score": null, "lead_valor": "0", "lead_origem": "whatsapp", "lead_telefone": "5511777770000"}	Notificacao criada	2026-04-06 23:01:36.970961-03	\N	\N	3	56	\N	133
415	sucesso	{"lead": "LeadProspecto(pk=59)", "lead_nome": "Lead E2E Automacoes"}	Gatilho: lead_criado	2026-04-06 23:01:37.200883-03	\N	\N	3	57	59	134
416	sucesso	{"lead": "LeadProspecto(pk=59)", "lead_nome": "Lead E2E Automacoes"}	Condição: campo_check → true	2026-04-06 23:01:37.205768-03	\N	\N	3	57	59	135
417	sucesso	{"lead": "LeadProspecto(pk=59)", "lead_nome": "Lead E2E Automacoes"}	Notificacao criada	2026-04-06 23:01:37.220632-03	\N	\N	3	57	59	136
418	sucesso	{"lead": "LeadProspecto(pk=59)", "lead_nome": "Lead E2E Automacoes"}	Gatilho: lead_criado	2026-04-06 23:01:37.233738-03	\N	\N	3	56	59	132
419	sucesso	{"lead": "LeadProspecto(pk=59)", "lead_nome": "Lead E2E Automacoes"}	Notificacao criada	2026-04-06 23:01:37.246149-03	\N	\N	3	56	59	133
420	sucesso	{"lead": "LeadProspecto(pk=59)", "lead_nome": "Lead E2E Automacoes"}	Gatilho: lead_criado	2026-04-06 23:01:37.276936-03	\N	\N	3	58	59	138
421	sucesso	{"lead": "LeadProspecto(pk=59)", "lead_nome": "Lead E2E Automacoes"}	Notificacao criada	2026-04-06 23:01:37.288059-03	\N	\N	3	58	59	139
422	sucesso	{"lead": "LeadProspecto(pk=59)", "lead_nome": "Lead E2E Automacoes"}	Gatilho: lead_criado	2026-04-06 23:01:37.296382-03	\N	\N	3	57	59	134
423	sucesso	{"lead": "LeadProspecto(pk=59)", "lead_nome": "Lead E2E Automacoes"}	Condição: campo_check → true	2026-04-06 23:01:37.301037-03	\N	\N	3	57	59	135
424	sucesso	{"lead": "LeadProspecto(pk=59)", "lead_nome": "Lead E2E Automacoes"}	Notificacao criada	2026-04-06 23:01:37.311425-03	\N	\N	3	57	59	136
425	sucesso	{"lead": "LeadProspecto(pk=59)", "lead_nome": "Lead E2E Automacoes"}	Gatilho: lead_criado	2026-04-06 23:01:37.318709-03	\N	\N	3	56	59	132
426	sucesso	{"lead": "LeadProspecto(pk=59)", "lead_nome": "Lead E2E Automacoes"}	Notificacao criada	2026-04-06 23:01:37.330915-03	\N	\N	3	56	59	133
427	sucesso	{"lead": "LeadProspecto(pk=59)", "lead_nome": "Lead E2E Automacoes"}	Gatilho: lead_criado	2026-04-06 23:01:37.36151-03	\N	\N	3	59	59	140
428	sucesso	{"lead": "LeadProspecto(pk=59)", "lead_nome": "Lead E2E Automacoes"}	Tarefa criada (pk=69)	2026-04-06 23:01:37.381874-03	\N	\N	3	59	59	141
429	sucesso	{"lead": "LeadProspecto(pk=59)", "lead_nome": "Lead E2E Automacoes"}	Gatilho: lead_criado	2026-04-06 23:01:37.395903-03	\N	\N	3	58	59	138
430	sucesso	{"lead": "LeadProspecto(pk=59)", "lead_nome": "Lead E2E Automacoes"}	Notificacao criada	2026-04-06 23:01:37.406911-03	\N	\N	3	58	59	139
431	sucesso	{"lead": "LeadProspecto(pk=59)", "lead_nome": "Lead E2E Automacoes"}	Gatilho: lead_criado	2026-04-06 23:01:37.414677-03	\N	\N	3	57	59	134
432	sucesso	{"lead": "LeadProspecto(pk=59)", "lead_nome": "Lead E2E Automacoes"}	Condição: campo_check → true	2026-04-06 23:01:37.41875-03	\N	\N	3	57	59	135
433	sucesso	{"lead": "LeadProspecto(pk=59)", "lead_nome": "Lead E2E Automacoes"}	Notificacao criada	2026-04-06 23:01:37.43028-03	\N	\N	3	57	59	136
434	sucesso	{"lead": "LeadProspecto(pk=59)", "lead_nome": "Lead E2E Automacoes"}	Gatilho: lead_criado	2026-04-06 23:01:37.436953-03	\N	\N	3	56	59	132
435	sucesso	{"lead": "LeadProspecto(pk=59)", "lead_nome": "Lead E2E Automacoes"}	Notificacao criada	2026-04-06 23:01:37.447058-03	\N	\N	3	56	59	133
436	sucesso	{"lead": "LeadProspecto(pk=59)", "lead_nome": "Lead E2E Automacoes"}	Gatilho: lead_criado	2026-04-06 23:01:37.480321-03	\N	\N	3	60	59	142
437	agendado	{"lead": "LeadProspecto(pk=59)", "lead_nome": "Lead E2E Automacoes"}	Delay: 5 minutos	2026-04-06 23:01:37.486038-03	2026-04-06 23:06:37.484515-03	\N	3	60	59	143
438	sucesso	{"lead": "LeadProspecto(pk=59)", "lead_nome": "Lead E2E Automacoes"}	Gatilho: lead_criado	2026-04-06 23:01:37.491273-03	\N	\N	3	59	59	140
439	sucesso	{"lead": "LeadProspecto(pk=59)", "lead_nome": "Lead E2E Automacoes"}	Tarefa criada (pk=70)	2026-04-06 23:01:37.502237-03	\N	\N	3	59	59	141
440	sucesso	{"lead": "LeadProspecto(pk=59)", "lead_nome": "Lead E2E Automacoes"}	Gatilho: lead_criado	2026-04-06 23:01:37.51082-03	\N	\N	3	58	59	138
441	sucesso	{"lead": "LeadProspecto(pk=59)", "lead_nome": "Lead E2E Automacoes"}	Notificacao criada	2026-04-06 23:01:37.51894-03	\N	\N	3	58	59	139
442	sucesso	{"lead": "LeadProspecto(pk=59)", "lead_nome": "Lead E2E Automacoes"}	Gatilho: lead_criado	2026-04-06 23:01:37.527056-03	\N	\N	3	57	59	134
443	sucesso	{"lead": "LeadProspecto(pk=59)", "lead_nome": "Lead E2E Automacoes"}	Condição: campo_check → true	2026-04-06 23:01:37.531194-03	\N	\N	3	57	59	135
444	sucesso	{"lead": "LeadProspecto(pk=59)", "lead_nome": "Lead E2E Automacoes"}	Notificacao criada	2026-04-06 23:01:37.540913-03	\N	\N	3	57	59	136
445	sucesso	{"lead": "LeadProspecto(pk=59)", "lead_nome": "Lead E2E Automacoes"}	Gatilho: lead_criado	2026-04-06 23:01:37.548005-03	\N	\N	3	56	59	132
446	sucesso	{"lead": "LeadProspecto(pk=59)", "lead_nome": "Lead E2E Automacoes"}	Notificacao criada	2026-04-06 23:01:37.557732-03	\N	\N	3	56	59	133
447	sucesso	{"lead": "LeadProspecto(pk=59)", "lead_nome": "Lead E2E Automacoes"}	Notificacao criada	2026-04-06 23:01:37.592152-03	\N	\N	3	60	59	144
448	sucesso	{"lead": "LeadProspecto(pk=59)", "lead_nome": "Lead E2E Automacoes"}	Gatilho: lead_criado	2026-04-06 23:01:37.633271-03	\N	\N	3	61	59	145
449	sucesso	{"lead": "LeadProspecto(pk=59)", "lead_nome": "Lead E2E Automacoes"}	Notificacao criada	2026-04-06 23:01:37.645112-03	\N	\N	3	61	59	146
450	sucesso	{"lead": "LeadProspecto(pk=59)", "lead_nome": "Lead E2E Automacoes"}	Gatilho: lead_criado	2026-04-06 23:01:37.65223-03	\N	\N	3	60	59	142
451	agendado	{"lead": "LeadProspecto(pk=59)", "lead_nome": "Lead E2E Automacoes"}	Delay: 5 minutos	2026-04-06 23:01:37.659234-03	2026-04-06 23:06:37.656588-03	\N	3	60	59	143
452	sucesso	{"lead": "LeadProspecto(pk=59)", "lead_nome": "Lead E2E Automacoes"}	Gatilho: lead_criado	2026-04-06 23:01:37.664272-03	\N	\N	3	59	59	140
453	sucesso	{"lead": "LeadProspecto(pk=59)", "lead_nome": "Lead E2E Automacoes"}	Tarefa criada (pk=71)	2026-04-06 23:01:37.673548-03	\N	\N	3	59	59	141
454	sucesso	{"lead": "LeadProspecto(pk=59)", "lead_nome": "Lead E2E Automacoes"}	Gatilho: lead_criado	2026-04-06 23:01:37.680119-03	\N	\N	3	58	59	138
455	sucesso	{"lead": "LeadProspecto(pk=59)", "lead_nome": "Lead E2E Automacoes"}	Notificacao criada	2026-04-06 23:01:37.689877-03	\N	\N	3	58	59	139
456	sucesso	{"lead": "LeadProspecto(pk=59)", "lead_nome": "Lead E2E Automacoes"}	Gatilho: lead_criado	2026-04-06 23:01:37.698467-03	\N	\N	3	57	59	134
457	sucesso	{"lead": "LeadProspecto(pk=59)", "lead_nome": "Lead E2E Automacoes"}	Condição: campo_check → true	2026-04-06 23:01:37.702146-03	\N	\N	3	57	59	135
458	sucesso	{"lead": "LeadProspecto(pk=59)", "lead_nome": "Lead E2E Automacoes"}	Notificacao criada	2026-04-06 23:01:37.713852-03	\N	\N	3	57	59	136
459	sucesso	{"lead": "LeadProspecto(pk=59)", "lead_nome": "Lead E2E Automacoes"}	Gatilho: lead_criado	2026-04-06 23:01:37.721974-03	\N	\N	3	56	59	132
460	sucesso	{"lead": "LeadProspecto(pk=59)", "lead_nome": "Lead E2E Automacoes"}	Notificacao criada	2026-04-06 23:01:37.73018-03	\N	\N	3	56	59	133
461	sucesso	{"lead": "LeadProspecto(pk=59)", "lead_nome": "Lead E2E Automacoes"}	Gatilho: lead_criado	2026-04-06 23:01:37.751535-03	\N	\N	3	61	59	145
462	sucesso	{"lead": "LeadProspecto(pk=59)", "lead_nome": "Lead E2E Automacoes"}	Notificacao criada	2026-04-06 23:01:37.760086-03	\N	\N	3	61	59	146
463	sucesso	{"lead": "LeadProspecto(pk=59)", "lead_nome": "Lead E2E Automacoes"}	Gatilho: lead_criado	2026-04-06 23:01:37.767213-03	\N	\N	3	60	59	142
464	agendado	{"lead": "LeadProspecto(pk=59)", "lead_nome": "Lead E2E Automacoes"}	Delay: 5 minutos	2026-04-06 23:01:37.774357-03	2026-04-06 23:06:37.771289-03	\N	3	60	59	143
465	sucesso	{"lead": "LeadProspecto(pk=59)", "lead_nome": "Lead E2E Automacoes"}	Gatilho: lead_criado	2026-04-06 23:01:37.779505-03	\N	\N	3	59	59	140
466	sucesso	{"lead": "LeadProspecto(pk=59)", "lead_nome": "Lead E2E Automacoes"}	Tarefa criada (pk=72)	2026-04-06 23:01:37.7889-03	\N	\N	3	59	59	141
467	sucesso	{"lead": "LeadProspecto(pk=59)", "lead_nome": "Lead E2E Automacoes"}	Gatilho: lead_criado	2026-04-06 23:01:37.797105-03	\N	\N	3	58	59	138
468	sucesso	{"lead": "LeadProspecto(pk=59)", "lead_nome": "Lead E2E Automacoes"}	Notificacao criada	2026-04-06 23:01:37.807063-03	\N	\N	3	58	59	139
469	sucesso	{"lead": "LeadProspecto(pk=59)", "lead_nome": "Lead E2E Automacoes"}	Gatilho: lead_criado	2026-04-06 23:01:37.818627-03	\N	\N	3	57	59	134
470	sucesso	{"lead": "LeadProspecto(pk=59)", "lead_nome": "Lead E2E Automacoes"}	Condição: campo_check → true	2026-04-06 23:01:37.822212-03	\N	\N	3	57	59	135
471	sucesso	{"lead": "LeadProspecto(pk=59)", "lead_nome": "Lead E2E Automacoes"}	Notificacao criada	2026-04-06 23:01:37.834261-03	\N	\N	3	57	59	136
472	sucesso	{"lead": "LeadProspecto(pk=59)", "lead_nome": "Lead E2E Automacoes"}	Gatilho: lead_criado	2026-04-06 23:01:37.840871-03	\N	\N	3	56	59	132
473	sucesso	{"lead": "LeadProspecto(pk=59)", "lead_nome": "Lead E2E Automacoes"}	Notificacao criada	2026-04-06 23:01:37.851181-03	\N	\N	3	56	59	133
474	sucesso	{"lead": "LeadProspecto(pk=59)", "lead_nome": "Lead E2E Automacoes"}	Gatilho: lead_criado	2026-04-06 23:01:37.874699-03	\N	\N	3	60	59	142
475	agendado	{"lead": "LeadProspecto(pk=59)", "lead_nome": "Lead E2E Automacoes"}	Delay: 5 minutos	2026-04-06 23:01:37.886408-03	2026-04-06 23:06:37.884361-03	\N	3	60	59	143
476	sucesso	{"lead": "LeadProspecto(pk=59)", "lead_nome": "Lead E2E Automacoes"}	Gatilho: lead_criado	2026-04-06 23:01:37.891044-03	\N	\N	3	59	59	140
477	sucesso	{"lead": "LeadProspecto(pk=59)", "lead_nome": "Lead E2E Automacoes"}	Tarefa criada (pk=73)	2026-04-06 23:01:37.902169-03	\N	\N	3	59	59	141
478	sucesso	{"lead": "LeadProspecto(pk=59)", "lead_nome": "Lead E2E Automacoes"}	Gatilho: lead_criado	2026-04-06 23:01:37.909825-03	\N	\N	3	58	59	138
479	sucesso	{"lead": "LeadProspecto(pk=59)", "lead_nome": "Lead E2E Automacoes"}	Notificacao criada	2026-04-06 23:01:37.921019-03	\N	\N	3	58	59	139
480	sucesso	{"lead": "LeadProspecto(pk=59)", "lead_nome": "Lead E2E Automacoes"}	Gatilho: lead_criado	2026-04-06 23:01:37.929782-03	\N	\N	3	57	59	134
481	sucesso	{"lead": "LeadProspecto(pk=59)", "lead_nome": "Lead E2E Automacoes"}	Condição: campo_check → true	2026-04-06 23:01:37.934834-03	\N	\N	3	57	59	135
482	sucesso	{"lead": "LeadProspecto(pk=59)", "lead_nome": "Lead E2E Automacoes"}	Notificacao criada	2026-04-06 23:01:37.946561-03	\N	\N	3	57	59	136
483	sucesso	{"lead": "LeadProspecto(pk=59)", "lead_nome": "Lead E2E Automacoes"}	Gatilho: lead_criado	2026-04-06 23:01:37.954567-03	\N	\N	3	56	59	132
484	sucesso	{"lead": "LeadProspecto(pk=59)", "lead_nome": "Lead E2E Automacoes"}	Notificacao criada	2026-04-06 23:01:37.964622-03	\N	\N	3	56	59	133
485	sucesso	{"lead": "LeadProspecto(pk=59)", "lead_nome": "Lead E2E Automacoes", "lead_cidade": "Recife"}	Gatilho: lead_criado	2026-04-06 23:01:38.009673-03	\N	\N	3	62	59	147
486	sucesso	{"lead": "LeadProspecto(pk=59)", "lead_nome": "Lead E2E Automacoes", "lead_cidade": "Recife"}	Condição: campo_check → true	2026-04-06 23:01:38.018107-03	\N	\N	3	62	59	148
487	sucesso	{"lead": "LeadProspecto(pk=59)", "lead_nome": "Lead E2E Automacoes", "lead_cidade": "Recife"}	Tarefa criada (pk=74)	2026-04-06 23:01:38.029081-03	\N	\N	3	62	59	149
488	sucesso	{"lead": "LeadProspecto(pk=59)", "lead_nome": "Lead E2E Automacoes", "lead_cidade": "Recife"}	Gatilho: lead_criado	2026-04-06 23:01:38.042246-03	\N	\N	3	60	59	142
489	agendado	{"lead": "LeadProspecto(pk=59)", "lead_nome": "Lead E2E Automacoes", "lead_cidade": "Recife"}	Delay: 5 minutos	2026-04-06 23:01:38.054339-03	2026-04-06 23:06:38.051243-03	\N	3	60	59	143
490	sucesso	{"lead": "LeadProspecto(pk=59)", "lead_nome": "Lead E2E Automacoes", "lead_cidade": "Recife"}	Gatilho: lead_criado	2026-04-06 23:01:38.059877-03	\N	\N	3	59	59	140
491	sucesso	{"lead": "LeadProspecto(pk=59)", "lead_nome": "Lead E2E Automacoes", "lead_cidade": "Recife"}	Tarefa criada (pk=75)	2026-04-06 23:01:38.070914-03	\N	\N	3	59	59	141
492	sucesso	{"lead": "LeadProspecto(pk=59)", "lead_nome": "Lead E2E Automacoes", "lead_cidade": "Recife"}	Gatilho: lead_criado	2026-04-06 23:01:38.080858-03	\N	\N	3	58	59	138
493	sucesso	{"lead": "LeadProspecto(pk=59)", "lead_nome": "Lead E2E Automacoes", "lead_cidade": "Recife"}	Notificacao criada	2026-04-06 23:01:38.094427-03	\N	\N	3	58	59	139
494	sucesso	{"lead": "LeadProspecto(pk=59)", "lead_nome": "Lead E2E Automacoes", "lead_cidade": "Recife"}	Gatilho: lead_criado	2026-04-06 23:01:38.103246-03	\N	\N	3	57	59	134
495	sucesso	{"lead": "LeadProspecto(pk=59)", "lead_nome": "Lead E2E Automacoes", "lead_cidade": "Recife"}	Condição: campo_check → true	2026-04-06 23:01:38.11-03	\N	\N	3	57	59	135
496	sucesso	{"lead": "LeadProspecto(pk=59)", "lead_nome": "Lead E2E Automacoes", "lead_cidade": "Recife"}	Notificacao criada	2026-04-06 23:01:38.122127-03	\N	\N	3	57	59	136
497	sucesso	{"lead": "LeadProspecto(pk=59)", "lead_nome": "Lead E2E Automacoes", "lead_cidade": "Recife"}	Gatilho: lead_criado	2026-04-06 23:01:38.131208-03	\N	\N	3	56	59	132
498	sucesso	{"lead": "LeadProspecto(pk=59)", "lead_nome": "Lead E2E Automacoes", "lead_cidade": "Recife"}	Notificacao criada	2026-04-06 23:01:38.143042-03	\N	\N	3	56	59	133
499	sucesso	{"lead": "LeadProspecto(pk=65)", "nome": "Lucas Rodrigues", "telefone": "555381521653", "lead_nome": "Lucas Rodrigues", "lead_email": "", "lead_score": null, "lead_valor": "0", "lead_origem": "whatsapp", "lead_telefone": "555381521653"}	Gatilho: lead_criado	2026-04-08 00:13:23.308302-03	\N	\N	7	63	\N	158
500	sucesso	{"lead": "LeadProspecto(pk=65)", "nome": "Lucas Rodrigues", "telefone": "555381521653", "lead_nome": "Lucas Rodrigues", "lead_email": "", "lead_score": null, "lead_valor": "0", "lead_origem": "whatsapp", "lead_telefone": "555381521653"}	Oportunidade criada (pk=59)	2026-04-08 00:13:23.341438-03	\N	\N	7	63	\N	159
511	sucesso	{"lead": "LeadProspecto(pk=92)", "nome": "", "telefone": "86999990001", "lead_nome": "", "lead_email": "", "lead_score": null, "lead_valor": "0", "lead_origem": "teste", "lead_telefone": "86999990001"}	Gatilho: lead_criado	2026-04-09 16:04:05.736807-03	\N	\N	7	63	92	158
512	sucesso	{"lead": "LeadProspecto(pk=92)", "nome": "", "telefone": "86999990001", "lead_nome": "", "lead_email": "", "lead_score": null, "lead_valor": "0", "lead_origem": "teste", "lead_telefone": "86999990001"}	Oportunidade criada (pk=84)	2026-04-09 16:04:05.767382-03	\N	\N	7	63	92	159
513	sucesso	{"lead": "LeadProspecto(pk=93)", "nome": "", "telefone": "86999990002", "lead_nome": "", "lead_email": "", "lead_score": null, "lead_valor": "0", "lead_origem": "teste_v2", "lead_telefone": "86999990002"}	Gatilho: lead_criado	2026-04-09 16:07:31.256986-03	\N	\N	7	63	93	158
514	sucesso	{"lead": "LeadProspecto(pk=93)", "nome": "", "telefone": "86999990002", "lead_nome": "", "lead_email": "", "lead_score": null, "lead_valor": "0", "lead_origem": "teste_v2", "lead_telefone": "86999990002"}	Oportunidade criada (pk=85)	2026-04-09 16:07:31.272702-03	\N	\N	7	63	93	159
515	sucesso	{"lead": "LeadProspecto(pk=94)", "nome": "", "telefone": "86999990003", "lead_nome": "", "lead_email": "", "lead_score": null, "lead_valor": "0", "lead_origem": "teste_v2b", "lead_telefone": "86999990003"}	Gatilho: lead_criado	2026-04-09 16:10:00.640989-03	\N	\N	7	63	\N	158
516	sucesso	{"lead": "LeadProspecto(pk=94)", "nome": "", "telefone": "86999990003", "lead_nome": "", "lead_email": "", "lead_score": null, "lead_valor": "0", "lead_origem": "teste_v2b", "lead_telefone": "86999990003"}	Oportunidade criada (pk=86)	2026-04-09 16:10:00.654128-03	\N	\N	7	63	\N	159
517	sucesso	{"lead": "LeadProspecto(pk=95)", "nome": "", "telefone": "86999990004", "lead_nome": "", "lead_email": "", "lead_score": null, "lead_valor": "0", "lead_origem": "teste_fallback", "lead_telefone": "86999990004"}	Gatilho: lead_criado	2026-04-09 16:11:42.750868-03	\N	\N	7	63	\N	158
518	sucesso	{"lead": "LeadProspecto(pk=95)", "nome": "", "telefone": "86999990004", "lead_nome": "", "lead_email": "", "lead_score": null, "lead_valor": "0", "lead_origem": "teste_fallback", "lead_telefone": "86999990004"}	Oportunidade criada (pk=87)	2026-04-09 16:11:42.760906-03	\N	\N	7	63	\N	159
519	sucesso	{"lead": "LeadProspecto(pk=98)", "nome": "", "telefone": "86999998888", "lead_nome": "", "lead_email": "", "lead_score": null, "lead_valor": "0", "lead_origem": "teste_fila", "lead_telefone": "86999998888"}	Gatilho: lead_criado	2026-04-09 23:09:37.678723-03	\N	\N	7	63	98	158
520	sucesso	{"lead": "LeadProspecto(pk=98)", "nome": "", "telefone": "86999998888", "lead_nome": "", "lead_email": "", "lead_score": null, "lead_valor": "0", "lead_origem": "teste_fila", "lead_telefone": "86999998888"}	Oportunidade criada (pk=88)	2026-04-09 23:09:37.712872-03	\N	\N	7	63	98	159
521	sucesso	{"lead": "LeadProspecto(pk=99)", "nome": "Lead Teste", "telefone": "86999990000", "lead_nome": "Lead Teste", "lead_email": "", "lead_score": null, "lead_valor": "0", "lead_origem": "simulador", "lead_telefone": "86999990000"}	Gatilho: lead_criado	2026-04-09 23:20:39.697643-03	\N	\N	7	63	99	158
522	sucesso	{"lead": "LeadProspecto(pk=99)", "nome": "Lead Teste", "telefone": "86999990000", "lead_nome": "Lead Teste", "lead_email": "", "lead_score": null, "lead_valor": "0", "lead_origem": "simulador", "lead_telefone": "86999990000"}	Oportunidade criada (pk=89)	2026-04-09 23:20:39.706241-03	\N	\N	7	63	99	159
523	sucesso	{"lead": "LeadProspecto(pk=100)", "nome": "Lead Teste", "telefone": "869999900444", "lead_nome": "Lead Teste", "lead_email": "", "lead_score": null, "lead_valor": "0", "lead_origem": "simulador", "lead_telefone": "869999900444"}	Gatilho: lead_criado	2026-04-10 04:04:31.14691-03	\N	\N	7	63	100	158
524	sucesso	{"lead": "LeadProspecto(pk=100)", "nome": "Lead Teste", "telefone": "869999900444", "lead_nome": "Lead Teste", "lead_email": "", "lead_score": null, "lead_valor": "0", "lead_origem": "simulador", "lead_telefone": "869999900444"}	Oportunidade criada (pk=90)	2026-04-10 04:04:31.17775-03	\N	\N	7	63	100	159
525	sucesso	{"lead": "LeadProspecto(pk=101)", "nome": "Lead Teste", "telefone": "8699999004453", "lead_nome": "Lead Teste", "lead_email": "", "lead_score": null, "lead_valor": "0", "lead_origem": "simulador", "lead_telefone": "8699999004453"}	Gatilho: lead_criado	2026-04-10 04:08:55.266471-03	\N	\N	7	63	101	158
526	sucesso	{"lead": "LeadProspecto(pk=101)", "nome": "Lead Teste", "telefone": "8699999004453", "lead_nome": "Lead Teste", "lead_email": "", "lead_score": null, "lead_valor": "0", "lead_origem": "simulador", "lead_telefone": "8699999004453"}	Oportunidade criada (pk=91)	2026-04-10 04:08:55.284422-03	\N	\N	7	63	101	159
527	sucesso	{"lead": "LeadProspecto(pk=102)", "nome": "Lead Teste", "telefone": "869999900321", "lead_nome": "Lead Teste", "lead_email": "", "lead_score": null, "lead_valor": "0", "lead_origem": "simulador", "lead_telefone": "869999900321"}	Gatilho: lead_criado	2026-04-10 04:12:06.381551-03	\N	\N	7	63	102	158
528	sucesso	{"lead": "LeadProspecto(pk=102)", "nome": "Lead Teste", "telefone": "869999900321", "lead_nome": "Lead Teste", "lead_email": "", "lead_score": null, "lead_valor": "0", "lead_origem": "simulador", "lead_telefone": "869999900321"}	Oportunidade criada (pk=92)	2026-04-10 04:12:06.392466-03	\N	\N	7	63	102	159
529	sucesso	{"lead": "LeadProspecto(pk=103)", "nome": "", "telefone": "86999990064", "lead_nome": "", "lead_email": "", "lead_score": null, "lead_valor": "0", "lead_origem": "simulador", "lead_telefone": "86999990064"}	Gatilho: lead_criado	2026-04-10 04:19:25.170496-03	\N	\N	7	63	103	158
530	sucesso	{"lead": "LeadProspecto(pk=103)", "nome": "", "telefone": "86999990064", "lead_nome": "", "lead_email": "", "lead_score": null, "lead_valor": "0", "lead_origem": "simulador", "lead_telefone": "86999990064"}	Oportunidade criada (pk=93)	2026-04-10 04:19:25.177834-03	\N	\N	7	63	103	159
531	sucesso	{"lead": "LeadProspecto(pk=104)", "nome": "", "telefone": "86999990063", "lead_nome": "", "lead_email": "", "lead_score": null, "lead_valor": "0", "lead_origem": "simulador", "lead_telefone": "86999990063"}	Gatilho: lead_criado	2026-04-10 04:20:44.787141-03	\N	\N	7	63	104	158
532	sucesso	{"lead": "LeadProspecto(pk=104)", "nome": "", "telefone": "86999990063", "lead_nome": "", "lead_email": "", "lead_score": null, "lead_valor": "0", "lead_origem": "simulador", "lead_telefone": "86999990063"}	Oportunidade criada (pk=94)	2026-04-10 04:20:44.792674-03	\N	\N	7	63	104	159
533	sucesso	{"lead": "LeadProspecto(pk=105)", "nome": "Teste", "telefone": "86999990017", "lead_nome": "Teste", "lead_email": "", "lead_score": null, "lead_valor": "0", "lead_origem": "simulador", "lead_telefone": "86999990017"}	Gatilho: lead_criado	2026-04-10 04:23:10.102834-03	\N	\N	7	63	105	158
534	sucesso	{"lead": "LeadProspecto(pk=105)", "nome": "Teste", "telefone": "86999990017", "lead_nome": "Teste", "lead_email": "", "lead_score": null, "lead_valor": "0", "lead_origem": "simulador", "lead_telefone": "86999990017"}	Oportunidade criada (pk=95)	2026-04-10 04:23:10.109566-03	\N	\N	7	63	105	159
535	sucesso	{"lead": "LeadProspecto(pk=106)", "nome": "Teste", "telefone": "86999990077", "lead_nome": "Teste", "lead_email": "", "lead_score": null, "lead_valor": "0", "lead_origem": "simulador", "lead_telefone": "86999990077"}	Gatilho: lead_criado	2026-04-10 04:23:24.009296-03	\N	\N	7	63	106	158
536	sucesso	{"lead": "LeadProspecto(pk=106)", "nome": "Teste", "telefone": "86999990077", "lead_nome": "Teste", "lead_email": "", "lead_score": null, "lead_valor": "0", "lead_origem": "simulador", "lead_telefone": "86999990077"}	Oportunidade criada (pk=96)	2026-04-10 04:23:24.032879-03	\N	\N	7	63	106	159
537	sucesso	{"lead": "LeadProspecto(pk=107)", "nome": "", "telefone": "86999990066", "lead_nome": "", "lead_email": "", "lead_score": null, "lead_valor": "0", "lead_origem": "simulador", "lead_telefone": "86999990066"}	Gatilho: lead_criado	2026-04-10 04:23:53.967139-03	\N	\N	7	63	107	158
538	sucesso	{"lead": "LeadProspecto(pk=107)", "nome": "", "telefone": "86999990066", "lead_nome": "", "lead_email": "", "lead_score": null, "lead_valor": "0", "lead_origem": "simulador", "lead_telefone": "86999990066"}	Oportunidade criada (pk=97)	2026-04-10 04:23:53.975287-03	\N	\N	7	63	107	159
539	sucesso	{"lead": "LeadProspecto(pk=108)", "nome": "", "telefone": "86999990044", "lead_nome": "", "lead_email": "", "lead_score": null, "lead_valor": "0", "lead_origem": "simulador", "lead_telefone": "86999990044"}	Gatilho: lead_criado	2026-04-10 04:30:38.728121-03	\N	\N	7	63	108	158
540	sucesso	{"lead": "LeadProspecto(pk=108)", "nome": "", "telefone": "86999990044", "lead_nome": "", "lead_email": "", "lead_score": null, "lead_valor": "0", "lead_origem": "simulador", "lead_telefone": "86999990044"}	Oportunidade criada (pk=98)	2026-04-10 04:30:38.747642-03	\N	\N	7	63	108	159
541	sucesso	{"lead": "LeadProspecto(pk=109)", "nome": "", "telefone": "86999990012", "lead_nome": "", "lead_email": "", "lead_score": null, "lead_valor": "0", "lead_origem": "simulador", "lead_telefone": "86999990012"}	Gatilho: lead_criado	2026-04-10 04:32:13.6231-03	\N	\N	7	63	109	158
542	sucesso	{"lead": "LeadProspecto(pk=109)", "nome": "", "telefone": "86999990012", "lead_nome": "", "lead_email": "", "lead_score": null, "lead_valor": "0", "lead_origem": "simulador", "lead_telefone": "86999990012"}	Oportunidade criada (pk=99)	2026-04-10 04:32:13.628622-03	\N	\N	7	63	109	159
543	sucesso	{"lead": "LeadProspecto(pk=110)", "nome": "", "telefone": "86999997777", "lead_nome": "", "lead_email": "", "lead_score": null, "lead_valor": "0", "lead_origem": "teste_final", "lead_telefone": "86999997777"}	Gatilho: lead_criado	2026-04-10 04:32:48.823859-03	\N	\N	7	63	110	158
544	sucesso	{"lead": "LeadProspecto(pk=110)", "nome": "", "telefone": "86999997777", "lead_nome": "", "lead_email": "", "lead_score": null, "lead_valor": "0", "lead_origem": "teste_final", "lead_telefone": "86999997777"}	Oportunidade criada (pk=100)	2026-04-10 04:32:48.829461-03	\N	\N	7	63	110	159
545	sucesso	{"lead": "LeadProspecto(pk=111)", "nome": "", "telefone": "86999997776", "lead_nome": "", "lead_email": "", "lead_score": null, "lead_valor": "0", "lead_origem": "teste", "lead_telefone": "86999997776"}	Gatilho: lead_criado	2026-04-10 04:34:37.646534-03	\N	\N	7	63	\N	158
546	sucesso	{"lead": "LeadProspecto(pk=111)", "nome": "", "telefone": "86999997776", "lead_nome": "", "lead_email": "", "lead_score": null, "lead_valor": "0", "lead_origem": "teste", "lead_telefone": "86999997776"}	Oportunidade criada (pk=101)	2026-04-10 04:34:37.654443-03	\N	\N	7	63	\N	159
547	sucesso	{"lead": "LeadProspecto(pk=112)", "nome": "", "telefone": "86999990032", "lead_nome": "", "lead_email": "", "lead_score": null, "lead_valor": "0", "lead_origem": "simulador", "lead_telefone": "86999990032"}	Gatilho: lead_criado	2026-04-10 04:38:41.808514-03	\N	\N	7	63	112	158
548	sucesso	{"lead": "LeadProspecto(pk=112)", "nome": "", "telefone": "86999990032", "lead_nome": "", "lead_email": "", "lead_score": null, "lead_valor": "0", "lead_origem": "simulador", "lead_telefone": "86999990032"}	Oportunidade criada (pk=102)	2026-04-10 04:38:41.813615-03	\N	\N	7	63	112	159
549	sucesso	{"lead": "LeadProspecto(pk=113)", "nome": "", "telefone": "86999990101", "lead_nome": "", "lead_email": "", "lead_score": null, "lead_valor": "0", "lead_origem": "teste", "lead_telefone": "86999990101"}	Gatilho: lead_criado	2026-04-10 04:57:32.876632-03	\N	\N	7	63	\N	158
550	sucesso	{"lead": "LeadProspecto(pk=113)", "nome": "", "telefone": "86999990101", "lead_nome": "", "lead_email": "", "lead_score": null, "lead_valor": "0", "lead_origem": "teste", "lead_telefone": "86999990101"}	Oportunidade criada (pk=103)	2026-04-10 04:57:32.885896-03	\N	\N	7	63	\N	159
551	sucesso	{"lead": "LeadProspecto(pk=114)", "nome": "", "telefone": "86999990102", "lead_nome": "", "lead_email": "", "lead_score": null, "lead_valor": "0", "lead_origem": "teste", "lead_telefone": "86999990102"}	Gatilho: lead_criado	2026-04-10 04:57:56.186441-03	\N	\N	7	63	\N	158
552	sucesso	{"lead": "LeadProspecto(pk=114)", "nome": "", "telefone": "86999990102", "lead_nome": "", "lead_email": "", "lead_score": null, "lead_valor": "0", "lead_origem": "teste", "lead_telefone": "86999990102"}	Oportunidade criada (pk=104)	2026-04-10 04:57:56.192561-03	\N	\N	7	63	\N	159
553	sucesso	{"lead": "LeadProspecto(pk=115)", "nome": "", "telefone": "86999990103", "lead_nome": "", "lead_email": "", "lead_score": null, "lead_valor": "0", "lead_origem": "teste", "lead_telefone": "86999990103"}	Gatilho: lead_criado	2026-04-10 04:58:20.016122-03	\N	\N	7	63	\N	158
554	sucesso	{"lead": "LeadProspecto(pk=115)", "nome": "", "telefone": "86999990103", "lead_nome": "", "lead_email": "", "lead_score": null, "lead_valor": "0", "lead_origem": "teste", "lead_telefone": "86999990103"}	Oportunidade criada (pk=105)	2026-04-10 04:58:20.021893-03	\N	\N	7	63	\N	159
555	sucesso	{"lead": "LeadProspecto(pk=116)", "nome": "", "telefone": "86999990201", "lead_nome": "", "lead_email": "", "lead_score": null, "lead_valor": "0", "lead_origem": "teste", "lead_telefone": "86999990201"}	Gatilho: lead_criado	2026-04-10 05:11:44.117189-03	\N	\N	7	63	116	158
556	sucesso	{"lead": "LeadProspecto(pk=116)", "nome": "", "telefone": "86999990201", "lead_nome": "", "lead_email": "", "lead_score": null, "lead_valor": "0", "lead_origem": "teste", "lead_telefone": "86999990201"}	Oportunidade criada (pk=106)	2026-04-10 05:11:44.158534-03	\N	\N	7	63	116	159
557	sucesso	{"lead": "LeadProspecto(pk=117)", "nome": "", "telefone": "86999990301", "lead_nome": "", "lead_email": "", "lead_score": null, "lead_valor": "0", "lead_origem": "debug", "lead_telefone": "86999990301"}	Gatilho: lead_criado	2026-04-10 05:15:38.975713-03	\N	\N	7	63	\N	158
558	sucesso	{"lead": "LeadProspecto(pk=117)", "nome": "", "telefone": "86999990301", "lead_nome": "", "lead_email": "", "lead_score": null, "lead_valor": "0", "lead_origem": "debug", "lead_telefone": "86999990301"}	Oportunidade criada (pk=107)	2026-04-10 05:15:38.994626-03	\N	\N	7	63	\N	159
559	sucesso	{"lead": "LeadProspecto(pk=118)", "nome": "", "telefone": "86999990302", "lead_nome": "", "lead_email": "", "lead_score": null, "lead_valor": "0", "lead_origem": "debug2", "lead_telefone": "86999990302"}	Gatilho: lead_criado	2026-04-10 05:16:13.901475-03	\N	\N	7	63	\N	158
560	sucesso	{"lead": "LeadProspecto(pk=118)", "nome": "", "telefone": "86999990302", "lead_nome": "", "lead_email": "", "lead_score": null, "lead_valor": "0", "lead_origem": "debug2", "lead_telefone": "86999990302"}	Oportunidade criada (pk=108)	2026-04-10 05:16:13.910261-03	\N	\N	7	63	\N	159
561	sucesso	{"lead": "LeadProspecto(pk=119)", "nome": "", "telefone": "86999990303", "lead_nome": "", "lead_email": "", "lead_score": null, "lead_valor": "0", "lead_origem": "teste_completo", "lead_telefone": "86999990303"}	Gatilho: lead_criado	2026-04-10 05:17:01.000206-03	\N	\N	7	63	\N	158
562	sucesso	{"lead": "LeadProspecto(pk=119)", "nome": "", "telefone": "86999990303", "lead_nome": "", "lead_email": "", "lead_score": null, "lead_valor": "0", "lead_origem": "teste_completo", "lead_telefone": "86999990303"}	Oportunidade criada (pk=109)	2026-04-10 05:17:01.021062-03	\N	\N	7	63	\N	159
563	sucesso	{"lead": "LeadProspecto(pk=120)", "nome": "", "telefone": "86999990401", "lead_nome": "", "lead_email": "", "lead_score": null, "lead_valor": "0", "lead_origem": "teste_fallback", "lead_telefone": "86999990401"}	Gatilho: lead_criado	2026-04-10 05:18:43.4199-03	\N	\N	7	63	\N	158
564	sucesso	{"lead": "LeadProspecto(pk=120)", "nome": "", "telefone": "86999990401", "lead_nome": "", "lead_email": "", "lead_score": null, "lead_valor": "0", "lead_origem": "teste_fallback", "lead_telefone": "86999990401"}	Oportunidade criada (pk=110)	2026-04-10 05:18:43.427907-03	\N	\N	7	63	\N	159
565	sucesso	{"lead": "LeadProspecto(pk=121)", "nome": "", "telefone": "86999990453", "lead_nome": "", "lead_email": "", "lead_score": null, "lead_valor": "0", "lead_origem": "simulador", "lead_telefone": "86999990453"}	Gatilho: lead_criado	2026-04-10 06:46:01.385782-03	\N	\N	7	63	121	158
566	sucesso	{"lead": "LeadProspecto(pk=121)", "nome": "", "telefone": "86999990453", "lead_nome": "", "lead_email": "", "lead_score": null, "lead_valor": "0", "lead_origem": "simulador", "lead_telefone": "86999990453"}	Oportunidade criada (pk=111)	2026-04-10 06:46:01.40483-03	\N	\N	7	63	121	159
567	sucesso	{"lead": "LeadProspecto(pk=122)", "nome": "", "telefone": "86999990456", "lead_nome": "", "lead_email": "", "lead_score": null, "lead_valor": "0", "lead_origem": "simulador", "lead_telefone": "86999990456"}	Gatilho: lead_criado	2026-04-10 06:47:23.316533-03	\N	\N	7	63	122	158
568	sucesso	{"lead": "LeadProspecto(pk=122)", "nome": "", "telefone": "86999990456", "lead_nome": "", "lead_email": "", "lead_score": null, "lead_valor": "0", "lead_origem": "simulador", "lead_telefone": "86999990456"}	Oportunidade criada (pk=112)	2026-04-10 06:47:23.32324-03	\N	\N	7	63	122	159
569	sucesso	{"lead": "LeadProspecto(pk=123)", "nome": "", "telefone": "86999990458", "lead_nome": "", "lead_email": "", "lead_score": null, "lead_valor": "0", "lead_origem": "simulador", "lead_telefone": "86999990458"}	Gatilho: lead_criado	2026-04-10 06:49:16.525959-03	\N	\N	7	63	123	158
570	sucesso	{"lead": "LeadProspecto(pk=123)", "nome": "", "telefone": "86999990458", "lead_nome": "", "lead_email": "", "lead_score": null, "lead_valor": "0", "lead_origem": "simulador", "lead_telefone": "86999990458"}	Oportunidade criada (pk=113)	2026-04-10 06:49:16.530687-03	\N	\N	7	63	123	159
571	sucesso	{"lead": "LeadProspecto(pk=125)", "nome": "", "telefone": "86999990043", "lead_nome": "", "lead_email": "", "lead_score": null, "lead_valor": "0", "lead_origem": "simulador", "lead_telefone": "86999990043"}	Gatilho: lead_criado	2026-04-10 10:50:10.360444-03	\N	\N	7	63	125	158
572	sucesso	{"lead": "LeadProspecto(pk=125)", "nome": "", "telefone": "86999990043", "lead_nome": "", "lead_email": "", "lead_score": null, "lead_valor": "0", "lead_origem": "simulador", "lead_telefone": "86999990043"}	Oportunidade criada (pk=115)	2026-04-10 10:50:10.373232-03	\N	\N	7	63	125	159
573	sucesso	{"lead": "LeadProspecto(pk=126)", "nome": "", "telefone": "86999990021", "lead_nome": "", "lead_email": "", "lead_score": null, "lead_valor": "0", "lead_origem": "simulador", "lead_telefone": "86999990021"}	Gatilho: lead_criado	2026-04-10 10:52:58.10707-03	\N	\N	7	63	126	158
574	sucesso	{"lead": "LeadProspecto(pk=126)", "nome": "", "telefone": "86999990021", "lead_nome": "", "lead_email": "", "lead_score": null, "lead_valor": "0", "lead_origem": "simulador", "lead_telefone": "86999990021"}	Oportunidade criada (pk=116)	2026-04-10 10:52:58.116132-03	\N	\N	7	63	126	159
575	sucesso	{"lead": "LeadProspecto(pk=127)", "nome": "", "telefone": "86999990067", "lead_nome": "", "lead_email": "", "lead_score": null, "lead_valor": "0", "lead_origem": "simulador", "lead_telefone": "86999990067"}	Gatilho: lead_criado	2026-04-10 10:55:01.16007-03	\N	\N	7	63	127	158
576	sucesso	{"lead": "LeadProspecto(pk=127)", "nome": "", "telefone": "86999990067", "lead_nome": "", "lead_email": "", "lead_score": null, "lead_valor": "0", "lead_origem": "simulador", "lead_telefone": "86999990067"}	Oportunidade criada (pk=117)	2026-04-10 10:55:01.180661-03	\N	\N	7	63	127	159
577	sucesso	{"lead": "LeadProspecto(pk=128)", "nome": "", "telefone": "86999990367", "lead_nome": "", "lead_email": "", "lead_score": null, "lead_valor": "0", "lead_origem": "teste", "lead_telefone": "86999990367"}	Gatilho: lead_criado	2026-04-10 11:38:15.871112-03	\N	\N	7	63	\N	158
578	sucesso	{"lead": "LeadProspecto(pk=128)", "nome": "", "telefone": "86999990367", "lead_nome": "", "lead_email": "", "lead_score": null, "lead_valor": "0", "lead_origem": "teste", "lead_telefone": "86999990367"}	Oportunidade criada (pk=118)	2026-04-10 11:38:15.890158-03	\N	\N	7	63	\N	159
579	sucesso	{"lead": "LeadProspecto(pk=129)", "nome": "", "telefone": "86999990617", "lead_nome": "", "lead_email": "", "lead_score": null, "lead_valor": "0", "lead_origem": "teste", "lead_telefone": "86999990617"}	Gatilho: lead_criado	2026-04-10 11:39:16.632778-03	\N	\N	7	63	\N	158
580	sucesso	{"lead": "LeadProspecto(pk=129)", "nome": "", "telefone": "86999990617", "lead_nome": "", "lead_email": "", "lead_score": null, "lead_valor": "0", "lead_origem": "teste", "lead_telefone": "86999990617"}	Oportunidade criada (pk=119)	2026-04-10 11:39:16.643019-03	\N	\N	7	63	\N	159
581	sucesso	{"lead": "LeadProspecto(pk=130)", "nome": "", "telefone": "86999991529", "lead_nome": "", "lead_email": "", "lead_score": null, "lead_valor": "0", "lead_origem": "teste", "lead_telefone": "86999991529"}	Gatilho: lead_criado	2026-04-10 11:40:12.965923-03	\N	\N	7	63	\N	158
582	sucesso	{"lead": "LeadProspecto(pk=130)", "nome": "", "telefone": "86999991529", "lead_nome": "", "lead_email": "", "lead_score": null, "lead_valor": "0", "lead_origem": "teste", "lead_telefone": "86999991529"}	Oportunidade criada (pk=120)	2026-04-10 11:40:12.971158-03	\N	\N	7	63	\N	159
583	sucesso	{"lead": "LeadProspecto(pk=131)", "nome": "", "telefone": "86999992894", "lead_nome": "", "lead_email": "", "lead_score": null, "lead_valor": "0", "lead_origem": "teste", "lead_telefone": "86999992894"}	Gatilho: lead_criado	2026-04-10 11:41:08.722926-03	\N	\N	7	63	\N	158
584	sucesso	{"lead": "LeadProspecto(pk=131)", "nome": "", "telefone": "86999992894", "lead_nome": "", "lead_email": "", "lead_score": null, "lead_valor": "0", "lead_origem": "teste", "lead_telefone": "86999992894"}	Oportunidade criada (pk=121)	2026-04-10 11:41:08.730237-03	\N	\N	7	63	\N	159
585	sucesso	{"lead": "LeadProspecto(pk=132)", "nome": "", "telefone": "86999999103", "lead_nome": "", "lead_email": "", "lead_score": null, "lead_valor": "0", "lead_origem": "teste", "lead_telefone": "86999999103"}	Gatilho: lead_criado	2026-04-10 11:41:59.525979-03	\N	\N	7	63	\N	158
586	sucesso	{"lead": "LeadProspecto(pk=132)", "nome": "", "telefone": "86999999103", "lead_nome": "", "lead_email": "", "lead_score": null, "lead_valor": "0", "lead_origem": "teste", "lead_telefone": "86999999103"}	Oportunidade criada (pk=122)	2026-04-10 11:41:59.531653-03	\N	\N	7	63	\N	159
587	sucesso	{"lead": "LeadProspecto(pk=133)", "nome": "", "telefone": "86999982197", "lead_nome": "", "lead_email": "", "lead_score": null, "lead_valor": "0", "lead_origem": "teste", "lead_telefone": "86999982197"}	Gatilho: lead_criado	2026-04-10 11:53:30.409056-03	\N	\N	7	63	\N	158
588	sucesso	{"lead": "LeadProspecto(pk=133)", "nome": "", "telefone": "86999982197", "lead_nome": "", "lead_email": "", "lead_score": null, "lead_valor": "0", "lead_origem": "teste", "lead_telefone": "86999982197"}	Oportunidade criada (pk=123)	2026-04-10 11:53:30.431628-03	\N	\N	7	63	\N	159
589	sucesso	{"lead": "LeadProspecto(pk=134)", "nome": "", "telefone": "86999985919", "lead_nome": "", "lead_email": "", "lead_score": null, "lead_valor": "0", "lead_origem": "teste", "lead_telefone": "86999985919"}	Gatilho: lead_criado	2026-04-10 11:54:28.136651-03	\N	\N	7	63	\N	158
590	sucesso	{"lead": "LeadProspecto(pk=134)", "nome": "", "telefone": "86999985919", "lead_nome": "", "lead_email": "", "lead_score": null, "lead_valor": "0", "lead_origem": "teste", "lead_telefone": "86999985919"}	Oportunidade criada (pk=124)	2026-04-10 11:54:28.151378-03	\N	\N	7	63	\N	159
591	sucesso	{"lead": "LeadProspecto(pk=135)", "nome": "Teste", "telefone": "86999990501", "lead_nome": "Teste", "lead_email": "", "lead_score": null, "lead_valor": "0", "lead_origem": "teste", "lead_telefone": "86999990501"}	Gatilho: lead_criado	2026-04-10 12:09:46.276772-03	\N	\N	7	63	\N	158
592	sucesso	{"lead": "LeadProspecto(pk=135)", "nome": "Teste", "telefone": "86999990501", "lead_nome": "Teste", "lead_email": "", "lead_score": null, "lead_valor": "0", "lead_origem": "teste", "lead_telefone": "86999990501"}	Oportunidade criada (pk=125)	2026-04-10 12:09:46.302819-03	\N	\N	7	63	\N	159
593	sucesso	{"lead": "LeadProspecto(pk=136)", "nome": "Teste", "telefone": "86999990502", "lead_nome": "Teste", "lead_email": "", "lead_score": null, "lead_valor": "0", "lead_origem": "teste", "lead_telefone": "86999990502"}	Gatilho: lead_criado	2026-04-10 12:30:16.756081-03	\N	\N	7	63	\N	158
594	sucesso	{"lead": "LeadProspecto(pk=136)", "nome": "Teste", "telefone": "86999990502", "lead_nome": "Teste", "lead_email": "", "lead_score": null, "lead_valor": "0", "lead_origem": "teste", "lead_telefone": "86999990502"}	Oportunidade criada (pk=126)	2026-04-10 12:30:16.778581-03	\N	\N	7	63	\N	159
595	sucesso	{"lead": "LeadProspecto(pk=137)", "nome": "", "telefone": "86999979045", "lead_nome": "", "lead_email": "", "lead_score": null, "lead_valor": "0", "lead_origem": "teste", "lead_telefone": "86999979045"}	Gatilho: lead_criado	2026-04-10 12:34:45.753743-03	\N	\N	7	63	\N	158
596	sucesso	{"lead": "LeadProspecto(pk=137)", "nome": "", "telefone": "86999979045", "lead_nome": "", "lead_email": "", "lead_score": null, "lead_valor": "0", "lead_origem": "teste", "lead_telefone": "86999979045"}	Oportunidade criada (pk=127)	2026-04-10 12:34:45.764981-03	\N	\N	7	63	\N	159
597	sucesso	{"lead": "LeadProspecto(pk=138)", "nome": "", "telefone": "86999971402", "lead_nome": "", "lead_email": "", "lead_score": null, "lead_valor": "0", "lead_origem": "teste", "lead_telefone": "86999971402"}	Gatilho: lead_criado	2026-04-10 12:35:23.865965-03	\N	\N	7	63	\N	158
598	sucesso	{"lead": "LeadProspecto(pk=138)", "nome": "", "telefone": "86999971402", "lead_nome": "", "lead_email": "", "lead_score": null, "lead_valor": "0", "lead_origem": "teste", "lead_telefone": "86999971402"}	Oportunidade criada (pk=128)	2026-04-10 12:35:23.8693-03	\N	\N	7	63	\N	159
599	sucesso	{"lead": "LeadProspecto(pk=139)", "nome": "", "telefone": "86999977570", "lead_nome": "", "lead_email": "", "lead_score": null, "lead_valor": "0", "lead_origem": "teste", "lead_telefone": "86999977570"}	Gatilho: lead_criado	2026-04-10 12:35:59.177697-03	\N	\N	7	63	\N	158
600	sucesso	{"lead": "LeadProspecto(pk=139)", "nome": "", "telefone": "86999977570", "lead_nome": "", "lead_email": "", "lead_score": null, "lead_valor": "0", "lead_origem": "teste", "lead_telefone": "86999977570"}	Oportunidade criada (pk=129)	2026-04-10 12:35:59.184657-03	\N	\N	7	63	\N	159
601	sucesso	{"lead": "LeadProspecto(pk=140)", "nome": "", "telefone": "86999973252", "lead_nome": "", "lead_email": "", "lead_score": null, "lead_valor": "0", "lead_origem": "teste", "lead_telefone": "86999973252"}	Gatilho: lead_criado	2026-04-10 12:36:40.372703-03	\N	\N	7	63	\N	158
602	sucesso	{"lead": "LeadProspecto(pk=140)", "nome": "", "telefone": "86999973252", "lead_nome": "", "lead_email": "", "lead_score": null, "lead_valor": "0", "lead_origem": "teste", "lead_telefone": "86999973252"}	Oportunidade criada (pk=130)	2026-04-10 12:36:40.377663-03	\N	\N	7	63	\N	159
603	sucesso	{"lead": "LeadProspecto(pk=141)", "nome": "", "telefone": "86999975283", "lead_nome": "", "lead_email": "", "lead_score": null, "lead_valor": "0", "lead_origem": "teste", "lead_telefone": "86999975283"}	Gatilho: lead_criado	2026-04-10 12:36:59.177323-03	\N	\N	7	63	141	158
604	sucesso	{"lead": "LeadProspecto(pk=141)", "nome": "", "telefone": "86999975283", "lead_nome": "", "lead_email": "", "lead_score": null, "lead_valor": "0", "lead_origem": "teste", "lead_telefone": "86999975283"}	Oportunidade criada (pk=131)	2026-04-10 12:36:59.187854-03	\N	\N	7	63	141	159
605	sucesso	{"lead": "LeadProspecto(pk=142)", "nome": "", "telefone": "86999936945", "lead_nome": "", "lead_email": "", "lead_score": null, "lead_valor": "0", "lead_origem": "teste", "lead_telefone": "86999936945"}	Gatilho: lead_criado	2026-04-10 12:52:57.289823-03	\N	\N	7	63	\N	158
606	sucesso	{"lead": "LeadProspecto(pk=142)", "nome": "", "telefone": "86999936945", "lead_nome": "", "lead_email": "", "lead_score": null, "lead_valor": "0", "lead_origem": "teste", "lead_telefone": "86999936945"}	Oportunidade criada (pk=132)	2026-04-10 12:52:57.305683-03	\N	\N	7	63	\N	159
607	sucesso	{"lead": "LeadProspecto(pk=143)", "nome": "", "telefone": "86999966029", "lead_nome": "", "lead_email": "", "lead_score": null, "lead_valor": "0", "lead_origem": "teste", "lead_telefone": "86999966029"}	Gatilho: lead_criado	2026-04-10 12:53:57.459054-03	\N	\N	7	63	\N	158
608	sucesso	{"lead": "LeadProspecto(pk=143)", "nome": "", "telefone": "86999966029", "lead_nome": "", "lead_email": "", "lead_score": null, "lead_valor": "0", "lead_origem": "teste", "lead_telefone": "86999966029"}	Oportunidade criada (pk=133)	2026-04-10 12:53:57.464103-03	\N	\N	7	63	\N	159
609	sucesso	{"lead": "LeadProspecto(pk=144)", "nome": "", "telefone": "44999990000", "lead_nome": "", "lead_email": "", "lead_score": null, "lead_valor": "0", "lead_origem": "simulador", "lead_telefone": "44999990000"}	Gatilho: lead_criado	2026-04-10 13:03:30.26297-03	\N	\N	7	63	144	158
610	sucesso	{"lead": "LeadProspecto(pk=144)", "nome": "", "telefone": "44999990000", "lead_nome": "", "lead_email": "", "lead_score": null, "lead_valor": "0", "lead_origem": "simulador", "lead_telefone": "44999990000"}	Oportunidade criada (pk=134)	2026-04-10 13:03:30.2741-03	\N	\N	7	63	144	159
611	sucesso	{"lead": "LeadProspecto(pk=145)", "nome": "", "telefone": "31999990000", "lead_nome": "", "lead_email": "", "lead_score": null, "lead_valor": "0", "lead_origem": "simulador", "lead_telefone": "31999990000"}	Gatilho: lead_criado	2026-04-10 13:05:31.599309-03	\N	\N	7	63	145	158
612	sucesso	{"lead": "LeadProspecto(pk=145)", "nome": "", "telefone": "31999990000", "lead_nome": "", "lead_email": "", "lead_score": null, "lead_valor": "0", "lead_origem": "simulador", "lead_telefone": "31999990000"}	Oportunidade criada (pk=135)	2026-04-10 13:05:31.608679-03	\N	\N	7	63	145	159
\.


--
-- Data for Name: automacoes_nodofluxo; Type: TABLE DATA; Schema: public; Owner: -
--

COPY public.automacoes_nodofluxo (id, tipo, subtipo, configuracao, pos_x, pos_y, ordem, regra_id, tenant_id) FROM stdin;
1	trigger	lead_sem_contato	{}	100	200	0	7	3
3	condition	campo_check	{"campo": "dias_sem_contato", "valor": "5", "operador": "maior_igual"}	660	200	2	7	3
4	action	criar_tarefa	{"template": "Titulo: Follow-up proposta {{lead_nome}}\\nTipo: followup\\nPrioridade: alta"}	940	200	3	7	3
5	action	notificacao_sistema	{"template": "Proposta para {{lead_nome}} sem resposta ha 5 dias. Fazer follow-up!"}	1220	200	4	7	3
6	trigger	oportunidade_movida	{}	100	200	0	6	3
7	condition	campo_check	{"campo": "estagio", "valor": "demo-agendada", "operador": "igual"}	380	200	1	6	3
8	action	notificacao_sistema	{"template": "Demo agendada para {{lead_nome}}! Responsavel: {{responsavel}}"}	660	200	2	6	3
9	trigger	lead_sem_contato	{}	100	200	0	5	3
10	condition	campo_check	{"campo": "dias_sem_contato", "valor": "2", "operador": "maior_igual"}	380	200	1	5	3
11	action	notificacao_sistema	{"template": "ALERTA: Lead {{lead_nome}} esta sem contato ha {{dias_sem_contato}} dias!"}	660	200	2	5	3
12	action	criar_tarefa	{"template": "Titulo: Recontatar {{lead_nome}}\\nTipo: ligacao\\nPrioridade: alta"}	940	200	3	5	3
13	trigger	lead_criado	{}	100	200	0	4	3
14	action	notificacao_sistema	{"template": "Novo lead {{lead_nome}} via {{lead_origem}}. Telefone: {{lead_telefone}}"}	380	200	1	4	3
2	condition	campo_check	{"campo": "estagio", "valor": "proposta-enviada", "operador": "igual"}	380	200	1	7	3
84	trigger	lead_criado	{}	0	0	1	38	3
85	action	notificacao_sistema	{"template": "Teste gatilho lead_criado"}	0	0	2	38	3
86	trigger	lead_qualificado	{}	0	0	1	39	3
87	action	notificacao_sistema	{"template": "Teste gatilho lead_qualificado"}	0	0	2	39	3
88	trigger	oportunidade_movida	{}	0	0	1	40	3
89	action	notificacao_sistema	{"template": "Teste gatilho oportunidade_movida"}	0	0	2	40	3
90	trigger	venda_aprovada	{}	0	0	1	41	3
91	action	notificacao_sistema	{"template": "Teste gatilho venda_aprovada"}	0	0	2	41	3
92	trigger	docs_validados	{}	0	0	1	42	3
93	action	notificacao_sistema	{"template": "Teste gatilho docs_validados"}	0	0	2	42	3
94	trigger	lead_criado	{}	0	0	1	43	3
95	action	notificacao_sistema	{"template": "Teste notificacao para {{lead_nome}}"}	0	0	2	43	3
96	trigger	lead_criado	{}	0	0	1	44	3
97	action	criar_tarefa	{"template": "titulo: Tarefa teste {{lead_nome}}\\ntipo: followup\\nprioridade: alta"}	0	0	2	44	3
98	trigger	lead_criado	{}	0	0	1	45	3
99	delay		{"valor": 1, "unidade": "minutos"}	0	0	2	45	3
100	action	notificacao_sistema	{"template": "Pos-delay executado!"}	0	0	3	45	3
101	trigger	lead_criado	{}	0	0	1	46	3
102	action	notificacao_sistema	{"template": "Rate limit test"}	0	0	2	46	3
103	trigger	lead_criado	{}	0	0	1	47	3
104	condition	campo_check	{"campo": "lead.score_qualificacao", "valor": "5", "operador": "maior"}	0	0	2	47	3
105	action	notificacao_sistema	{"template": "Lead qualificado: {{lead_nome}} (score > 5)"}	0	0	3	47	3
106	action	notificacao_sistema	{"template": "Lead NAO qualificado"}	0	0	4	47	3
107	trigger	lead_criado	{}	0	0	1	48	3
108	action	notificacao_sistema	{"template": "E2E: Lead {{lead_nome}} criado via signal"}	0	0	2	48	3
109	trigger	lead_criado	{}	0	0	1	49	3
110	condition	campo_check	{"campo": "lead.score_qualificacao", "valor": "5", "operador": "maior"}	0	0	2	49	3
111	action	notificacao_sistema	{"template": "E2E: Branch TRUE"}	0	0	3	49	3
112	action	notificacao_sistema	{"template": "E2E: Branch FALSE"}	0	0	4	49	3
113	trigger	lead_criado	{}	0	0	1	50	3
114	action	notificacao_sistema	{"template": "E2E: Notificacao para {{lead_nome}}"}	0	0	2	50	3
115	trigger	lead_criado	{}	0	0	1	51	3
116	action	criar_tarefa	{"template": "titulo: Tarefa E2E {{lead_nome}}\\ntipo: followup\\nprioridade: alta"}	0	0	2	51	3
117	trigger	lead_criado	{}	0	0	1	52	3
118	delay		{"valor": 5, "unidade": "minutos"}	0	0	2	52	3
119	action	notificacao_sistema	{"template": "E2E: Pos-delay executado"}	0	0	3	52	3
120	trigger	lead_criado	{}	0	0	1	53	3
121	action	notificacao_sistema	{"template": "E2E: Rate limit"}	0	0	2	53	3
122	trigger	lead_criado	{}	0	0	1	54	3
123	condition	campo_check	{"campo": "lead.cidade", "valor": "Recife", "operador": "igual"}	0	0	2	54	3
124	action	criar_tarefa	{"template": "titulo: Visita E2E {{lead_nome}}\\ntipo: visita\\nprioridade: alta"}	0	0	3	54	3
125	action	notificacao_sistema	{"template": "E2E: Lead fora de cobertura"}	0	0	4	54	3
126	trigger	lead_criado	{}	50	300	1	55	3
127	condition	campo_check	{"campo": "lead.score_qualificacao", "valor": "5", "operador": "maior"}	350	300	2	55	3
128	action	notificacao_sistema	{"template": "Lead qualificado: {{lead_nome}} (score {{lead_score}})"}	700	180	3	55	3
129	action	criar_tarefa	{"template": "titulo: Contatar {{lead_nome}}\\ntipo: ligacao\\nprioridade: alta"}	1000	180	4	55	3
130	delay		{"valor": 30, "unidade": "minutos"}	700	450	5	55	3
131	action	enviar_email	{"template": "Ola {{lead_nome}}, obrigado pelo contato. Retornaremos em breve."}	1000	450	6	55	3
132	trigger	lead_criado	{}	0	0	1	56	3
133	action	notificacao_sistema	{"template": "E2E: Lead {{lead_nome}} criado via signal"}	0	0	2	56	3
134	trigger	lead_criado	{}	0	0	1	57	3
135	condition	campo_check	{"campo": "lead.score_qualificacao", "valor": "5", "operador": "maior"}	0	0	2	57	3
136	action	notificacao_sistema	{"template": "E2E: Branch TRUE"}	0	0	3	57	3
137	action	notificacao_sistema	{"template": "E2E: Branch FALSE"}	0	0	4	57	3
138	trigger	lead_criado	{}	0	0	1	58	3
139	action	notificacao_sistema	{"template": "E2E: Notificacao para {{lead_nome}}"}	0	0	2	58	3
140	trigger	lead_criado	{}	0	0	1	59	3
141	action	criar_tarefa	{"template": "titulo: Tarefa E2E {{lead_nome}}\\ntipo: followup\\nprioridade: alta"}	0	0	2	59	3
142	trigger	lead_criado	{}	0	0	1	60	3
143	delay		{"valor": 5, "unidade": "minutos"}	0	0	2	60	3
144	action	notificacao_sistema	{"template": "E2E: Pos-delay executado"}	0	0	3	60	3
145	trigger	lead_criado	{}	0	0	1	61	3
146	action	notificacao_sistema	{"template": "E2E: Rate limit"}	0	0	2	61	3
147	trigger	lead_criado	{}	0	0	1	62	3
148	condition	campo_check	{"campo": "lead.cidade", "valor": "Recife", "operador": "igual"}	0	0	2	62	3
149	action	criar_tarefa	{"template": "titulo: Visita E2E {{lead_nome}}\\ntipo: visita\\nprioridade: alta"}	0	0	3	62	3
150	action	notificacao_sistema	{"template": "E2E: Lead fora de cobertura"}	0	0	4	62	3
158	trigger	lead_criado	{}	208	213	1	63	7
159	action	criar_oportunidade	{"titulo": "{{lead_nome}}", "estagio": "novo", "pipeline": "matriculas"}	510	191	2	63	7
168	trigger	conversa_aberta	{"evento": "conversa_aberta"}	100	200	0	67	8
169	acao	criar_tarefa	{"titulo": "Follow-up: {{lead_nome}}", "prioridade": "normal", "tipo_tarefa": "ligacao"}	400	200	0	67	8
170	trigger	lead_atualizado	{"evento": "lead_atualizado"}	100	200	1	66	8
171	condicao	campo_check	{"campo": "lead.score_qualificacao", "valor": "7", "operador": "maior_igual"}	400	200	2	66	8
172	acao	mover_estagio	{"estagio": "proposta"}	700	150	3	66	8
173	acao	notificacao_sistema	{"titulo": "Lead qualificado!", "mensagem": "{{lead_nome}} atingiu score {{lead_score}}"}	700	300	4	66	8
\.


--
-- Data for Name: automacoes_regraautomacao; Type: TABLE DATA; Schema: public; Owner: -
--

COPY public.automacoes_regraautomacao (id, nome, descricao, evento, ativa, data_criacao, data_atualizacao, total_execucoes, total_sucesso, total_erro, criado_por_id, tenant_id, cooldown_horas, fluxo_json, max_execucoes_por_lead, modo_fluxo, periodo_limite_horas, segmento_id) FROM stdin;
53	__E2E__ratelimit		lead_criado	f	2026-04-06 22:31:23.471672-03	2026-04-06 22:31:23.471672-03	2	2	0	\N	3	0	{}	2	t	24	\N
54	__E2E__fluxo_e2e		lead_criado	f	2026-04-06 22:31:23.806445-03	2026-04-06 22:31:23.806445-03	1	1	0	\N	3	0	{}	0	t	24	\N
51	__E2E__acao_tarefa		lead_criado	f	2026-04-06 22:31:23.23797-03	2026-04-06 22:31:23.23797-03	6	6	0	\N	3	0	{}	0	t	24	\N
52	__E2E__delay		lead_criado	f	2026-04-06 22:31:23.338353-03	2026-04-06 22:31:23.338353-03	1	1	0	\N	3	0	{}	0	t	24	\N
50	__E2E__acao_notif		lead_criado	f	2026-04-06 22:31:23.177876-03	2026-04-06 22:31:23.177876-03	7	7	0	\N	3	0	{}	0	t	24	\N
49	__E2E__condicao_branch		lead_criado	f	2026-04-06 22:31:23.126064-03	2026-04-06 22:31:23.126064-03	8	8	0	\N	3	0	{}	0	t	24	\N
48	__E2E__gatilho_signal		lead_criado	f	2026-04-06 22:31:22.785633-03	2026-04-06 22:31:22.785633-03	9	9	0	\N	3	0	{}	0	t	24	\N
3	Regra Automação 0		lead_criado	t	2026-04-05 13:19:30.848941-03	2026-04-05 13:19:30.848941-03	1	1	0	\N	5	0	{}	0	f	24	\N
67	Nova conversa - Criar tarefa follow-up	Cria tarefa de follow-up quando nova conversa e aberta	conversa_aberta	t	2026-04-09 09:52:24.782909-03	2026-04-09 09:52:24.782909-03	0	0	0	\N	8	0	{}	0	t	24	\N
66	Lead qualificado - Mover estagio	Quando lead atinge score >= 7, move para estagio Proposta	lead_atualizado	t	2026-04-09 09:52:24.776704-03	2026-04-09 09:52:24.776704-03	0	0	0	\N	8	0	{"drawflow": {"Home": {"data": {"1": {"id": 1, "data": {"nome": "Lead Atualizado", "tipo": "trigger", "config": {"evento": "lead_atualizado"}, "subtipo": "lead_atualizado"}, "html": "<div class=\\"title-box\\"><i class=\\"fas fa-bolt\\" style=\\"color:#f59e0b;\\"></i> Lead Atualizado</div>", "name": "node_1", "class": "node_1", "pos_x": 100, "pos_y": 200, "inputs": {}, "outputs": {"output_1": {"connections": [{"node": "2", "output": "input_1"}]}}, "typenode": false}, "2": {"id": 2, "data": {"nome": "Campo Check", "tipo": "condicao", "config": {"campo": "lead.score_qualificacao", "valor": "7", "operador": "maior_igual"}, "subtipo": "campo_check"}, "html": "<div class=\\"title-box\\"> Campo Check</div>", "name": "node_2", "class": "node_2", "pos_x": 400, "pos_y": 200, "inputs": {"input_1": {"connections": [{"node": "1", "input": "output_1"}]}}, "outputs": {"output_1": {"connections": [{"node": "3", "output": "input_1"}, {"node": "4", "output": "input_1"}]}}, "typenode": false}, "3": {"id": 3, "data": {"nome": "Mover Estagio", "tipo": "acao", "config": {"estagio": "proposta"}, "subtipo": "mover_estagio"}, "html": "<div class=\\"title-box\\"><i class=\\"fas fa-columns\\" style=\\"color:#8b5cf6;\\"></i> Mover Estagio</div>", "name": "node_3", "class": "node_3", "pos_x": 700, "pos_y": 150, "inputs": {"input_1": {"connections": [{"node": "2", "input": "output_1"}]}}, "outputs": {"output_1": {"connections": []}}, "typenode": false}, "4": {"id": 4, "data": {"nome": "Notificacao Sistema", "tipo": "acao", "config": {"titulo": "Lead qualificado!", "mensagem": "{{lead_nome}} atingiu score {{lead_score}}"}, "subtipo": "notificacao_sistema"}, "html": "<div class=\\"title-box\\"><i class=\\"fas fa-bell\\" style=\\"color:#f59e0b;\\"></i> Notificacao Sistema</div>", "name": "node_4", "class": "node_4", "pos_x": 700, "pos_y": 300, "inputs": {"input_1": {"connections": [{"node": "2", "input": "output_1"}]}}, "outputs": {"output_1": {"connections": []}}, "typenode": false}}}}}	0	t	24	\N
7	Proposta sem resposta ha 5 dias		lead_sem_contato	t	2026-04-06 01:08:09.673365-03	2026-04-06 01:08:09.673365-03	0	0	0	1	3	0	{"drawflow": {"Home": {"data": {"1": {"id": 1, "data": {"nome": "Lead sem contato", "tipo": "trigger", "config": {}, "subtipo": "lead_sem_contato"}, "html": "<div class=\\"title-box\\"><i class=\\"fas fa-bolt\\" style=\\"color:#f59e0b;\\"></i> Lead sem contato</div>", "name": "node_1", "class": "node_1", "pos_x": 100, "pos_y": 200, "inputs": {}, "outputs": {"output_1": {"connections": [{"node": "2", "output": "input_1"}]}}, "typenode": false}, "2": {"id": 2, "data": {"nome": "Verificar Campo", "tipo": "condition", "config": {"campo": "crm.estagio", "valor": "proposta-enviada", "operador": "igual"}, "subtipo": "campo_check"}, "html": "<div class=\\"title-box\\"><i class=\\"fas fa-code-branch\\" style=\\"color:#f59e0b;\\"></i> Verificar Campo</div><div class=\\"box\\">Saida 1: Sim\\nSaida 2: Nao</div>", "name": "node_2", "class": "node_2", "pos_x": 380, "pos_y": 200, "inputs": {"input_1": {"connections": [{"node": "1", "input": "output_1"}]}}, "outputs": {"output_1": {"connections": [{"node": "3", "output": "input_1"}]}, "output_2": {"connections": []}}, "typenode": false}, "3": {"id": 3, "data": {"nome": "Verificar Campo", "tipo": "condition", "config": {"campo": "dias_sem_contato", "valor": "5", "operador": "maior_igual"}, "subtipo": "campo_check"}, "html": "<div class=\\"title-box\\"><i class=\\"fas fa-code-branch\\" style=\\"color:#f59e0b;\\"></i> Verificar Campo</div><div class=\\"box\\">Saida 1: Sim\\nSaida 2: Nao</div>", "name": "node_3", "class": "node_3", "pos_x": 660, "pos_y": 200, "inputs": {"input_1": {"connections": [{"node": "2", "input": "output_1"}]}}, "outputs": {"output_1": {"connections": [{"node": "4", "output": "input_1"}]}, "output_2": {"connections": []}}, "typenode": false}, "4": {"id": 4, "data": {"nome": "Criar Tarefa", "tipo": "action", "config": {"template": "Titulo: Follow-up proposta {{lead_nome}}\\nTipo: followup\\nPrioridade: alta"}, "subtipo": "criar_tarefa"}, "html": "<div class=\\"title-box\\"><i class=\\"fas fa-tasks\\" style=\\"color:#3b82f6;\\"></i> Criar Tarefa</div><div class=\\"box\\">Clique para configurar</div>", "name": "node_4", "class": "node_4", "pos_x": 940, "pos_y": 200, "inputs": {"input_1": {"connections": [{"node": "3", "input": "output_1"}]}}, "outputs": {"output_1": {"connections": [{"node": "5", "output": "input_1"}]}}, "typenode": false}, "5": {"id": 5, "data": {"nome": "Notificacao", "tipo": "action", "config": {"template": "Proposta para {{lead_nome}} sem resposta ha 5 dias. Fazer follow-up!"}, "subtipo": "notificacao_sistema"}, "html": "<div class=\\"title-box\\"><i class=\\"fas fa-bell\\" style=\\"color:#f59e0b;\\"></i> Notificacao</div><div class=\\"box\\">Clique para configurar</div>", "name": "node_5", "class": "node_5", "pos_x": 1220, "pos_y": 200, "inputs": {"input_1": {"connections": [{"node": "4", "input": "output_1"}]}}, "outputs": {"output_1": {"connections": []}}, "typenode": false}}}}}	0	t	24	\N
6	Demo agendada: notificar		oportunidade_movida	t	2026-04-06 01:08:09.670857-03	2026-04-06 01:08:09.670857-03	0	0	0	1	3	0	{"drawflow": {"Home": {"data": {"1": {"id": 1, "data": {"nome": "Oportunidade movida", "tipo": "trigger", "config": {}, "subtipo": "oportunidade_movida"}, "html": "<div class=\\"title-box\\"><i class=\\"fas fa-bolt\\" style=\\"color:#f59e0b;\\"></i> Oportunidade movida</div>", "name": "node_1", "class": "node_1", "pos_x": 100, "pos_y": 200, "inputs": {}, "outputs": {"output_1": {"connections": [{"node": "2", "output": "input_1"}]}}, "typenode": false}, "2": {"id": 2, "data": {"nome": "Verificar Campo", "tipo": "condition", "config": {"campo": "estagio", "valor": "demo-agendada", "operador": "igual"}, "subtipo": "campo_check"}, "html": "<div class=\\"title-box\\"><i class=\\"fas fa-code-branch\\" style=\\"color:#f59e0b;\\"></i> Verificar Campo</div><div class=\\"box\\">Saida 1: Sim\\nSaida 2: Nao</div>", "name": "node_2", "class": "node_2", "pos_x": 380, "pos_y": 200, "inputs": {"input_1": {"connections": [{"node": "1", "input": "output_1"}]}}, "outputs": {"output_1": {"connections": [{"node": "3", "output": "input_1"}]}, "output_2": {"connections": []}}, "typenode": false}, "3": {"id": 3, "data": {"nome": "Notificacao", "tipo": "action", "config": {"template": "Demo agendada para {{lead_nome}}! Responsavel: {{responsavel}}"}, "subtipo": "notificacao_sistema"}, "html": "<div class=\\"title-box\\"><i class=\\"fas fa-bell\\" style=\\"color:#f59e0b;\\"></i> Notificacao</div><div class=\\"box\\">Clique para configurar</div>", "name": "node_3", "class": "node_3", "pos_x": 660, "pos_y": 200, "inputs": {"input_1": {"connections": [{"node": "2", "input": "output_1"}]}}, "outputs": {"output_1": {"connections": []}}, "typenode": false}}}}}	0	t	24	\N
5	Lead sem contato ha 2 dias		lead_sem_contato	t	2026-04-06 01:08:09.662103-03	2026-04-06 01:08:09.662103-03	0	0	0	1	3	0	{"drawflow": {"Home": {"data": {"1": {"id": 1, "data": {"nome": "Lead sem contato", "tipo": "trigger", "config": {}, "subtipo": "lead_sem_contato"}, "html": "<div class=\\"title-box\\"><i class=\\"fas fa-bolt\\" style=\\"color:#f59e0b;\\"></i> Lead sem contato</div>", "name": "node_1", "class": "node_1", "pos_x": 100, "pos_y": 200, "inputs": {}, "outputs": {"output_1": {"connections": [{"node": "2", "output": "input_1"}]}}, "typenode": false}, "2": {"id": 2, "data": {"nome": "Verificar Campo", "tipo": "condition", "config": {"campo": "dias_sem_contato", "valor": "2", "operador": "maior_igual"}, "subtipo": "campo_check"}, "html": "<div class=\\"title-box\\"><i class=\\"fas fa-code-branch\\" style=\\"color:#f59e0b;\\"></i> Verificar Campo</div><div class=\\"box\\">Saida 1: Sim\\nSaida 2: Nao</div>", "name": "node_2", "class": "node_2", "pos_x": 380, "pos_y": 200, "inputs": {"input_1": {"connections": [{"node": "1", "input": "output_1"}]}}, "outputs": {"output_1": {"connections": [{"node": "3", "output": "input_1"}]}, "output_2": {"connections": []}}, "typenode": false}, "3": {"id": 3, "data": {"nome": "Notificacao", "tipo": "action", "config": {"template": "ALERTA: Lead {{lead_nome}} esta sem contato ha {{dias_sem_contato}} dias!"}, "subtipo": "notificacao_sistema"}, "html": "<div class=\\"title-box\\"><i class=\\"fas fa-bell\\" style=\\"color:#f59e0b;\\"></i> Notificacao</div><div class=\\"box\\">Clique para configurar</div>", "name": "node_3", "class": "node_3", "pos_x": 660, "pos_y": 200, "inputs": {"input_1": {"connections": [{"node": "2", "input": "output_1"}]}}, "outputs": {"output_1": {"connections": [{"node": "4", "output": "input_1"}]}}, "typenode": false}, "4": {"id": 4, "data": {"nome": "Criar Tarefa", "tipo": "action", "config": {"template": "Titulo: Recontatar {{lead_nome}}\\nTipo: ligacao\\nPrioridade: alta"}, "subtipo": "criar_tarefa"}, "html": "<div class=\\"title-box\\"><i class=\\"fas fa-tasks\\" style=\\"color:#3b82f6;\\"></i> Criar Tarefa</div><div class=\\"box\\">Clique para configurar</div>", "name": "node_4", "class": "node_4", "pos_x": 940, "pos_y": 200, "inputs": {"input_1": {"connections": [{"node": "3", "input": "output_1"}]}}, "outputs": {"output_1": {"connections": []}}, "typenode": false}}}}}	0	t	24	\N
55	Qualificar Lead Automaticamente	Quando novo lead criado: verifica score, se > 5 notifica equipe e cria tarefa, senao envia email.	lead_criado	t	2026-04-06 22:35:28.990669-03	2026-04-06 22:35:28.990669-03	0	0	0	\N	3	0	{}	0	t	24	\N
63	Criar oportunidade		lead_criado	t	2026-04-07 23:59:10.69124-03	2026-04-07 23:59:10.69124-03	52	52	0	8	7	0	{"drawflow": {"Home": {"data": {"1": {"id": 1, "data": {"nome": "Novo lead criado", "tipo": "trigger", "config": {}, "subtipo": "lead_criado"}, "html": "<div class=\\"title-box\\"><i class=\\"fas fa-bolt\\" style=\\"color:#f59e0b;\\"></i> Novo lead criado</div>", "name": "node_1", "class": "node_1", "pos_x": 208, "pos_y": 213, "inputs": {}, "outputs": {"output_1": {"connections": [{"node": "2", "output": "input_1"}]}}, "typenode": false}, "2": {"id": 2, "data": {"nome": "Criar Oportunidade", "tipo": "action", "config": {"titulo": "{{lead_nome}}", "estagio": "novo", "pipeline": "matriculas"}, "subtipo": "criar_oportunidade"}, "html": "<div class=\\"title-box\\"><i class=\\"fas fa-funnel-dollar\\" style=\\"color:#8b5cf6;\\"></i> Criar Oportunidade</div><div class=\\"box\\">Clique para configurar</div>", "name": "node_1", "class": "node_1", "pos_x": 510, "pos_y": 191, "inputs": {"input_1": {"connections": [{"node": "1", "input": "output_1"}]}}, "outputs": {"output_1": {"connections": []}}, "typenode": false}}}}}	0	t	24	\N
39	__TESTE__gatilho_lead_qualificado		lead_qualificado	f	2026-04-06 22:18:24.553558-03	2026-04-06 22:18:24.553558-03	1	1	0	\N	3	0	{}	0	t	24	\N
40	__TESTE__gatilho_oportunidade_movida		oportunidade_movida	f	2026-04-06 22:18:24.579439-03	2026-04-06 22:18:24.579439-03	1	1	0	\N	3	0	{}	0	t	24	\N
41	__TESTE__gatilho_venda_aprovada		venda_aprovada	f	2026-04-06 22:18:24.613464-03	2026-04-06 22:18:24.613464-03	1	1	0	\N	3	0	{}	0	t	24	\N
42	__TESTE__gatilho_docs_validados		docs_validados	f	2026-04-06 22:18:24.638747-03	2026-04-06 22:18:24.638747-03	1	1	0	\N	3	0	{}	0	t	24	\N
44	__TESTE__acao_criar_tarefa		lead_criado	f	2026-04-06 22:18:24.709705-03	2026-04-06 22:18:24.709705-03	6	6	0	\N	3	0	{}	0	t	24	\N
43	__TESTE__acao_notificacao_sistema		lead_criado	f	2026-04-06 22:18:24.66324-03	2026-04-06 22:18:24.66324-03	7	7	0	\N	3	0	{}	0	t	24	\N
38	__TESTE__gatilho_lead_criado		lead_criado	f	2026-04-06 22:18:24.440672-03	2026-04-06 22:18:24.440672-03	8	8	0	\N	3	0	{}	0	t	24	\N
4	Novo lead: notificar equipe		lead_criado	t	2026-04-06 01:08:09.647447-03	2026-04-06 01:08:09.647447-03	36	36	0	1	3	0	{"drawflow": {"Home": {"data": {"1": {"id": 1, "data": {"nome": "Novo lead criado", "tipo": "trigger", "config": {}, "subtipo": "lead_criado"}, "html": "<div class=\\"title-box\\"><i class=\\"fas fa-bolt\\" style=\\"color:#f59e0b;\\"></i> Novo lead criado</div>", "name": "node_1", "class": "node_1", "pos_x": 100, "pos_y": 200, "inputs": {}, "outputs": {"output_1": {"connections": [{"node": "2", "output": "input_1"}]}}, "typenode": false}, "2": {"id": 2, "data": {"nome": "Notificacao", "tipo": "action", "config": {"template": "Novo lead {{lead_nome}} via {{lead_origem}}. Telefone: {{lead_telefone}}"}, "subtipo": "notificacao_sistema"}, "html": "<div class=\\"title-box\\"><i class=\\"fas fa-bell\\" style=\\"color:#f59e0b;\\"></i> Notificacao</div><div class=\\"box\\">Clique para configurar</div>", "name": "node_2", "class": "node_2", "pos_x": 380, "pos_y": 200, "inputs": {"input_1": {"connections": [{"node": "1", "input": "output_1"}]}}, "outputs": {"output_1": {"connections": []}}, "typenode": false}}}}}	0	t	24	\N
47	__TESTE__fluxo_completo		lead_criado	f	2026-04-06 22:18:25.066678-03	2026-04-06 22:18:25.066678-03	1	1	0	\N	3	0	{}	0	t	24	\N
45	__TESTE__delay		lead_criado	f	2026-04-06 22:18:24.76822-03	2026-04-06 22:18:24.76822-03	1	1	0	\N	3	0	{}	0	t	24	\N
46	__TESTE__ratelimit		lead_criado	f	2026-04-06 22:18:24.857228-03	2026-04-06 22:18:24.857228-03	2	2	0	\N	3	0	{}	2	t	24	\N
60	__E2E__delay		lead_criado	f	2026-04-06 23:01:37.456745-03	2026-04-06 23:01:37.456745-03	1	1	0	\N	3	0	{}	0	t	24	\N
61	__E2E__ratelimit		lead_criado	f	2026-04-06 23:01:37.60139-03	2026-04-06 23:01:37.60139-03	2	2	0	\N	3	0	{}	2	t	24	\N
62	__E2E__fluxo_e2e		lead_criado	f	2026-04-06 23:01:37.972602-03	2026-04-06 23:01:37.972602-03	1	1	0	\N	3	0	{}	0	t	24	\N
59	__E2E__acao_tarefa		lead_criado	f	2026-04-06 23:01:37.338404-03	2026-04-06 23:01:37.338404-03	6	6	0	\N	3	0	{}	0	t	24	\N
58	__E2E__acao_notif		lead_criado	f	2026-04-06 23:01:37.255787-03	2026-04-06 23:01:37.255787-03	7	7	0	\N	3	0	{}	0	t	24	\N
57	__E2E__condicao_branch		lead_criado	f	2026-04-06 23:01:37.175341-03	2026-04-06 23:01:37.175341-03	8	8	0	\N	3	0	{}	0	t	24	\N
56	__E2E__gatilho_signal		lead_criado	f	2026-04-06 23:01:36.852118-03	2026-04-06 23:01:36.852118-03	9	9	0	\N	3	0	{}	0	t	24	\N
\.


--
-- Data for Name: cadastros_clientes; Type: TABLE DATA; Schema: public; Owner: -
--

COPY public.cadastros_clientes (id, nome_completo, cpf, rg, email, telefone, data_nascimento, cep, endereco, numero, bairro, cidade, estado, status, ip_cliente, user_agent, origem_cadastro, data_inicio, data_finalizacao, tempo_total_cadastro, tentativas_etapa, campos_preenchidos, erros_validacao, documentos_enviados, data_envio_documentos, contrato_aceito, data_aceite_contrato, tempo_leitura_contrato, ip_aceite_contrato, lead_gerado_id, tenant_id, vencimento_selecionado_id, plano_selecionado_id) FROM stdin;
\.


--
-- Data for Name: campanha_trafego; Type: TABLE DATA; Schema: public; Owner: -
--

COPY public.campanha_trafego (id, nome, codigo, descricao, palavra_chave, tipo_match, case_sensitive, plataforma, tipo_trafego, prioridade, ativa, data_inicio, data_fim, url_destino, orcamento, meta_leads, contador_deteccoes, ultima_deteccao, cor_identificacao, ordem_exibicao, observacoes, criado_em, atualizado_em, criado_por_id, tenant_id) FROM stdin;
4	Indicacao Amigos	indicacao		indicacao	parcial	f	whatsapp	organico	5	t	\N	\N		\N	\N	1	2026-04-03 22:49:27.106103-03	#667eea	0		2026-04-03 22:49:26.191031-03	2026-04-03 22:49:27.106103-03	\N	4
2	Facebook Promo 200MB	fb-200		fb-200	parcial	f	facebook	pago	5	t	\N	\N		\N	\N	1	2026-04-03 22:49:27.1101-03	#667eea	0		2026-04-03 22:49:26.187033-03	2026-04-03 22:49:27.111606-03	\N	4
3	Instagram Stories	ig-stories		ig-stories	parcial	f	instagram	pago	5	t	\N	\N		\N	\N	1	2026-04-03 22:49:27.132622-03	#667eea	0		2026-04-03 22:49:26.189032-03	2026-04-03 22:49:27.132622-03	\N	4
1	Google Ads Teresina	google-the		google-the	parcial	f	google_ads	pago	5	t	\N	\N		\N	\N	1	2026-04-03 22:49:27.142689-03	#667eea	0		2026-04-03 22:49:26.180916-03	2026-04-03 22:49:27.143198-03	\N	4
5	WhatsApp Organico	wpp-org		wpp-org	parcial	f	whatsapp	organico	5	t	\N	\N		\N	\N	6	2026-04-03 22:49:27.147164-03	#667eea	0		2026-04-03 22:49:26.193562-03	2026-04-03 22:49:27.147164-03	\N	4
\.


--
-- Data for Name: campos_customizados; Type: TABLE DATA; Schema: public; Owner: -
--

COPY public.campos_customizados (id, nome, slug, tipo, opcoes, obrigatorio, ordem, ativo, tenant_id, entidade) FROM stdin;
1	teste	teste	texto	[]	f	0	t	3	lead
\.


--
-- Data for Name: carteirinha_carteirinhamembro; Type: TABLE DATA; Schema: public; Owner: -
--

COPY public.carteirinha_carteirinhamembro (id, foto, data_emissao, data_validade, ativo, membro_id, tenant_id, modelo_id) FROM stdin;
\.


--
-- Data for Name: carteirinha_modelocarteirinha; Type: TABLE DATA; Schema: public; Owner: -
--

COPY public.carteirinha_modelocarteirinha (id, nome, descricao, tipo_fundo, cor_fundo_primaria, cor_fundo_secundaria, imagem_fundo, cor_texto, cor_texto_secundario, cor_destaque, logo, texto_marca, mostrar_nome, mostrar_cpf, mostrar_nivel, mostrar_data_emissao, mostrar_data_validade, mostrar_qr_code, mostrar_foto, mostrar_pontos, mostrar_cidade, texto_rodape, ativo, data_criacao, tenant_id) FROM stdin;
\.


--
-- Data for Name: carteirinha_regraatribuicao; Type: TABLE DATA; Schema: public; Owner: -
--

COPY public.carteirinha_regraatribuicao (id, tipo, pontuacao_minima, cidade, prioridade, ativo, modelo_id, nivel_id, tenant_id) FROM stdin;
\.


--
-- Data for Name: clientes_hubsoft; Type: TABLE DATA; Schema: public; Owner: -
--

COPY public.clientes_hubsoft (id, id_cliente, uuid_cliente, codigo_cliente, nome_razaosocial, nome_fantasia, tipo_pessoa, cpf_cnpj, telefone_primario, telefone_secundario, telefone_terciario, email_principal, email_secundario, rg, rg_emissao, inscricao_municipal, inscricao_estadual, data_cadastro_hubsoft, data_nascimento, nome_pai, nome_mae, estado_civil, genero, nacionalidade, profissao, alerta, alerta_mensagens, ativo, id_origem_cliente, origem_cliente, motivo_contratacao, id_externo, grupos, dados_completos, data_atualizacao_hubsoft, data_sync, data_criacao, houve_alteracao, historico_alteracoes, lead_id, tenant_id) FROM stdin;
\.


--
-- Data for Name: configuracao_sistema; Type: TABLE DATA; Schema: public; Owner: -
--

COPY public.configuracao_sistema (id, chave, valor, descricao, tipo, data_criacao, data_atualizacao, ativo, tenant_id) FROM stdin;
\.


--
-- Data for Name: configuracoes_cadastro; Type: TABLE DATA; Schema: public; Owner: -
--

COPY public.configuracoes_cadastro (id, empresa, titulo_pagina, subtitulo_pagina, logo_url, background_type, background_color_1, background_color_2, background_image_url, primary_color, secondary_color, success_color, error_color, telefone_suporte, whatsapp_suporte, email_suporte, mostrar_selecao_plano, cpf_obrigatorio, email_obrigatorio, telefone_obrigatorio, endereco_obrigatorio, validar_cep, validar_cpf, mostrar_progress_bar, numero_etapas, mensagem_sucesso, instrucoes_pos_cadastro, criar_lead_automatico, id_origem, id_origem_servico, id_vendedor, origem_lead_padrao, enviar_email_confirmacao, enviar_whatsapp_confirmacao, captcha_obrigatorio, limite_tentativas_dia, solicitar_documentacao, texto_instrucao_selfie, texto_instrucao_doc_frente, texto_instrucao_doc_verso, tamanho_max_arquivo_mb, formatos_aceitos, exibir_contrato, titulo_contrato, texto_contrato, tempo_minimo_leitura_segundos, texto_aceite_contrato, ativo, data_criacao, data_atualizacao, tenant_id, plano_padrao_id) FROM stdin;
\.


--
-- Data for Name: configuracoes_recontato; Type: TABLE DATA; Schema: public; Owner: -
--

COPY public.configuracoes_recontato (id, mensagem, tempo_recontato, ativo, tenant_id) FROM stdin;
\.


--
-- Data for Name: crm_alertas_retencao; Type: TABLE DATA; Schema: public; Owner: -
--

COPY public.crm_alertas_retencao (id, tipo_alerta, nivel_risco, score_churn, descricao, status, data_expiracao_contrato, data_detectado, data_resolucao, acoes_tomadas, cliente_hubsoft_id, lead_id, responsavel_id, tenant_id, oportunidade_id) FROM stdin;
\.


--
-- Data for Name: crm_configuracao; Type: TABLE DATA; Schema: public; Owner: -
--

COPY public.crm_configuracao (id, sla_alerta_horas_padrao, criar_oportunidade_automatico, score_minimo_auto_criacao, notificar_responsavel_nova_oportunidade, notificar_sla_breach, webhook_n8n_nova_oportunidade, webhook_n8n_mudanca_estagio, webhook_n8n_tarefa_vencida, data_atualizacao, tenant_id, estagio_inicial_padrao_id, pipeline_padrao_id) FROM stdin;
2	48	t	7	t	t	\N	\N	\N	2026-04-03 22:49:26.229626-03	4	8	2
1	48	t	7	t	t	\N	\N	\N	2026-04-06 01:06:32.532715-03	3	18	3
3	48	t	7	t	t	\N	\N	\N	2026-04-08 00:17:17.303729-03	7	\N	\N
4	48	t	7	t	t	\N	\N	\N	2026-04-09 09:30:36.469563-03	8	\N	\N
\.


--
-- Data for Name: crm_equipes; Type: TABLE DATA; Schema: public; Owner: -
--

COPY public.crm_equipes (id, nome, descricao, cor_hex, ativo, data_criacao, lider_id, tenant_id) FROM stdin;
1	Equipe Comercial	Equipe principal de vendas	#3b82f6	t	2026-04-03 22:49:26.249718-03	2	4
2	Equipe Comercial Aurora	Time comercial B2B	#8b5cf6	t	2026-04-03 22:49:29.468873-03	5	3
3	Equipe Comercial		#667eea	t	2026-04-09 09:30:36.473522-03	10	8
\.


--
-- Data for Name: crm_historico_estagio; Type: TABLE DATA; Schema: public; Owner: -
--

COPY public.crm_historico_estagio (id, motivo, tempo_no_estagio_horas, data_transicao, movido_por_id, tenant_id, oportunidade_id, estagio_anterior_id, estagio_novo_id) FROM stdin;
1	Movido via API N8N	21.19	2026-04-07 15:26:07.18519-03	\N	\N	51	18	9
4	Conversão automática via IVR/atendimento	0.11	2026-04-09 09:37:11.14893-03	\N	\N	65	18	12
\.


--
-- Data for Name: crm_membros_segmento; Type: TABLE DATA; Schema: public; Owner: -
--

COPY public.crm_membros_segmento (id, adicionado_manualmente, data_adicao, adicionado_por_id, lead_id, tenant_id, segmento_id) FROM stdin;
14	f	2026-04-06 18:14:40.16694-03	\N	52	3	2
15	f	2026-04-06 18:14:40.170798-03	\N	52	3	3
16	f	2026-04-06 21:32:21.373759-03	\N	53	3	2
19	f	2026-04-06 22:18:24.412666-03	\N	56	3	2
20	f	2026-04-06 22:31:22.716074-03	\N	57	3	2
22	f	2026-04-06 23:01:36.787542-03	\N	59	3	2
24	f	2026-04-09 09:55:30.328184-03	9	81	8	6
25	f	2026-04-09 09:55:30.330691-03	9	86	8	6
26	f	2026-04-09 09:55:30.331691-03	9	77	8	6
27	f	2026-04-09 09:55:30.333194-03	9	70	8	6
28	f	2026-04-09 09:55:30.336713-03	9	81	8	7
29	f	2026-04-09 09:55:30.338221-03	9	73	8	7
30	f	2026-04-09 09:55:30.339815-03	9	70	8	7
31	f	2026-04-09 09:55:30.34082-03	9	91	8	7
32	f	2026-04-09 09:55:30.342324-03	9	68	8	7
33	f	2026-04-09 09:55:30.343337-03	9	87	8	7
34	f	2026-04-09 09:55:30.344335-03	9	71	8	7
35	f	2026-04-09 09:55:30.348316-03	9	70	8	8
36	f	2026-04-09 09:55:30.349329-03	9	75	8	8
37	f	2026-04-09 09:55:30.351615-03	9	67	8	8
38	f	2026-04-09 09:55:30.355489-03	9	73	8	9
39	f	2026-04-09 09:55:30.357499-03	9	76	8	9
40	f	2026-04-09 09:55:30.358516-03	9	69	8	9
41	f	2026-04-09 09:55:30.359514-03	9	91	8	9
42	f	2026-04-09 09:55:30.361499-03	9	75	8	9
43	f	2026-04-09 09:55:30.362531-03	9	79	8	9
44	f	2026-04-09 09:55:30.363588-03	9	90	8	9
45	f	2026-04-09 09:55:30.365094-03	9	78	8	9
46	f	2026-04-09 09:55:30.366121-03	9	89	8	9
47	f	2026-04-09 09:55:30.36975-03	9	72	8	10
48	f	2026-04-09 09:55:30.370795-03	9	69	8	10
49	f	2026-04-09 09:55:30.371771-03	9	84	8	10
50	f	2026-04-09 09:55:30.37277-03	9	89	8	10
51	f	2026-04-09 09:55:30.37277-03	9	75	8	10
52	f	2026-04-09 09:55:30.374871-03	9	90	8	10
53	f	2026-04-09 09:55:30.37677-03	9	67	8	10
54	f	2026-04-09 09:55:30.377786-03	9	76	8	10
55	f	2026-04-09 09:55:30.379381-03	9	91	8	10
56	f	2026-04-09 09:55:30.379904-03	9	74	8	10
57	f	2026-04-10 04:04:31.089139-03	\N	100	7	14
58	f	2026-04-10 04:04:31.096809-03	\N	100	7	15
59	f	2026-04-10 04:04:31.100815-03	\N	100	7	16
60	f	2026-04-10 04:04:31.104403-03	\N	100	7	13
61	f	2026-04-10 04:04:31.109966-03	\N	100	7	12
62	f	2026-04-10 04:08:55.198408-03	\N	101	7	14
63	f	2026-04-10 04:08:55.20662-03	\N	101	7	15
64	f	2026-04-10 04:08:55.211161-03	\N	101	7	16
65	f	2026-04-10 04:08:55.215032-03	\N	101	7	13
66	f	2026-04-10 04:08:55.221581-03	\N	101	7	12
67	f	2026-04-10 04:12:06.349989-03	\N	102	7	14
68	f	2026-04-10 04:12:06.352973-03	\N	102	7	15
69	f	2026-04-10 04:12:06.355438-03	\N	102	7	16
70	f	2026-04-10 04:12:06.358661-03	\N	102	7	13
71	f	2026-04-10 04:12:06.361665-03	\N	102	7	12
72	f	2026-04-10 04:15:00.772821-03	\N	99	7	14
73	f	2026-04-10 04:15:00.777995-03	\N	99	7	15
74	f	2026-04-10 04:15:00.781588-03	\N	99	7	16
75	f	2026-04-10 04:15:00.785036-03	\N	99	7	13
76	f	2026-04-10 04:15:00.792733-03	\N	99	7	12
77	f	2026-04-10 04:19:25.141346-03	\N	103	7	14
78	f	2026-04-10 04:19:25.144038-03	\N	103	7	15
79	f	2026-04-10 04:19:25.146218-03	\N	103	7	16
80	f	2026-04-10 04:19:25.147947-03	\N	103	7	13
81	f	2026-04-10 04:19:25.151512-03	\N	103	7	12
82	f	2026-04-10 04:20:44.76379-03	\N	104	7	14
83	f	2026-04-10 04:20:44.766296-03	\N	104	7	15
84	f	2026-04-10 04:20:44.768618-03	\N	104	7	16
85	f	2026-04-10 04:20:44.769618-03	\N	104	7	13
86	f	2026-04-10 04:20:44.772805-03	\N	104	7	12
87	f	2026-04-10 04:23:10.065978-03	\N	105	7	14
88	f	2026-04-10 04:23:10.070526-03	\N	105	7	15
89	f	2026-04-10 04:23:10.073692-03	\N	105	7	16
90	f	2026-04-10 04:23:10.077263-03	\N	105	7	13
91	f	2026-04-10 04:23:10.0804-03	\N	105	7	12
92	f	2026-04-10 04:23:23.973038-03	\N	106	7	14
93	f	2026-04-10 04:23:23.97774-03	\N	106	7	15
94	f	2026-04-10 04:23:23.981955-03	\N	106	7	16
95	f	2026-04-10 04:23:23.984487-03	\N	106	7	13
96	f	2026-04-10 04:23:23.988611-03	\N	106	7	12
97	f	2026-04-10 04:23:53.934171-03	\N	107	7	14
98	f	2026-04-10 04:23:53.937842-03	\N	107	7	15
99	f	2026-04-10 04:23:53.939647-03	\N	107	7	16
100	f	2026-04-10 04:23:53.941657-03	\N	107	7	13
101	f	2026-04-10 04:23:53.945952-03	\N	107	7	12
102	f	2026-04-10 04:30:38.683643-03	\N	108	7	14
103	f	2026-04-10 04:30:38.687682-03	\N	108	7	15
104	f	2026-04-10 04:30:38.690209-03	\N	108	7	16
105	f	2026-04-10 04:30:38.69278-03	\N	108	7	13
106	f	2026-04-10 04:30:38.697081-03	\N	108	7	12
107	f	2026-04-10 04:32:13.597538-03	\N	109	7	14
108	f	2026-04-10 04:32:13.599552-03	\N	109	7	15
109	f	2026-04-10 04:32:13.60155-03	\N	109	7	16
110	f	2026-04-10 04:32:13.60406-03	\N	109	7	13
111	f	2026-04-10 04:32:13.606564-03	\N	109	7	12
112	f	2026-04-10 04:32:48.800156-03	\N	110	7	14
113	f	2026-04-10 04:32:48.802666-03	\N	110	7	15
114	f	2026-04-10 04:32:48.804672-03	\N	110	7	16
115	f	2026-04-10 04:32:48.80667-03	\N	110	7	13
116	f	2026-04-10 04:32:48.80867-03	\N	110	7	12
122	f	2026-04-10 04:38:41.782683-03	\N	112	7	14
123	f	2026-04-10 04:38:41.789875-03	\N	112	7	15
124	f	2026-04-10 04:38:41.790874-03	\N	112	7	16
125	f	2026-04-10 04:38:41.792378-03	\N	112	7	13
126	f	2026-04-10 04:38:41.794397-03	\N	112	7	12
142	f	2026-04-10 05:11:44.067269-03	\N	116	7	14
143	f	2026-04-10 05:11:44.088077-03	\N	116	7	15
144	f	2026-04-10 05:11:44.091147-03	\N	116	7	16
145	f	2026-04-10 05:11:44.092656-03	\N	116	7	13
146	f	2026-04-10 05:11:44.095166-03	\N	116	7	12
168	f	2026-04-10 06:46:01.34866-03	\N	121	7	14
169	f	2026-04-10 06:46:01.352967-03	\N	121	7	15
170	f	2026-04-10 06:46:01.355522-03	\N	121	7	16
171	f	2026-04-10 06:46:01.358028-03	\N	121	7	13
172	f	2026-04-10 06:46:01.361705-03	\N	121	7	12
173	f	2026-04-10 06:47:23.286897-03	\N	122	7	14
174	f	2026-04-10 06:47:23.289486-03	\N	122	7	15
175	f	2026-04-10 06:47:23.292623-03	\N	122	7	16
176	f	2026-04-10 06:47:23.295242-03	\N	122	7	13
177	f	2026-04-10 06:47:23.297753-03	\N	122	7	12
178	f	2026-04-10 06:48:31.400613-03	\N	122	7	11
179	f	2026-04-10 06:49:16.492024-03	\N	123	7	14
180	f	2026-04-10 06:49:16.496376-03	\N	123	7	15
181	f	2026-04-10 06:49:16.499396-03	\N	123	7	16
182	f	2026-04-10 06:49:16.501396-03	\N	123	7	13
183	f	2026-04-10 06:49:16.506929-03	\N	123	7	12
184	f	2026-04-10 06:54:39.670532-03	\N	66	7	14
185	f	2026-04-10 06:54:39.675055-03	\N	66	7	15
186	f	2026-04-10 06:54:39.678517-03	\N	66	7	16
187	f	2026-04-10 06:54:39.681248-03	\N	66	7	13
188	f	2026-04-10 06:54:39.686757-03	\N	66	7	12
195	f	2026-04-10 07:14:16.755938-03	\N	124	7	14
196	f	2026-04-10 07:14:16.76296-03	\N	124	7	15
197	f	2026-04-10 07:14:16.767047-03	\N	124	7	16
198	f	2026-04-10 07:14:16.77159-03	\N	124	7	13
199	f	2026-04-10 07:14:16.778012-03	\N	124	7	17
200	f	2026-04-10 07:14:16.782032-03	\N	124	7	12
201	f	2026-04-10 10:50:10.321083-03	\N	125	7	14
202	f	2026-04-10 10:50:10.324614-03	\N	125	7	15
203	f	2026-04-10 10:50:10.326621-03	\N	125	7	16
204	f	2026-04-10 10:50:10.328129-03	\N	125	7	13
205	f	2026-04-10 10:50:10.332984-03	\N	125	7	12
206	f	2026-04-10 10:52:58.077274-03	\N	126	7	14
207	f	2026-04-10 10:52:58.07941-03	\N	126	7	15
208	f	2026-04-10 10:52:58.081017-03	\N	126	7	16
209	f	2026-04-10 10:52:58.084079-03	\N	126	7	13
210	f	2026-04-10 10:52:58.086947-03	\N	126	7	12
211	f	2026-04-10 10:55:01.125816-03	\N	127	7	14
212	f	2026-04-10 10:55:01.128875-03	\N	127	7	15
213	f	2026-04-10 10:55:01.13188-03	\N	127	7	16
214	f	2026-04-10 10:55:01.134414-03	\N	127	7	13
215	f	2026-04-10 10:55:01.138694-03	\N	127	7	12
284	f	2026-04-10 12:36:59.135939-03	\N	141	7	14
285	f	2026-04-10 12:36:59.140488-03	\N	141	7	15
286	f	2026-04-10 12:36:59.146552-03	\N	141	7	16
287	f	2026-04-10 12:36:59.149562-03	\N	141	7	13
288	f	2026-04-10 12:36:59.155003-03	\N	141	7	12
300	f	2026-04-10 13:03:30.218326-03	\N	144	7	14
301	f	2026-04-10 13:03:30.225576-03	\N	144	7	15
302	f	2026-04-10 13:03:30.229133-03	\N	144	7	16
303	f	2026-04-10 13:03:30.231379-03	\N	144	7	13
304	f	2026-04-10 13:03:30.235379-03	\N	144	7	12
305	f	2026-04-10 13:05:15.812156-03	\N	144	7	11
306	f	2026-04-10 13:05:31.55192-03	\N	145	7	14
307	f	2026-04-10 13:05:31.556577-03	\N	145	7	15
308	f	2026-04-10 13:05:31.56159-03	\N	145	7	16
309	f	2026-04-10 13:05:31.564689-03	\N	145	7	13
310	f	2026-04-10 13:05:31.571786-03	\N	145	7	12
\.


--
-- Data for Name: crm_metas_vendas; Type: TABLE DATA; Schema: public; Owner: -
--

COPY public.crm_metas_vendas (id, tipo, periodo, data_inicio, data_fim, meta_vendas_quantidade, meta_vendas_valor, meta_leads_qualificados, meta_contatos, realizado_vendas_quantidade, realizado_vendas_valor, realizado_leads, data_criacao, criado_por_id, equipe_id, tenant_id, vendedor_id) FROM stdin;
1	individual	mensal	2026-04-01	2026-04-30	22	12958.00	58	0	0	0.00	0	2026-04-03 22:49:27.061502-03	1	\N	4	2
2	individual	mensal	2026-04-01	2026-04-30	28	10267.00	37	0	0	0.00	0	2026-04-03 22:49:27.071046-03	1	\N	4	3
3	individual	mensal	2026-04-01	2026-04-30	25	10683.00	52	0	0	0.00	0	2026-04-03 22:49:27.075313-03	1	\N	4	4
\.


--
-- Data for Name: crm_notas_internas; Type: TABLE DATA; Schema: public; Owner: -
--

COPY public.crm_notas_internas (id, conteudo, tipo, is_fixada, data_criacao, data_edicao, editado, autor_id, lead_id, tenant_id, oportunidade_id) FROM stdin;
1	Documentos enviados, aguardando validacao.	ligacao	f	2026-04-03 22:49:27.004478-03	\N	f	2	30	4	30
2	Mora em area de cobertura nova, verificar viabilidade.	geral	f	2026-04-03 22:49:27.018652-03	\N	f	4	29	4	29
3	Documentos enviados, aguardando validacao.	reuniao	f	2026-04-03 22:49:27.022711-03	\N	f	3	28	4	28
4	Contrato assinado digitalmente.	ligacao	f	2026-04-03 22:49:27.027742-03	\N	f	4	27	4	27
5	Contrato assinado digitalmente.	reuniao	f	2026-04-03 22:49:27.032765-03	\N	f	3	26	4	26
6	Mora em area de cobertura nova, verificar viabilidade.	reuniao	f	2026-04-03 22:49:27.038289-03	\N	f	2	25	4	25
7	Indicacao do cliente Jose, dar prioridade.	geral	f	2026-04-03 22:49:27.042535-03	\N	f	3	24	4	24
8	Mora em area de cobertura nova, verificar viabilidade.	importante	f	2026-04-03 22:49:27.046072-03	\N	f	2	23	4	23
9	Cliente muito interessado, pediu detalhes do plano.	geral	f	2026-04-03 22:49:27.049063-03	\N	f	4	22	4	22
10	Cliente muito interessado, pediu detalhes do plano.	reuniao	f	2026-04-03 22:49:27.052569-03	\N	f	3	21	4	21
\.


--
-- Data for Name: crm_notas_internas_mencoes; Type: TABLE DATA; Schema: public; Owner: -
--

COPY public.crm_notas_internas_mencoes (id, notainterna_id, user_id) FROM stdin;
\.


--
-- Data for Name: crm_oportunidades; Type: TABLE DATA; Schema: public; Owner: -
--

COPY public.crm_oportunidades (id, titulo, valor_estimado, probabilidade, data_fechamento_previsto, data_fechamento_real, origem_crm, prioridade, data_entrada_estagio, motivo_perda, concorrente_perdido, contrato_hubsoft_id, churn_risk_score, data_criacao, data_atualizacao, ativo, criado_por_id, lead_id, plano_interesse_id, responsavel_id, tenant_id, estagio_id, pipeline_id, dados_custom) FROM stdin;
1	Ana Paula Ferreira	99.90	10	\N	\N	automatico	normal	2026-04-03 22:49:26.831399-03	\N	\N	\N	\N	2026-04-03 22:49:26.831399-03	2026-04-03 22:49:26.831399-03	t	\N	1	\N	2	4	8	2	{}
2	Carlos Eduardo Souza	79.90	10	\N	\N	automatico	normal	2026-04-03 22:49:26.847098-03	\N	\N	\N	\N	2026-04-03 22:49:26.847098-03	2026-04-03 22:49:26.847098-03	t	\N	2	\N	3	4	8	2	{}
3	Fernanda Costa Lima	79.90	10	\N	\N	automatico	normal	2026-04-03 22:49:26.851099-03	\N	\N	\N	\N	2026-04-03 22:49:26.851099-03	2026-04-03 22:49:26.851099-03	t	\N	3	\N	2	4	8	2	{}
4	Roberto Silva Neto	149.90	10	\N	\N	manual	normal	2026-04-03 22:49:26.854158-03	\N	\N	\N	\N	2026-04-03 22:49:26.854158-03	2026-04-03 22:49:26.856009-03	t	\N	4	\N	3	4	8	2	{}
5	Juliana Mendes Rocha	129.90	10	\N	\N	automatico	normal	2026-04-03 22:49:26.860055-03	\N	\N	\N	\N	2026-04-03 22:49:26.860055-03	2026-04-03 22:49:26.860055-03	t	\N	5	\N	2	4	8	2	{}
6	Pedro Henrique Almeida	149.90	30	\N	\N	automatico	normal	2026-04-03 22:49:26.862601-03	\N	\N	\N	\N	2026-04-03 22:49:26.862601-03	2026-04-03 22:49:26.862601-03	t	\N	6	\N	2	4	9	2	{}
7	Mariana Barbosa Santos	79.90	30	\N	\N	manual	normal	2026-04-03 22:49:26.865271-03	\N	\N	\N	\N	2026-04-03 22:49:26.865271-03	2026-04-03 22:49:26.865271-03	t	\N	7	\N	4	4	9	2	{}
8	Lucas Gabriel Oliveira	199.90	30	\N	\N	automatico	normal	2026-04-03 22:49:26.870971-03	\N	\N	\N	\N	2026-04-03 22:49:26.870971-03	2026-04-03 22:49:26.870971-03	t	\N	8	\N	4	4	9	2	{}
9	Camila Rodrigues	79.90	30	\N	\N	manual	normal	2026-04-03 22:49:26.875-03	\N	\N	\N	\N	2026-04-03 22:49:26.875-03	2026-04-03 22:49:26.875-03	t	\N	9	\N	2	4	9	2	{}
10	Thiago Nascimento	199.90	30	\N	\N	manual	normal	2026-04-03 22:49:26.879042-03	\N	\N	\N	\N	2026-04-03 22:49:26.879042-03	2026-04-03 22:49:26.879042-03	t	\N	10	\N	2	4	9	2	{}
11	Patricia Gomes Duarte	129.90	30	\N	\N	manual	normal	2026-04-03 22:49:26.881038-03	\N	\N	\N	\N	2026-04-03 22:49:26.881038-03	2026-04-03 22:49:26.881038-03	t	\N	11	\N	4	4	9	2	{}
12	Rafael Moreira	149.90	30	\N	\N	manual	normal	2026-04-03 22:49:26.884693-03	\N	\N	\N	\N	2026-04-03 22:49:26.884693-03	2026-04-03 22:49:26.884693-03	t	\N	12	\N	4	4	9	2	{}
13	Beatriz Carvalho	199.90	30	\N	\N	automatico	normal	2026-04-03 22:49:26.886692-03	\N	\N	\N	\N	2026-04-03 22:49:26.887692-03	2026-04-03 22:49:26.887692-03	t	\N	13	\N	4	4	9	2	{}
14	Anderson Pereira Pinto	99.90	60	\N	\N	manual	normal	2026-04-03 22:49:26.887692-03	\N	\N	\N	\N	2026-04-03 22:49:26.887692-03	2026-04-03 22:49:26.887692-03	t	\N	14	\N	4	4	10	2	{}
15	Larissa Souza	79.90	60	\N	\N	automatico	normal	2026-04-03 22:49:26.888779-03	\N	\N	\N	\N	2026-04-03 22:49:26.88978-03	2026-04-03 22:49:26.88978-03	t	\N	15	\N	2	4	10	2	{}
16	Felipe Martins	149.90	60	\N	\N	automatico	normal	2026-04-03 22:49:26.890781-03	\N	\N	\N	\N	2026-04-03 22:49:26.890781-03	2026-04-03 22:49:26.890781-03	t	\N	16	\N	2	4	10	2	{}
17	Isabela Ramos	99.90	60	\N	\N	manual	normal	2026-04-03 22:49:26.893801-03	\N	\N	\N	\N	2026-04-03 22:49:26.894317-03	2026-04-03 22:49:26.894317-03	t	\N	17	\N	4	4	10	2	{}
18	Bruno Costa	79.90	60	\N	\N	manual	normal	2026-04-03 22:49:26.89483-03	\N	\N	\N	\N	2026-04-03 22:49:26.89483-03	2026-04-03 22:49:26.89483-03	t	\N	18	\N	2	4	10	2	{}
19	Amanda Vieira	129.90	60	\N	\N	manual	normal	2026-04-03 22:49:26.896646-03	\N	\N	\N	\N	2026-04-03 22:49:26.896646-03	2026-04-03 22:49:26.896646-03	t	\N	19	\N	4	4	10	2	{}
20	Diego Fernandes	199.90	60	\N	\N	automatico	normal	2026-04-03 22:49:26.900851-03	\N	\N	\N	\N	2026-04-03 22:49:26.900851-03	2026-04-03 22:49:26.900851-03	t	\N	20	\N	3	4	10	2	{}
21	Priscila Araujo	79.90	85	\N	\N	automatico	normal	2026-04-03 22:49:26.901838-03	\N	\N	\N	\N	2026-04-03 22:49:26.902347-03	2026-04-03 22:49:26.902347-03	t	\N	21	\N	3	4	11	2	{}
22	Gustavo Ribeiro	99.90	85	\N	\N	automatico	normal	2026-04-03 22:49:26.903354-03	\N	\N	\N	\N	2026-04-03 22:49:26.903354-03	2026-04-03 22:49:26.903354-03	t	\N	22	\N	4	4	11	2	{}
23	Natalia Freitas	149.90	85	\N	\N	automatico	normal	2026-04-03 22:49:26.904354-03	\N	\N	\N	\N	2026-04-03 22:49:26.90491-03	2026-04-03 22:49:26.90491-03	t	\N	23	\N	2	4	11	2	{}
24	Renato Dias	149.90	85	\N	\N	automatico	normal	2026-04-03 22:49:26.905902-03	\N	\N	\N	\N	2026-04-03 22:49:26.905902-03	2026-04-03 22:49:26.905902-03	t	\N	24	\N	3	4	11	2	{}
25	Vanessa Lopes	199.90	85	\N	\N	manual	normal	2026-04-03 22:49:26.906907-03	\N	\N	\N	\N	2026-04-03 22:49:26.906907-03	2026-04-03 22:49:26.906907-03	t	\N	25	\N	2	4	11	2	{}
26	Marcos Teixeira	99.90	100	\N	\N	manual	normal	2026-04-03 22:49:26.908415-03	\N	\N	\N	\N	2026-04-03 22:49:26.908415-03	2026-04-03 22:49:26.908415-03	t	\N	26	\N	3	4	12	2	{}
27	Aline Nascimento	79.90	100	\N	\N	manual	normal	2026-04-03 22:49:26.911933-03	\N	\N	\N	\N	2026-04-03 22:49:26.911933-03	2026-04-03 22:49:26.911933-03	t	\N	27	\N	4	4	12	2	{}
28	Eduardo Barros	99.90	100	\N	\N	manual	normal	2026-04-03 22:49:26.913472-03	\N	\N	\N	\N	2026-04-03 22:49:26.913472-03	2026-04-03 22:49:26.913472-03	t	\N	28	\N	3	4	12	2	{}
29	Sabrina Monteiro	79.90	0	\N	\N	manual	normal	2026-04-03 22:49:26.91502-03	\N	\N	\N	\N	2026-04-03 22:49:26.91502-03	2026-04-03 22:49:26.91502-03	t	\N	29	\N	4	4	13	2	{}
30	Henrique Cardoso	99.90	0	\N	\N	automatico	normal	2026-04-03 22:49:26.915563-03	\N	\N	\N	\N	2026-04-03 22:49:26.915563-03	2026-04-03 22:49:26.915563-03	t	\N	30	\N	2	4	13	2	{}
79	titulo: Roberto Nunes	0.00	50	\N	\N	automatico	normal	2026-04-09 09:37:11.203623-03	\N	\N	\N	\N	2026-04-09 09:37:11.203623-03	2026-04-09 09:37:11.203623-03	t	\N	87	\N	\N	8	34	6	{}
80	titulo: Carla Dias	0.00	50	\N	\N	automatico	normal	2026-04-09 09:37:11.231675-03	\N	\N	\N	\N	2026-04-09 09:37:11.231675-03	2026-04-09 09:37:11.231675-03	t	\N	88	\N	\N	8	34	6	{}
81	titulo: Diego Rocha	0.00	50	\N	\N	automatico	normal	2026-04-09 09:37:11.244312-03	\N	\N	\N	\N	2026-04-09 09:37:11.244312-03	2026-04-09 09:37:11.244312-03	t	\N	89	\N	\N	8	34	6	{}
82	titulo: Priscila Lopes	0.00	50	\N	\N	automatico	normal	2026-04-09 09:37:11.258006-03	\N	\N	\N	\N	2026-04-09 09:37:11.258006-03	2026-04-09 09:37:11.258006-03	t	\N	90	\N	\N	8	34	6	{}
83	titulo: Marcelo Teixeira	0.00	50	\N	\N	automatico	normal	2026-04-09 09:37:11.270645-03	\N	\N	\N	\N	2026-04-09 09:37:11.270645-03	2026-04-09 09:37:11.270645-03	t	\N	91	\N	\N	8	34	6	{}
106		0.00	50	\N	\N	automatico	normal	2026-04-10 05:11:44.123003-03	\N	\N	\N	\N	2026-04-10 05:11:44.123003-03	2026-04-10 05:11:44.123003-03	t	\N	116	\N	\N	7	28	5	{}
91	Lead Teste	0.00	50	\N	\N	automatico	normal	2026-04-10 04:08:55.281584-03	\N	\N	\N	\N	2026-04-10 04:08:55.281584-03	2026-04-10 04:08:55.281584-03	t	\N	101	\N	\N	7	28	5	{}
85		0.00	50	\N	\N	automatico	normal	2026-04-09 16:07:31.269703-03	\N	\N	\N	\N	2026-04-09 16:07:31.270704-03	2026-04-09 16:07:31.270704-03	t	\N	93	\N	\N	7	9	5	{"forma_ingresso": "ENEM", "curso_interesse": "Direito"}
131		0.00	50	\N	\N	automatico	normal	2026-04-10 12:36:59.185325-03	\N	\N	\N	\N	2026-04-10 12:36:59.186832-03	2026-04-10 12:36:59.186832-03	t	\N	141	\N	\N	7	28	5	{}
89	Lead Teste	0.00	50	\N	\N	automatico	normal	2026-04-09 23:20:39.704706-03	\N	\N	\N	\N	2026-04-09 23:20:39.704706-03	2026-04-09 23:20:39.704706-03	t	\N	99	\N	\N	7	28	5	{"curso_interesse": "Direito"}
95	Teste	0.00	50	\N	\N	automatico	normal	2026-04-10 04:23:10.108567-03	\N	\N	\N	\N	2026-04-10 04:23:10.108567-03	2026-04-10 04:23:10.108567-03	t	\N	105	\N	\N	7	28	5	{}
93		0.00	50	\N	\N	automatico	normal	2026-04-10 04:19:25.177324-03	\N	\N	\N	\N	2026-04-10 04:19:25.177324-03	2026-04-10 04:19:25.177324-03	t	\N	103	\N	\N	7	31	5	{"forma_ingresso": "Prova Online", "curso_interesse": "Direito"}
97		0.00	50	\N	\N	automatico	normal	2026-04-10 04:23:53.973742-03	\N	\N	\N	\N	2026-04-10 04:23:53.973742-03	2026-04-10 04:23:53.973742-03	t	\N	107	\N	\N	7	30	5	{"forma_ingresso": "ENEM", "curso_interesse": "Direito"}
112		0.00	50	\N	\N	automatico	normal	2026-04-10 06:47:23.32324-03	\N	\N	\N	\N	2026-04-10 06:47:23.32324-03	2026-04-10 06:47:23.32324-03	t	\N	122	\N	\N	7	32	5	{"como_conheceu": "Google", "forma_ingresso": "ENEM", "curso_interesse": "Direito"}
99		0.00	50	\N	\N	automatico	normal	2026-04-10 04:32:13.627614-03	\N	\N	\N	\N	2026-04-10 04:32:13.627614-03	2026-04-10 04:32:13.627614-03	t	\N	109	\N	\N	7	30	5	{"forma_ingresso": "ENEM", "curso_interesse": "Direito"}
114	Lucas Rodrigues - Direito	0.00	50	\N	\N	automatico	normal	2026-04-10 07:12:46.166996-03	\N	\N	\N	\N	2026-04-10 07:12:46.166996-03	2026-04-10 07:27:05.746408-03	t	\N	124	\N	15	7	32	5	{"como_conheceu": "Instagram", "forma_ingresso": "ENEM", "curso_interesse": "Direito"}
67	João Pedro Alves - Plano Internet	99.90	77	\N	\N	importacao	normal	2026-04-09 09:30:58.374668-03	\N	\N	\N	\N	2026-04-09 09:30:58.374668-03	2026-04-09 09:30:58.374668-03	t	\N	67	\N	10	8	38	6	{"tipo_cliente": "residencial", "plano_interesse": "200MB"}
68	Maria Clara Santos - Plano Internet	149.90	38	\N	\N	automatico	urgente	2026-04-09 09:30:58.37739-03	\N	\N	\N	\N	2026-04-09 09:30:58.37739-03	2026-04-09 09:30:58.37739-03	t	\N	68	\N	10	8	38	6	{"tipo_cliente": "empresarial", "plano_interesse": "100MB"}
52		0.00	10	\N	\N	automatico	normal	2026-04-06 21:32:21.358309-03	\N	\N	\N	\N	2026-04-06 21:32:21.359363-03	2026-04-06 21:32:21.359363-03	t	\N	53	\N	\N	\N	18	3	{}
61		99.90	10	\N	\N	automatico	normal	2026-04-09 09:30:36.323161-03	\N	\N	\N	\N	2026-04-09 09:30:36.323161-03	2026-04-09 09:30:36.323161-03	t	\N	69	\N	11	\N	34	3	{"tipo_cliente": "residencial", "plano_interesse": "500MB"}
70	Ana Beatriz Costa - Plano Internet	499.90	26	\N	\N	automatico	alta	2026-04-09 09:31:38.598753-03	\N	\N	\N	\N	2026-04-09 09:31:38.598753-03	2026-04-09 09:31:38.598753-03	t	\N	70	\N	10	8	35	6	{"tipo_cliente": "residencial", "plano_interesse": "200MB"}
55		0.00	10	\N	\N	automatico	normal	2026-04-06 22:18:24.391571-03	\N	\N	\N	\N	2026-04-06 22:18:24.392606-03	2026-04-06 22:18:24.392606-03	t	\N	56	\N	\N	\N	18	3	{}
56		150.00	10	\N	\N	automatico	normal	2026-04-06 22:31:22.672442-03	\N	\N	\N	\N	2026-04-06 22:31:22.672442-03	2026-04-06 22:31:22.672442-03	t	\N	57	\N	\N	\N	18	3	{}
57		150.00	10	\N	\N	automatico	normal	2026-04-06 23:01:36.731122-03	\N	\N	\N	\N	2026-04-06 23:01:36.731122-03	2026-04-06 23:01:36.731122-03	t	\N	59	\N	\N	\N	18	3	{}
51		0.00	10	\N	\N	automatico	normal	2026-04-07 15:26:07.19679-03	\N	\N	\N	\N	2026-04-06 18:14:40.142234-03	2026-04-07 15:26:07.19679-03	t	\N	52	\N	\N	\N	9	3	{}
58	Joao - Direito	0.00	50	\N	\N	automatico	normal	2026-04-07 16:16:36.551444-03	\N	\N	\N	\N	2026-04-07 16:16:36.551444-03	2026-04-07 16:16:36.551444-03	t	\N	61	\N	\N	\N	28	5	{}
71	Felipe Rodrigues - Plano Internet	99.90	47	\N	\N	manual	baixa	2026-04-09 09:31:38.600776-03	\N	\N	\N	\N	2026-04-09 09:31:38.601753-03	2026-04-09 09:31:38.601753-03	t	\N	71	\N	10	8	38	6	{"tipo_cliente": "residencial", "plano_interesse": "200MB"}
72	Juliana Ferreira - Plano Internet	299.90	53	\N	\N	automatico	alta	2026-04-09 09:31:38.603293-03	\N	\N	\N	\N	2026-04-09 09:31:38.603293-03	2026-04-09 09:31:38.603293-03	t	\N	72	\N	11	8	35	6	{"tipo_cliente": "residencial", "plano_interesse": "500MB"}
73	Pedro Henrique Lima - Plano Internet	199.90	73	\N	\N	manual	alta	2026-04-09 09:31:38.604294-03	\N	\N	\N	\N	2026-04-09 09:31:38.604294-03	2026-04-09 09:31:38.604294-03	t	\N	73	\N	10	8	37	6	{"tipo_cliente": "residencial", "plano_interesse": "100MB"}
74	Camila Araújo - Plano Internet	299.90	87	\N	\N	importacao	normal	2026-04-09 09:31:38.606293-03	\N	\N	\N	\N	2026-04-09 09:31:38.606293-03	2026-04-09 09:31:38.606293-03	t	\N	74	\N	10	8	38	6	{"tipo_cliente": "empresarial", "plano_interesse": "500MB"}
75	Rafael Souza - Plano Internet	299.90	64	\N	\N	importacao	urgente	2026-04-09 09:31:38.607294-03	\N	\N	\N	\N	2026-04-09 09:31:38.607294-03	2026-04-09 09:31:38.607294-03	t	\N	75	\N	11	8	38	6	{"tipo_cliente": "empresarial", "plano_interesse": "100MB"}
76	Larissa Mendes - Plano Internet	149.90	65	\N	\N	importacao	urgente	2026-04-09 09:31:38.608295-03	\N	\N	\N	\N	2026-04-09 09:31:38.608295-03	2026-04-09 09:31:38.608295-03	t	\N	76	\N	11	8	37	6	{"tipo_cliente": "empresarial", "plano_interesse": "100MB"}
62		499.90	10	\N	\N	automatico	normal	2026-04-09 09:30:36.39238-03	\N	\N	\N	\N	2026-04-09 09:30:36.39238-03	2026-04-09 09:30:36.39238-03	t	\N	77	\N	10	\N	38	3	{"tipo_cliente": "empresarial", "plano_interesse": "200MB"}
63		99.90	10	\N	\N	automatico	normal	2026-04-09 09:30:36.400774-03	\N	\N	\N	\N	2026-04-09 09:30:36.400774-03	2026-04-09 09:30:36.400774-03	t	\N	78	\N	10	\N	38	3	{"tipo_cliente": "empresarial", "plano_interesse": "200MB"}
64		299.90	10	\N	\N	automatico	normal	2026-04-09 09:30:36.407354-03	\N	\N	\N	\N	2026-04-09 09:30:36.407354-03	2026-04-09 09:30:36.407354-03	t	\N	79	\N	10	\N	34	3	{"tipo_cliente": "empresarial", "plano_interesse": "1GB"}
77	Fernanda Martins - Plano Internet	99.90	49	\N	\N	manual	normal	2026-04-09 09:31:38.61725-03	\N	\N	\N	\N	2026-04-09 09:31:38.61725-03	2026-04-09 09:31:38.61725-03	t	\N	80	\N	11	8	34	6	{"tipo_cliente": "residencial", "plano_interesse": "500MB"}
78	Matheus Pereira - Plano Internet	199.90	45	\N	\N	automatico	alta	2026-04-09 09:31:38.618264-03	\N	\N	\N	\N	2026-04-09 09:31:38.618264-03	2026-04-09 09:31:38.618264-03	t	\N	81	\N	11	8	37	6	{"tipo_cliente": "empresarial", "plano_interesse": "1GB"}
65		0.00	10	\N	2026-04-09 09:37:11.149934-03	automatico	normal	2026-04-09 09:37:11.149934-03	\N	\N	\N	\N	2026-04-09 09:30:36.44573-03	2026-04-09 09:37:11.149934-03	t	\N	85	\N	\N	\N	12	3	{}
88		0.00	50	\N	\N	automatico	normal	2026-04-09 23:09:37.708607-03	\N	\N	\N	\N	2026-04-09 23:09:37.708607-03	2026-04-09 23:09:37.708607-03	t	\N	98	\N	\N	7	28	5	{}
111		0.00	50	\N	\N	automatico	normal	2026-04-10 06:46:01.403831-03	\N	\N	\N	\N	2026-04-10 06:46:01.403831-03	2026-04-10 06:46:01.403831-03	t	\N	121	\N	\N	7	31	5	{"forma_ingresso": "ENEM", "curso_interesse": "Direito"}
66		199.90	10	\N	\N	automatico	normal	2026-04-09 09:30:36.454133-03	\N	\N	\N	\N	2026-04-09 09:30:36.454133-03	2026-04-09 09:30:36.454133-03	t	\N	86	\N	\N	\N	18	3	{}
84		0.00	50	\N	\N	automatico	normal	2026-04-09 16:04:05.755801-03	\N	\N	\N	\N	2026-04-09 16:04:05.755801-03	2026-04-09 16:04:05.755801-03	t	\N	92	\N	\N	7	31	5	{"forma_ingresso": "ENEM", "curso_interesse": "Direito"}
90	Lead Teste	0.00	50	\N	\N	automatico	normal	2026-04-10 04:04:31.165972-03	\N	\N	\N	\N	2026-04-10 04:04:31.167804-03	2026-04-10 04:04:31.167804-03	t	\N	100	\N	\N	7	28	5	{}
92	Lead Teste	0.00	50	\N	\N	automatico	normal	2026-04-10 04:12:06.390483-03	\N	\N	\N	\N	2026-04-10 04:12:06.390483-03	2026-04-10 04:12:06.390483-03	t	\N	102	\N	\N	7	28	5	{"curso_interesse": "Direito"}
113		0.00	50	\N	\N	automatico	normal	2026-04-10 06:49:16.529641-03	\N	\N	\N	\N	2026-04-10 06:49:16.529641-03	2026-04-10 06:49:16.529641-03	t	\N	123	\N	\N	7	32	5	{"como_conheceu": "Google", "forma_ingresso": "ENEM", "curso_interesse": "Direito"}
94		0.00	50	\N	\N	automatico	normal	2026-04-10 04:20:44.792674-03	\N	\N	\N	\N	2026-04-10 04:20:44.792674-03	2026-04-10 04:20:44.792674-03	t	\N	104	\N	\N	7	31	5	{"forma_ingresso": "ENEM", "curso_interesse": "Direito"}
60	Lucas Rodrigues - Direito	0.00	50	\N	\N	automatico	normal	2026-04-08 15:50:33.411026-03	\N	\N	\N	\N	2026-04-08 15:50:33.411529-03	2026-04-08 15:50:33.411529-03	t	\N	66	\N	\N	7	32	5	{"como_conheceu": "Google", "forma_ingresso": "ENEM", "curso_interesse": "Direito"}
96	Teste	0.00	50	\N	\N	automatico	normal	2026-04-10 04:23:24.03137-03	\N	\N	\N	\N	2026-04-10 04:23:24.03137-03	2026-04-10 04:23:24.03137-03	t	\N	106	\N	\N	7	28	5	{}
115		0.00	50	\N	\N	automatico	normal	2026-04-10 10:50:10.371104-03	\N	\N	\N	\N	2026-04-10 10:50:10.371104-03	2026-04-10 10:50:10.371104-03	t	\N	125	\N	\N	7	28	5	{}
98		0.00	50	\N	\N	automatico	normal	2026-04-10 04:30:38.741334-03	\N	\N	\N	\N	2026-04-10 04:30:38.741334-03	2026-04-10 04:30:38.741334-03	t	\N	108	\N	\N	7	30	5	{"forma_ingresso": "ENEM", "curso_interesse": "Direito"}
116		0.00	50	\N	\N	automatico	normal	2026-04-10 10:52:58.115132-03	\N	\N	\N	\N	2026-04-10 10:52:58.115132-03	2026-04-10 10:52:58.115132-03	t	\N	126	\N	\N	7	30	5	{"forma_ingresso": "ENEM", "curso_interesse": "Direito"}
117		0.00	50	\N	\N	automatico	normal	2026-04-10 10:55:01.179623-03	\N	\N	\N	\N	2026-04-10 10:55:01.179623-03	2026-04-10 10:55:01.179623-03	t	\N	127	\N	\N	7	31	5	{"forma_ingresso": "ENEM", "curso_interesse": "Direito"}
100		0.00	50	\N	\N	automatico	normal	2026-04-10 04:32:48.828954-03	\N	\N	\N	\N	2026-04-10 04:32:48.828954-03	2026-04-10 04:32:48.828954-03	t	\N	110	\N	\N	7	30	5	{"forma_ingresso": "ENEM", "curso_interesse": "Direito"}
102		0.00	50	\N	\N	automatico	normal	2026-04-10 04:38:41.812648-03	\N	\N	\N	\N	2026-04-10 04:38:41.812648-03	2026-04-10 04:38:41.812648-03	t	\N	112	\N	\N	7	31	5	{"forma_ingresso": "ENEM", "curso_interesse": "Direito"}
134		0.00	50	\N	\N	automatico	normal	2026-04-10 13:03:30.272973-03	\N	\N	\N	\N	2026-04-10 13:03:30.272973-03	2026-04-10 13:03:30.272973-03	t	\N	144	\N	\N	7	32	5	{"como_conheceu": "Instagram", "forma_ingresso": "ENEM", "curso_interesse": "Direito"}
135		0.00	50	\N	\N	automatico	normal	2026-04-10 13:05:31.607671-03	\N	\N	\N	\N	2026-04-10 13:05:31.607671-03	2026-04-10 13:05:31.607671-03	t	\N	145	\N	\N	7	29	5	{"curso_interesse": "Direito"}
\.


--
-- Data for Name: crm_oportunidades_tags; Type: TABLE DATA; Schema: public; Owner: -
--

COPY public.crm_oportunidades_tags (id, oportunidadevenda_id, tagcrm_id) FROM stdin;
1	1	3
2	3	3
3	4	5
4	7	3
5	8	5
6	9	4
7	10	5
8	11	1
9	12	5
10	16	1
11	19	5
12	26	2
\.


--
-- Data for Name: crm_perfis_vendedor; Type: TABLE DATA; Schema: public; Owner: -
--

COPY public.crm_perfis_vendedor (id, cargo, telefone_direto, whatsapp, id_vendedor_hubsoft, ativo, data_admissao, foto_url, equipe_id, tenant_id, user_id) FROM stdin;
1	gerente			\N	t	\N	\N	1	4	2
2	vendedor			\N	t	\N	\N	1	4	3
3	vendedor			\N	t	\N	\N	1	4	4
4	gerente			\N	t	\N	\N	2	3	5
5	vendedor			\N	t	\N	\N	2	3	6
6	vendedor			\N	t	\N	\N	2	3	7
7	vendedor			\N	t	\N	\N	2	3	1
8	vendedor			\N	t	\N	\N	3	8	10
9	vendedor			\N	t	\N	\N	3	8	11
\.


--
-- Data for Name: crm_pipeline_estagios; Type: TABLE DATA; Schema: public; Owner: -
--

COPY public.crm_pipeline_estagios (id, nome, slug, ordem, cor_hex, icone_fa, tipo, is_final_ganho, is_final_perdido, probabilidade_padrao, sla_horas, ativo, criado_em, tenant_id, pipeline_id) FROM stdin;
1	Lead Identificado	lead-identificado	1	#94a3b8	fa-circle	novo	f	f	10	\N	t	2026-04-03 22:47:08.284695-03	3	1
2	Contato Inicial	contato-inicial	2	#3b82f6	fa-circle	qualificacao	f	f	20	\N	t	2026-04-03 22:47:08.289122-03	3	1
3	Demo Agendada	demo-agendada	3	#8b5cf6	fa-circle	qualificacao	f	f	40	\N	t	2026-04-03 22:47:08.291175-03	3	1
4	Em Trial	em-trial	4	#f59e0b	fa-circle	negociacao	f	f	60	\N	t	2026-04-03 22:47:08.294481-03	3	1
5	Negociacao	negociacao-b2b	5	#f97316	fa-circle	negociacao	f	f	75	\N	t	2026-04-03 22:47:08.296486-03	3	1
6	Cliente Ativo	cliente-ativo	6	#22c55e	fa-circle	cliente	t	f	100	\N	t	2026-04-03 22:47:08.297533-03	3	1
8	Novo Lead	novo-lead	1	#94a3b8	fa-circle	novo	f	f	10	\N	t	2026-04-03 22:49:26.208203-03	4	2
9	Qualificado	qualificado	2	#3b82f6	fa-circle	qualificacao	f	f	30	\N	t	2026-04-03 22:49:26.211711-03	4	2
10	Documentacao	documentacao	3	#f59e0b	fa-circle	negociacao	f	f	60	\N	t	2026-04-03 22:49:26.216265-03	4	2
11	Contrato	contrato	4	#8b5cf6	fa-circle	fechamento	f	f	85	\N	t	2026-04-03 22:49:26.219021-03	4	2
12	Ativado HubSoft	ativado	5	#22c55e	fa-circle	cliente	t	f	100	\N	t	2026-04-03 22:49:26.221606-03	4	2
13	Perdido	perdido	6	#ef4444	fa-circle	perdido	f	t	0	\N	t	2026-04-03 22:49:26.224118-03	4	2
14	Trial Ativo	trial-ativo	4	#f59e0b	fa-circle	negociacao	f	f	50	\N	t	2026-04-03 22:49:29.44798-03	3	1
15	Proposta Enviada	proposta-enviada	5	#a855f7	fa-circle	negociacao	f	f	70	\N	t	2026-04-03 22:49:29.449047-03	3	1
17	Perdido	perdido	8	#ef4444	fa-circle	perdido	f	t	0	\N	t	2026-04-03 22:49:29.455545-03	3	1
19	Primeiro Contato	primeiro-contato	2	#667eea	fa-circle	qualificacao	f	f	20	\N	t	2026-04-06 01:06:32.515843-03	3	3
20	Demo Agendada	demo-agendada	3	#667eea	fa-circle	qualificacao	f	f	40	\N	t	2026-04-06 01:06:32.516848-03	3	3
21	Demo Realizada	demo-realizada	4	#667eea	fa-circle	negociacao	f	f	60	\N	t	2026-04-06 01:06:32.517851-03	3	3
22	Proposta Enviada	proposta-enviada	5	#667eea	fa-circle	negociacao	f	f	75	\N	t	2026-04-06 01:06:32.519392-03	3	3
23	Negociacao	negociacao	6	#667eea	fa-circle	fechamento	f	f	85	\N	t	2026-04-06 01:06:32.520076-03	3	3
24	Fechado Ganho	fechado-ganho	7	#667eea	fa-circle	cliente	t	f	100	\N	t	2026-04-06 01:06:32.52108-03	3	3
25	Perdido	perdido	8	#667eea	fa-circle	perdido	f	t	0	\N	t	2026-04-06 01:06:32.52208-03	3	3
18	Oportunidade nova	oportunidade-nova	1	#667eea	fa-circle	novo	f	f	10	\N	t	2026-04-06 01:06:32.512216-03	3	3
26	Novo	novo	1	#667eea	fa-circle	novo	f	f	50	\N	t	2026-04-06 22:31:22.775086-03	3	4
27	Qualificado	qualificado	2	#667eea	fa-circle	qualificacao	f	f	50	\N	t	2026-04-06 22:31:22.783598-03	3	4
28	Novo Lead	novo	1	#3b82f6	fa-circle	novo	f	f	50	\N	t	2026-04-07 16:01:54.408548-03	7	5
29	Qualificacao	qualificacao	2	#f59e0b	fa-circle	qualificacao	f	f	50	\N	t	2026-04-07 16:01:54.411098-03	7	5
30	Qualificado	qualificado	3	#10b981	fa-circle	qualificacao	f	f	50	\N	t	2026-04-07 16:01:54.412103-03	7	5
31	Agendado	agendado	4	#8b5cf6	fa-circle	negociacao	f	f	50	\N	t	2026-04-07 16:01:54.413103-03	7	5
32	Matriculado	matriculado	5	#22c55e	fa-circle	cliente	f	f	50	\N	t	2026-04-07 16:01:54.414341-03	7	5
33	Perdido	perdido	6	#ef4444	fa-circle	perdido	f	f	50	\N	t	2026-04-07 16:01:54.415849-03	7	5
34	Novo Lead	novo	1	#3b82f6	fa-circle	novo	f	f	50	\N	t	2026-04-09 09:30:36.462439-03	8	6
35	Qualificação	qualificacao	2	#f59e0b	fa-circle	novo	f	f	50	\N	t	2026-04-09 09:30:36.463438-03	8	6
36	Proposta	proposta	3	#8b5cf6	fa-circle	novo	f	f	50	\N	t	2026-04-09 09:30:36.464438-03	8	6
37	Negociação	negociacao	4	#06b6d4	fa-circle	novo	f	f	50	\N	t	2026-04-09 09:30:36.464438-03	8	6
38	Fechamento	fechamento	5	#22c55e	fa-circle	novo	f	f	50	\N	t	2026-04-09 09:30:36.465942-03	8	6
39	Ganho	ganho	6	#16a34a	fa-circle	novo	t	f	50	\N	t	2026-04-09 09:30:36.467558-03	8	6
40	Perdido	perdido	7	#ef4444	fa-circle	novo	f	t	50	\N	t	2026-04-09 09:30:36.468564-03	8	6
\.


--
-- Data for Name: crm_pipelines; Type: TABLE DATA; Schema: public; Owner: -
--

COPY public.crm_pipelines (id, nome, slug, tipo, descricao, cor_hex, icone_fa, padrao, ativo, ordem, criado_em, tenant_id) FROM stdin;
1	Vendas B2B (Provedores)	vendas-b2b	vendas		#818cf8	fa-building	t	t	0	2026-04-03 22:47:08.275475-03	3
2	Vendas B2C	vendas-b2c	vendas		#3b82f6	fa-funnel-dollar	t	t	0	2026-04-03 22:49:26.201167-03	4
3	Vendas SaaS	vendas-saas	vendas		#3b82f6	fa-funnel-dollar	t	t	0	2026-04-06 01:06:32.504234-03	3
4	Pipeline E2E	teste-e2e	vendas		#667eea	fa-funnel-dollar	f	t	0	2026-04-06 22:31:22.766289-03	3
5	Matriculas FATEPe	matriculas	vendas		#8b5cf6	fa-graduation-cap	t	t	0	2026-04-07 16:01:54.400484-03	7
6	Vendas		vendas		#3b82f6	fa-funnel-dollar	t	t	0	2026-04-09 09:30:36.460433-03	8
\.


--
-- Data for Name: crm_segmentos; Type: TABLE DATA; Schema: public; Owner: -
--

COPY public.crm_segmentos (id, nome, descricao, tipo, regras_filtro, cor_hex, icone_fa, ultima_atualizacao_dinamica, total_leads, ativo, data_criacao, criado_por_id, tenant_id) FROM stdin;
1	Leads com HubSoft	Provedores que usam HubSoft como ERP. Principal ICP da Aurora.	manual	{}	#8b5cf6	fa-server	\N	0	t	2026-04-06 01:16:29.623285-03	1	3
4	Leads Indicacao	Leads que vieram por indicacao de outros provedores.	manual	{}	#16a34a	fa-share-alt	\N	0	t	2026-04-06 01:16:29.6316-03	1	3
5	Provedores Grandes	Provedores com mais de 10.000 clientes. Ticket medio maior.	manual	{}	#3b82f6	fa-building	\N	0	t	2026-04-06 01:16:29.632626-03	1	3
18	VIPs - Alta Prioridade	Leads marcados manualmente como alta prioridade pela equipe comercial.	manual	{}	#f59e0b	fa-star	\N	0	t	2026-04-10 03:17:30.684057-03	1	7
14	Interessados em Direito	Leads que demonstraram interesse no curso de Direito via fluxo de atendimento.	dinamico	{"regras": [{"campo": "observacoes", "valor": "Direito", "operador": "contem"}]}	#8b5cf6	fa-gavel	\N	25	t	2026-04-10 03:17:30.677763-03	1	7
15	Interessados em Enfermagem	Leads que demonstraram interesse no curso de Enfermagem.	dinamico	{"regras": [{"campo": "observacoes", "valor": "Enfermagem", "operador": "contem"}]}	#ec4899	fa-heartbeat	\N	25	t	2026-04-10 03:17:30.679467-03	1	7
16	Leads com Email	Leads que possuem email cadastrado. Ideais para campanhas de email marketing.	dinamico	{"regras": [{"campo": "email", "valor": "", "operador": "preenchido"}]}	#06b6d4	fa-envelope	\N	25	t	2026-04-10 03:17:30.68152-03	1	7
13	Leads Inativos (+30 dias)	Leads sem atividade ha mais de 30 dias. Candidatos para reengajamento.	dinamico	{"regras": [{"campo": "data_ultima_atividade", "valor": "30", "operador": "mais_de_dias"}]}	#94a3b8	fa-user-clock	\N	25	t	2026-04-10 03:17:30.677243-03	1	7
12	Novos Leads (7 dias)	Leads cadastrados nos ultimos 7 dias. Para fluxo de boas-vindas e qualificacao.	dinamico	{"regras": [{"campo": "data_criacao", "valor": "7", "operador": "ultimos_dias"}]}	#3b82f6	fa-user-plus	\N	25	t	2026-04-10 03:17:30.675738-03	1	7
2	Leads Quentes	Leads com score >= 7. Prontos para abordagem comercial.	dinamico	{"regras": [{"campo": "score_qualificacao", "valor": "7", "operador": "maior_igual"}]}	#ef4444	fa-fire	2026-04-06 01:21:34.528831-03	5	t	2026-04-06 01:16:29.628457-03	1	3
3	Leads WhatsApp	Leads que chegaram via WhatsApp.	dinamico	{"regras": [{"campo": "origem", "valor": "whatsapp", "operador": "igual"}]}	#25D366	fa-whatsapp	2026-04-06 01:21:34.533379-03	2	t	2026-04-06 01:16:29.630462-03	1	3
6	Leads Quentes	Leads com score acima de 7	dinamico	{}	#22c55e	fa-fire	\N	4	t	2026-04-09 09:55:30.319457-03	9	8
7	Leads SP	Leads da cidade de Sao Paulo	dinamico	{}	#3b82f6	fa-map-marker-alt	\N	7	t	2026-04-09 09:55:30.334708-03	9	8
8	Google Ads	Leads originados do Google	dinamico	{}	#f59e0b	fa-ad	\N	3	t	2026-04-09 09:55:30.347374-03	9	8
9	Sem Contato	Leads sem historico de contato	manual	{}	#ef4444	fa-exclamation-triangle	\N	9	t	2026-04-09 09:55:30.353976-03	9	8
10	Empresariais	Leads com empresa informada	dinamico	{}	#8b5cf6	fa-building	\N	10	t	2026-04-09 09:55:30.368227-03	9	8
17	Leads WhatsApp	Leads que chegaram pelo canal WhatsApp.	dinamico	{"regras": [{"campo": "origem", "valor": "whatsapp", "operador": "igual"}]}	#22c55e	fa-comments	\N	1	t	2026-04-10 03:17:30.683031-03	1	7
11	Leads Quentes	Leads com score acima de 7 e atividade nos ultimos 7 dias. Prontos para abordagem comercial.	dinamico	{"regras": [{"campo": "score_qualificacao", "valor": "7", "operador": "maior_igual"}]}	#ef4444	fa-fire	\N	2	t	2026-04-10 03:17:30.659942-03	1	7
\.


--
-- Data for Name: crm_tags; Type: TABLE DATA; Schema: public; Owner: -
--

COPY public.crm_tags (id, nome, cor_hex, data_criacao, criado_por_id, tenant_id) FROM stdin;
1	Comercial	#667eea	2026-04-03 22:49:26.239315-03	\N	4
2	Endereco	#667eea	2026-04-03 22:49:26.242128-03	\N	4
3	Documental	#667eea	2026-04-03 22:49:26.244154-03	\N	4
4	VIP	#667eea	2026-04-03 22:49:26.246204-03	\N	4
5	Retorno	#667eea	2026-04-03 22:49:26.246204-03	\N	4
6	Enterprise	#8b5cf6	2026-04-03 22:49:29.458405-03	\N	3
7	PME	#8b5cf6	2026-04-03 22:49:29.460582-03	\N	3
8	HubSoft	#8b5cf6	2026-04-03 22:49:29.46339-03	\N	3
9	ABRINT	#8b5cf6	2026-04-03 22:49:29.465224-03	\N	3
10	Trial	#8b5cf6	2026-04-03 22:49:29.467838-03	\N	3
11	Provedor Pequeno	#22c55e	2026-04-06 01:06:32.52459-03	\N	3
12	Provedor Medio	#f59e0b	2026-04-06 01:06:32.526136-03	\N	3
13	Provedor Grande	#3b82f6	2026-04-06 01:06:32.526136-03	\N	3
14	MK Solutions	#06b6d4	2026-04-06 01:06:32.528149-03	\N	3
15	IXCSoft	#ec4899	2026-04-06 01:06:32.528668-03	\N	3
16	SGP	#64748b	2026-04-06 01:06:32.529201-03	\N	3
17	Indicacao	#16a34a	2026-04-06 01:06:32.530206-03	\N	3
\.


--
-- Data for Name: crm_tarefas; Type: TABLE DATA; Schema: public; Owner: -
--

COPY public.crm_tarefas (id, tipo, titulo, descricao, status, prioridade, data_vencimento, data_conclusao, resultado, lembrete_em, notificacao_enviada, data_criacao, data_atualizacao, criado_por_id, lead_id, oportunidade_id, responsavel_id, tenant_id) FROM stdin;
1	ligacao	Contatar Vanessa Lopes		pendente	normal	2026-04-07 22:49:26.924518-03	\N		\N	f	2026-04-03 22:49:26.925219-03	2026-04-03 22:49:26.925219-03	\N	25	25	2	4
2	visita	Contatar Renato Dias		pendente	urgente	2026-04-09 22:49:26.942375-03	\N		\N	f	2026-04-03 22:49:26.942375-03	2026-04-03 22:49:26.942375-03	\N	24	24	3	4
3	whatsapp	Contatar Natalia Freitas		pendente	normal	2026-04-04 22:49:26.946888-03	\N		\N	f	2026-04-03 22:49:26.946888-03	2026-04-03 22:49:26.946888-03	\N	23	23	2	4
4	email	Contatar Gustavo Ribeiro		pendente	normal	2026-04-04 22:49:26.951425-03	\N		\N	f	2026-04-03 22:49:26.951425-03	2026-04-03 22:49:26.951425-03	\N	22	22	4	4
5	ligacao	Contatar Priscila Araujo		pendente	urgente	2026-04-09 22:49:26.956092-03	\N		\N	f	2026-04-03 22:49:26.956092-03	2026-04-03 22:49:26.956092-03	\N	21	21	3	4
6	whatsapp	Contatar Diego Fernandes		pendente	normal	2026-04-03 22:49:26.960665-03	\N		\N	f	2026-04-03 22:49:26.960665-03	2026-04-03 22:49:26.960665-03	\N	20	20	3	4
7	ligacao	Contatar Amanda Vieira		pendente	alta	2026-04-09 22:49:26.964321-03	\N		\N	f	2026-04-03 22:49:26.964321-03	2026-04-03 22:49:26.965456-03	\N	19	19	4	4
8	visita	Contatar Bruno Costa		vencida	urgente	2026-04-01 22:49:26.969918-03	\N		\N	f	2026-04-03 22:49:26.969918-03	2026-04-03 22:49:26.969918-03	\N	18	18	2	4
9	followup	Contatar Isabela Ramos		pendente	normal	2026-04-08 22:49:26.972922-03	\N		\N	f	2026-04-03 22:49:26.972922-03	2026-04-03 22:49:26.972922-03	\N	17	17	4	4
10	email	Contatar Felipe Martins		pendente	urgente	2026-04-05 22:49:26.977616-03	\N		\N	f	2026-04-03 22:49:26.978135-03	2026-04-03 22:49:26.978135-03	\N	16	16	2	4
11	ligacao	Contatar Larissa Souza		pendente	normal	2026-04-07 22:49:26.981142-03	\N		\N	f	2026-04-03 22:49:26.981142-03	2026-04-03 22:49:26.981142-03	\N	15	15	2	4
12	ligacao	Contatar Beatriz Carvalho		pendente	normal	2026-04-07 22:49:26.984664-03	\N		\N	f	2026-04-03 22:49:26.984664-03	2026-04-03 22:49:26.984664-03	\N	13	13	4	4
13	whatsapp	Contatar Anderson Pereira Pinto		em_andamento	normal	2026-04-10 22:49:26.989726-03	\N		\N	f	2026-04-03 22:49:26.989726-03	2026-04-03 22:49:26.989726-03	\N	14	14	4	4
14	visita	Contatar Rafael Moreira		em_andamento	urgente	2026-04-09 22:49:26.992685-03	\N		\N	f	2026-04-03 22:49:26.992685-03	2026-04-03 22:49:26.992685-03	\N	12	12	4	4
15	followup	Contatar Patricia Gomes Duarte		pendente	normal	2026-04-08 22:49:26.99676-03	\N		\N	f	2026-04-03 22:49:26.99676-03	2026-04-03 22:49:26.99676-03	\N	11	11	4	4
29	followup	Tarefa teste Lead Teste Automacoes		pendente	alta	2026-04-07 21:32:21.525321-03	\N		\N	f	2026-04-06 21:32:21.525321-03	2026-04-06 21:32:21.525321-03	\N	53	\N	1	3
30	followup	Tarefa teste Lead Teste Automacoes		pendente	alta	2026-04-07 21:32:21.562766-03	\N		\N	f	2026-04-06 21:32:21.563765-03	2026-04-06 21:32:21.563765-03	\N	53	\N	1	3
31	followup	Tarefa teste Lead Teste Automacoes		pendente	alta	2026-04-07 21:32:21.620688-03	\N		\N	f	2026-04-06 21:32:21.620688-03	2026-04-06 21:32:21.620688-03	\N	53	\N	1	3
32	followup	Tarefa teste Lead Teste Automacoes		pendente	alta	2026-04-07 21:32:21.67089-03	\N		\N	f	2026-04-06 21:32:21.67089-03	2026-04-06 21:32:21.67089-03	\N	53	\N	1	3
33	followup	Tarefa teste Lead Teste Automacoes		pendente	alta	2026-04-07 21:32:21.700471-03	\N		\N	f	2026-04-06 21:32:21.700471-03	2026-04-06 21:32:21.700471-03	\N	53	\N	1	3
34	followup	Tarefa teste Lead Teste Automacoes		pendente	alta	2026-04-07 21:32:21.768225-03	\N		\N	f	2026-04-06 21:32:21.768225-03	2026-04-06 21:32:21.768225-03	\N	53	\N	1	3
56	followup	Tarefa teste Lead Teste Automacoes		pendente	alta	2026-04-07 22:18:24.727547-03	\N		\N	f	2026-04-06 22:18:24.727547-03	2026-04-06 22:18:24.727547-03	\N	56	\N	1	3
57	followup	Tarefa teste Lead Teste Automacoes		pendente	alta	2026-04-07 22:18:24.79459-03	\N		\N	f	2026-04-06 22:18:24.795657-03	2026-04-06 22:18:24.795657-03	\N	56	\N	1	3
58	followup	Tarefa teste Lead Teste Automacoes		pendente	alta	2026-04-07 22:18:24.900926-03	\N		\N	f	2026-04-06 22:18:24.900926-03	2026-04-06 22:18:24.900926-03	\N	56	\N	1	3
59	followup	Tarefa teste Lead Teste Automacoes		pendente	alta	2026-04-07 22:18:24.972012-03	\N		\N	f	2026-04-06 22:18:24.973533-03	2026-04-06 22:18:24.973533-03	\N	56	\N	1	3
60	followup	Tarefa teste Lead Teste Automacoes		pendente	alta	2026-04-07 22:18:25.028788-03	\N		\N	f	2026-04-06 22:18:25.028788-03	2026-04-06 22:18:25.028788-03	\N	56	\N	1	3
61	followup	Tarefa teste Lead Teste Automacoes		pendente	alta	2026-04-07 22:18:25.102689-03	\N		\N	f	2026-04-06 22:18:25.102689-03	2026-04-06 22:18:25.102689-03	\N	56	\N	1	3
62	followup	Tarefa E2E Lead E2E Automacoes		pendente	alta	2026-04-07 22:31:23.267179-03	\N		\N	f	2026-04-06 22:31:23.268177-03	2026-04-06 22:31:23.268177-03	\N	57	\N	1	3
63	followup	Tarefa E2E Lead E2E Automacoes		pendente	alta	2026-04-07 22:31:23.376841-03	\N		\N	f	2026-04-06 22:31:23.376841-03	2026-04-06 22:31:23.376841-03	\N	57	\N	1	3
64	followup	Tarefa E2E Lead E2E Automacoes		pendente	alta	2026-04-07 22:31:23.538114-03	\N		\N	f	2026-04-06 22:31:23.538114-03	2026-04-06 22:31:23.538114-03	\N	57	\N	1	3
65	followup	Tarefa E2E Lead E2E Automacoes		pendente	alta	2026-04-07 22:31:23.638829-03	\N		\N	f	2026-04-06 22:31:23.638829-03	2026-04-06 22:31:23.638829-03	\N	57	\N	1	3
66	followup	Tarefa E2E Lead E2E Automacoes		pendente	alta	2026-04-07 22:31:23.740428-03	\N		\N	f	2026-04-06 22:31:23.740957-03	2026-04-06 22:31:23.740957-03	\N	57	\N	1	3
67	visita	Visita E2E Lead E2E Automacoes		pendente	alta	2026-04-07 22:31:23.84232-03	\N		\N	f	2026-04-06 22:31:23.843944-03	2026-04-06 22:31:23.843944-03	\N	57	\N	1	3
68	followup	Tarefa E2E Lead E2E Automacoes		pendente	alta	2026-04-07 22:31:23.870562-03	\N		\N	f	2026-04-06 22:31:23.870562-03	2026-04-06 22:31:23.870562-03	\N	57	\N	1	3
69	followup			pendente	normal	2026-04-07 23:01:37.375608-03	\N		\N	f	2026-04-06 23:01:37.377114-03	2026-04-06 23:01:37.377114-03	\N	59	\N	1	3
70	followup			pendente	normal	2026-04-07 23:01:37.499122-03	\N		\N	f	2026-04-06 23:01:37.500132-03	2026-04-06 23:01:37.500132-03	\N	59	\N	1	3
71	followup			pendente	normal	2026-04-07 23:01:37.67087-03	\N		\N	f	2026-04-06 23:01:37.67087-03	2026-04-06 23:01:37.67087-03	\N	59	\N	1	3
72	followup			pendente	normal	2026-04-07 23:01:37.786378-03	\N		\N	f	2026-04-06 23:01:37.787889-03	2026-04-06 23:01:37.787889-03	\N	59	\N	1	3
73	followup			pendente	normal	2026-04-07 23:01:37.899124-03	\N		\N	f	2026-04-06 23:01:37.899124-03	2026-04-06 23:01:37.899124-03	\N	59	\N	1	3
74	followup			pendente	normal	2026-04-07 23:01:38.026073-03	\N		\N	f	2026-04-06 23:01:38.027071-03	2026-04-06 23:01:38.027071-03	\N	59	\N	1	3
75	followup			pendente	normal	2026-04-07 23:01:38.068391-03	\N		\N	f	2026-04-06 23:01:38.069399-03	2026-04-06 23:01:38.069399-03	\N	59	\N	1	3
76	ligacao	Ligar para lead teste		concluida	alta	2026-04-08 15:26:07.214404-03	2026-04-07 15:26:07.220945-03	Lead interessado	\N	f	2026-04-07 15:26:07.214404-03	2026-04-07 15:26:07.220945-03	\N	52	51	1	\N
77	ligacao	Ligar para Joao sobre Direito		pendente	alta	2026-04-08 16:16:36.67077-03	\N		\N	f	2026-04-07 16:16:36.67077-03	2026-04-07 16:16:36.67077-03	\N	61	58	1	\N
78	email	Follow-up João Pedro Alves - Plano Inter		pendente	baixa	2026-04-12 09:31:38.619263-03	\N		\N	f	2026-04-09 09:31:38.621664-03	2026-04-09 09:31:38.621664-03	\N	67	67	10	8
79	email	Follow-up Maria Clara Santos - Plano Int		concluida	urgente	2026-04-21 09:31:38.623675-03	\N		\N	f	2026-04-09 09:31:38.623675-03	2026-04-09 09:31:38.623675-03	\N	68	68	11	8
80	ligacao	Follow-up 		em_andamento	alta	2026-04-19 09:31:38.624672-03	\N		\N	f	2026-04-09 09:31:38.625771-03	2026-04-09 09:31:38.625771-03	\N	69	61	11	8
81	outro	Follow-up Ana Beatriz Costa - Plano Inte		concluida	alta	2026-04-17 09:31:38.625771-03	\N		\N	f	2026-04-09 09:31:38.626766-03	2026-04-09 09:31:38.626766-03	\N	70	70	11	8
82	visita	Follow-up Felipe Rodrigues - Plano Inter		em_andamento	baixa	2026-04-13 09:31:38.627766-03	\N		\N	f	2026-04-09 09:31:38.627766-03	2026-04-09 09:31:38.627766-03	\N	71	71	11	8
83	reuniao	Follow-up Juliana Ferreira - Plano Inter		pendente	urgente	2026-04-10 09:31:38.628795-03	\N		\N	f	2026-04-09 09:31:38.629872-03	2026-04-09 09:31:38.629872-03	\N	72	72	11	8
84	ligacao	Follow-up Pedro Henrique Lima - Plano In		em_andamento	alta	2026-04-18 09:31:38.629872-03	\N		\N	f	2026-04-09 09:31:38.630871-03	2026-04-09 09:31:38.630871-03	\N	73	73	10	8
85	visita	Follow-up Camila Araújo - Plano Internet		concluida	alta	2026-04-15 09:31:38.630871-03	\N		\N	f	2026-04-09 09:31:38.631935-03	2026-04-09 09:31:38.631935-03	\N	74	74	10	8
86	ligacao	Follow-up Rafael Souza - Plano Internet		concluida	urgente	2026-04-16 09:31:38.634664-03	\N		\N	f	2026-04-09 09:31:38.635661-03	2026-04-09 09:31:38.635661-03	\N	75	75	10	8
87	outro	Follow-up Larissa Mendes - Plano Interne		pendente	urgente	2026-04-17 09:31:38.635661-03	\N		\N	f	2026-04-09 09:31:38.636659-03	2026-04-09 09:31:38.636659-03	\N	76	76	10	8
\.


--
-- Data for Name: deteccao_campanha; Type: TABLE DATA; Schema: public; Owner: -
--

COPY public.deteccao_campanha (id, telefone, mensagem_original, mensagem_normalizada, tamanho_mensagem, trecho_detectado, posicao_inicio, posicao_fim, metodo_deteccao, score_confianca, eh_primeira_mensagem, origem, timestamp_mensagem, ip_origem, user_agent, metadata, aceita, motivo_rejeicao, data_rejeicao, processado_n8n, data_processamento_n8n, resposta_n8n, converteu_venda, data_conversao, valor_venda, detectado_em, campanha_id, lead_id, rejeitada_por_id, tenant_id) FROM stdin;
1	86999653600	Vim pelo WhatsApp Organico	vim pelo whatsapp organico	26	wpp-org	\N	\N	keyword	0.95	f	whatsapp	\N	\N		{}	t		\N	f	\N	{}	f	\N	\N	2026-04-03 22:49:27.079219-03	5	1	\N	4
2	86999046059	Vim pelo Indicacao Amigos	vim pelo indicacao amigos	25	indicacao	\N	\N	keyword	0.95	f	whatsapp	\N	\N		{}	t		\N	f	\N	{}	f	\N	\N	2026-04-03 22:49:27.102294-03	4	2	\N	4
3	86999617558	Vim pelo Facebook Promo 200MB	vim pelo facebook promo 200mb	29	fb-200	\N	\N	keyword	0.95	f	whatsapp	\N	\N		{}	t		\N	f	\N	{}	f	\N	\N	2026-04-03 22:49:27.1081-03	2	3	\N	4
4	86999857800	Vim pelo WhatsApp Organico	vim pelo whatsapp organico	26	wpp-org	\N	\N	keyword	0.95	f	whatsapp	\N	\N		{}	t		\N	f	\N	{}	f	\N	\N	2026-04-03 22:49:27.113631-03	5	4	\N	4
5	86999719905	Vim pelo WhatsApp Organico	vim pelo whatsapp organico	26	wpp-org	\N	\N	keyword	0.95	f	whatsapp	\N	\N		{}	t		\N	f	\N	{}	f	\N	\N	2026-04-03 22:49:27.11856-03	5	5	\N	4
6	86999682597	Vim pelo WhatsApp Organico	vim pelo whatsapp organico	26	wpp-org	\N	\N	keyword	0.95	f	whatsapp	\N	\N		{}	t		\N	f	\N	{}	f	\N	\N	2026-04-03 22:49:27.124121-03	5	6	\N	4
7	86999914270	Vim pelo Instagram Stories	vim pelo instagram stories	26	ig-stories	\N	\N	keyword	0.95	f	whatsapp	\N	\N		{}	t		\N	f	\N	{}	f	\N	\N	2026-04-03 22:49:27.130095-03	3	7	\N	4
8	86999028761	Vim pelo WhatsApp Organico	vim pelo whatsapp organico	26	wpp-org	\N	\N	keyword	0.95	f	whatsapp	\N	\N		{}	t		\N	f	\N	{}	f	\N	\N	2026-04-03 22:49:27.135631-03	5	8	\N	4
9	86999753203	Vim pelo Google Ads Teresina	vim pelo google ads teresina	28	google-the	\N	\N	keyword	0.95	f	whatsapp	\N	\N		{}	t		\N	f	\N	{}	f	\N	\N	2026-04-03 22:49:27.139688-03	1	9	\N	4
10	86999934255	Vim pelo WhatsApp Organico	vim pelo whatsapp organico	26	wpp-org	\N	\N	keyword	0.95	f	whatsapp	\N	\N		{}	t		\N	f	\N	{}	f	\N	\N	2026-04-03 22:49:27.144731-03	5	10	\N	4
11	86999001001	Vim pelo Evento ABRINT 2026	vim pelo evento abrint 2026	27	abrint-evento	\N	\N	keyword	0.90	f	whatsapp	\N	\N		{}	t		\N	f	\N	{}	f	\N	\N	2026-04-03 22:49:29.873832-03	\N	\N	\N	3
14	31999004004	Vim pelo Evento ABRINT 2026	vim pelo evento abrint 2026	27	abrint-evento	\N	\N	keyword	0.90	f	whatsapp	\N	\N		{}	t		\N	f	\N	{}	f	\N	\N	2026-04-03 22:49:29.881043-03	\N	\N	\N	3
16	51999006006	Vim pelo Evento ABRINT 2026	vim pelo evento abrint 2026	27	abrint-evento	\N	\N	keyword	0.90	f	whatsapp	\N	\N		{}	t		\N	f	\N	{}	f	\N	\N	2026-04-03 22:49:29.889167-03	\N	\N	\N	3
12	11999002002	Vim pelo Indicacao Parceiros	vim pelo indicacao parceiros	28	indicacao-parceiro	\N	\N	keyword	0.90	f	whatsapp	\N	\N		{}	t		\N	f	\N	{}	f	\N	\N	2026-04-03 22:49:29.876426-03	\N	\N	\N	3
13	21999003003	Vim pelo LinkedIn ISPs	vim pelo linkedin isps	22	linkedin-isp	\N	\N	keyword	0.90	f	whatsapp	\N	\N		{}	t		\N	f	\N	{}	f	\N	\N	2026-04-03 22:49:29.879517-03	\N	\N	\N	3
15	41999005005	Vim pelo LinkedIn ISPs	vim pelo linkedin isps	22	linkedin-isp	\N	\N	keyword	0.90	f	whatsapp	\N	\N		{}	t		\N	f	\N	{}	f	\N	\N	2026-04-03 22:49:29.884626-03	\N	\N	\N	3
\.


--
-- Data for Name: django_admin_log; Type: TABLE DATA; Schema: public; Owner: -
--

COPY public.django_admin_log (id, action_time, object_id, object_repr, action_flag, change_message, content_type_id, user_id) FROM stdin;
\.


--
-- Data for Name: django_content_type; Type: TABLE DATA; Schema: public; Owner: -
--

COPY public.django_content_type (id, app_label, model) FROM stdin;
1	admin	logentry
2	auth	permission
3	auth	group
4	auth	user
5	contenttypes	contenttype
6	sessions	session
7	sistema	plano
8	sistema	featureplano
9	sistema	tenant
10	sistema	perfilusuario
11	sistema	configuracaorecontato
12	sistema	configuracaoempresa
13	sistema	statusconfiguravel
14	sistema	logsistema
15	sistema	configuracaosistema
16	notificacoes	canalnotificacao
17	notificacoes	tiponotificacao
18	notificacoes	templatenotificacao
19	notificacoes	preferencianotificacao
20	notificacoes	notificacao
21	leads	leadprospecto
22	leads	imagemleadprospecto
23	leads	historicocontato
24	leads	prospecto
25	atendimento	atendimentofluxo
26	atendimento	fluxoatendimento
27	atendimento	questaofluxo
28	atendimento	respostaquestao
29	atendimento	tentativaresposta
30	cadastro	cadastrocliente
31	cadastro	configuracaocadastro
32	cadastro	documentolead
33	cadastro	opcaovencimento
34	cadastro	planointernet
35	viabilidade	cidadeviabilidade
36	crm	equipevendas
37	crm	membrosegmento
38	crm	metavendas
39	crm	oportunidadevenda
40	crm	notainterna
41	crm	alertaretencao
42	crm	perfilvendedor
43	crm	pipelineestagio
44	crm	historicopipelineestagio
45	crm	configuracaocrm
46	crm	segmentocrm
47	crm	tagcrm
48	crm	tarefacrm
49	crm	pipeline
50	campanhas	campanhatrafego
51	campanhas	deteccaocampanha
52	automacoes	acaoregra
53	automacoes	regraautomacao
54	automacoes	logexecucao
55	automacoes	condicaoregra
56	integracoes	integracaoapi
57	integracoes	clientehubsoft
58	integracoes	logintegracao
59	integracoes	servicoclientehubsoft
60	clube	bannerclube
61	clube	cidade
62	clube	landingconfig
63	clube	membroclube
64	clube	nivelclube
65	clube	participanteroleta
66	clube	premioroleta
67	clube	regrapontuacao
68	clube	extratopontuacao
69	clube	roletaconfig
70	clube	rouletteasset
71	parceiros	categoriaparceiro
72	parceiros	parceiro
73	parceiros	cupomdesconto
74	parceiros	resgatecupom
75	indicacoes	indicacaoconfig
76	indicacoes	indicacao
77	carteirinha	modelocarteirinha
78	carteirinha	carteirinhamembro
79	carteirinha	regraatribuicao
80	nps	configuracaonps
81	nps	pesquisanps
82	retencao	alertachurn
83	retencao	acaoretencao
84	retencao	scorecliente
85	suporte	categoriaticket
86	suporte	ticket
87	suporte	comentarioticket
88	suporte	slaconfig
89	automacoes	nodofluxo
90	automacoes	controleexecucao
91	automacoes	execucaopendente
92	automacoes	conexaonodo
93	inbox	canalinbox
94	inbox	etiquetaconversa
95	inbox	conversa
96	inbox	mensagem
97	inbox	notainternaconversa
98	inbox	respostarapida
99	inbox	historicotransferencia
100	inbox	horarioatendimento
101	inbox	membroequipeinbox
102	inbox	perfilagenteinbox
103	inbox	regraroteamento
104	inbox	configuracaoinbox
105	inbox	equipeinbox
106	inbox	filainbox
107	inbox	categoriafaq
108	inbox	widgetconfig
109	inbox	artigofaq
110	sistema	permissaousuario
111	sistema	perfilpermissao
112	sistema	funcionalidade
113	suporte	categoriaconhecimento
114	suporte	artigoconhecimento
115	leads	campocustomizado
116	atendimento	nodofluxoatendimento
117	atendimento	execucaofluxoatendimento
118	atendimento	conexaonodoatendimento
119	atendimento	logfluxoatendimento
120	emails	categoriatemplate
121	emails	templateemail
122	emails	envioemail
123	suporte	historicoticket
\.


--
-- Data for Name: django_migrations; Type: TABLE DATA; Schema: public; Owner: -
--

COPY public.django_migrations (id, app, name, applied) FROM stdin;
1	contenttypes	0001_initial	2026-04-03 14:14:11.360059-03
2	auth	0001_initial	2026-04-03 14:14:11.467688-03
3	admin	0001_initial	2026-04-03 14:14:11.493093-03
4	admin	0002_logentry_remove_auto_add	2026-04-03 14:14:11.502158-03
5	admin	0003_logentry_add_action_flag_choices	2026-04-03 14:14:11.510108-03
6	sistema	0001_initial	2026-04-03 14:14:11.741422-03
7	campanhas	0001_initial	2026-04-03 14:14:11.821837-03
8	leads	0001_initial	2026-04-03 14:14:13.083139-03
9	atendimento	0001_initial	2026-04-03 14:14:13.122426-03
10	atendimento	0002_initial	2026-04-03 14:14:14.565833-03
11	contenttypes	0002_remove_content_type_name	2026-04-03 14:14:14.650386-03
12	auth	0002_alter_permission_name_max_length	2026-04-03 14:14:14.727367-03
13	auth	0003_alter_user_email_max_length	2026-04-03 14:14:14.760262-03
14	auth	0004_alter_user_username_opts	2026-04-03 14:14:14.778716-03
15	auth	0005_alter_user_last_login_null	2026-04-03 14:14:14.807417-03
16	auth	0006_require_contenttypes_0002	2026-04-03 14:14:14.808419-03
17	auth	0007_alter_validators_add_error_messages	2026-04-03 14:14:14.831569-03
18	auth	0008_alter_user_username_max_length	2026-04-03 14:14:14.864928-03
19	auth	0009_alter_user_last_name_max_length	2026-04-03 14:14:14.888149-03
20	auth	0010_alter_group_name_max_length	2026-04-03 14:14:14.963784-03
21	auth	0011_update_proxy_permissions	2026-04-03 14:14:15.019921-03
22	auth	0012_alter_user_first_name_max_length	2026-04-03 14:14:15.040401-03
23	auth	0013_user_telefone	2026-04-03 14:14:15.064574-03
24	automacoes	0001_initial	2026-04-03 14:14:15.605546-03
25	cadastro	0001_initial	2026-04-03 14:14:15.701139-03
26	cadastro	0002_initial	2026-04-03 14:14:17.109847-03
27	campanhas	0002_initial	2026-04-03 14:14:18.138991-03
28	campanhas	0003_alter_campanhatrafego_codigo_and_more	2026-04-03 14:14:18.267207-03
29	clube	0001_initial	2026-04-03 14:14:19.19955-03
30	carteirinha	0001_initial	2026-04-03 14:14:19.461474-03
31	clube	0002_alter_regrapontuacao_gatilho_and_more	2026-04-03 14:14:19.667109-03
32	clube	0003_alter_cidade_nome_alter_membroclube_codigo_indicacao_and_more	2026-04-03 14:14:20.077746-03
33	integracoes	0001_initial	2026-04-03 14:14:20.881517-03
34	crm	0001_initial	2026-04-03 14:14:23.652264-03
35	crm	0002_alter_pipelineestagio_slug_pipeline_and_more	2026-04-03 14:14:24.229994-03
36	crm	0003_alter_tagcrm_nome_alter_tagcrm_unique_together	2026-04-03 14:14:24.390052-03
37	indicacoes	0001_initial	2026-04-03 14:14:24.555727-03
38	integracoes	0002_alter_integracaoapi_access_token_and_more	2026-04-03 14:14:24.570559-03
39	notificacoes	0001_initial	2026-04-03 14:14:25.160802-03
40	notificacoes	0002_alter_canalnotificacao_codigo_and_more	2026-04-03 14:14:25.556062-03
41	nps	0001_initial	2026-04-03 14:14:25.74806-03
42	parceiros	0001_initial	2026-04-03 14:14:26.316119-03
43	parceiros	0002_alter_categoriaparceiro_slug_and_more	2026-04-03 14:14:27.008016-03
44	retencao	0001_initial	2026-04-03 14:14:27.467997-03
45	sessions	0001_initial	2026-04-03 14:14:27.48404-03
46	suporte	0001_initial	2026-04-03 14:14:28.320232-03
47	viabilidade	0001_initial	2026-04-03 14:14:28.527299-03
48	automacoes	0002_logexecucao_lead_regraautomacao_cooldown_horas_and_more	2026-04-03 22:46:09.659892-03
49	automacoes	0003_alter_regraautomacao_evento	2026-04-03 22:46:09.718555-03
50	inbox	0001_initial	2026-04-03 22:46:10.981835-03
51	inbox	0002_historicotransferencia_horarioatendimento_and_more	2026-04-03 23:29:00.26529-03
52	inbox	0003_categoriafaq_artigofaq_widgetconfig	2026-04-04 00:12:51.844857-03
53	automacoes	0004_alter_regraautomacao_evento	2026-04-04 17:51:44.471605-03
54	sistema	0002_permissaousuario	2026-04-05 15:48:19.608008-03
55	sistema	0003_remove_permissaousuario_acesso_comercial_and_more	2026-04-05 20:36:32.981527-03
56	sistema	0004_funcionalidade_and_more	2026-04-05 20:53:58.334988-03
57	inbox	0004_alter_canalinbox_unique_together_and_more	2026-04-05 23:29:07.993475-03
58	integracoes	0003_integracaoapi_tenant_alter_integracaoapi_tipo	2026-04-05 23:29:08.154036-03
59	suporte	0002_categoriaconhecimento_artigoconhecimento	2026-04-06 10:46:55.188739-03
60	leads	0002_leadprospecto_dados_custom_campocustomizado	2026-04-06 14:00:47.969013-03
61	atendimento	0003_fluxoatendimento_fluxo_json_and_more	2026-04-06 17:50:26.703794-03
62	atendimento	0004_fluxoatendimento_canal	2026-04-06 18:10:27.658145-03
63	atendimento	0005_logfluxoatendimento	2026-04-06 18:19:47.778488-03
64	sistema	0005_logsistema_acao_logsistema_categoria_and_more	2026-04-06 23:35:58.173246-03
65	emails	0001_initial	2026-04-06 23:58:23.820397-03
66	integracoes	0004_clientehubsoft_tenant_logintegracao_tenant_and_more	2026-04-07 20:09:21.473435-03
67	integracoes	0005_integracaoapi_api_token	2026-04-07 20:20:55.551286-03
68	crm	0004_oportunidadevenda_dados_custom	2026-04-07 23:29:45.06128-03
69	leads	0003_alter_campocustomizado_options_and_more	2026-04-07 23:29:45.871136-03
70	atendimento	0006_alter_nodofluxoatendimento_tipo	2026-04-08 14:02:10.485925-03
71	inbox	0005_canalinbox_fluxo	2026-04-08 15:08:25.46951-03
72	inbox	0006_alter_horarioatendimento_unique_together_and_more	2026-04-09 22:33:42.712072-03
73	atendimento	0007_atendimentofluxo_motivo_finalizacao_and_more	2026-04-10 00:47:44.137142-03
74	suporte	0003_historicoticket	2026-04-10 02:48:33.015803-03
75	suporte	0004_categoriaticket_fila_padrao	2026-04-10 02:50:38.60625-03
76	suporte	0005_ticket_csat_comentario_ticket_csat_data_and_more	2026-04-10 02:59:05.42296-03
77	sistema	0006_configuracaoempresa_enviar_leads_integracao_and_more	2026-04-10 14:37:23.456031-03
\.


--
-- Data for Name: django_session; Type: TABLE DATA; Schema: public; Owner: -
--

COPY public.django_session (session_key, session_data, expire_date) FROM stdin;
gkkwgkzcerap5p9j57eghq25xmlzbwxn	.eJxVjMsOwiAQRf-FtSEdHmVw6d5vIDNApWogKe3K-O_apAvd3nPOfYlA21rC1vMS5iTOAsXpd2OKj1x3kO5Ub03GVtdlZrkr8qBdXlvKz8vh_h0U6uVbgzPZOKUYJ_LRsUUerOfExmqyqCyoiGYyKoKLo1bkIZPGAQhAj-jF-wPQATbh:1wABaw:r7rXzJLG4NaW08hVuMe_L0XtCxRntxXN-7nevnn56-s	2026-04-21 15:56:14.208029-03
k1oaxg47ogonb1dji3m2wsu1oojcpvst	.eJxVi80KAiEQgN_Fc4jpqGPHYJ9DZmxEqY0ld0_Ru1ewh7p-P0-VaVtb3oY8cr-ok0J1-GVM5Sr3r6BlGXr0scpMesdDTzP123mP_s5Go302B1x9MIJAyIVjZPCewKbKhPaIqXrxWCqY4EwBMUGirzYZR4GKRfV6AzM6NQ4:1wAH9X:L0z87sQxfFVUU885x-WRLtcwRsBh-wCyp69vecXxDZs	2026-04-21 21:52:19.780597-03
pjeczh9nv8rljl96ee9xtx1p0dhx0qug	.eJxVi0sKwjAQQO-StYR8psnoUvAcYZJJSNBKcdqVeHcVutDt-zxVom3taZP6SIPVSVl1-GWZyrXev4KWRbQMWetMeseiLzON23mP_s5O0j-bs5Ztyw1ryL4QxskVdAWAOIYWuPqIaMBT8M3ABMVhZM85QyBrjqBebzRGNPw:1wAch4:CuAsDGls9Yymh1DU-a_QdH0fSXsAOPZtCv53_2Y2vWQ	2026-04-22 20:52:22.301329-03
5l48giaffozlipylh5rxdah0lt0j2rzi	.eJxVi80KAiEQgN_Fc4jpqGPHYJ9DZmxEqY0ld0_Ru1ewh7p-P0-VaVtb3oY8cr-ok0J1-GVM5Sr3r6BlGXr0scpMesdDTzP123mP_s5Go302B1x9MIJAyIVjZPCewKbKhPaIqXrxWCqY4EwBMUGirzYZR4GKRfV6AzM6NQ4:1wAu2F:Jgd8iYeapQQsc7YHZGF8mzQ2STu_HIKbbxlnWAXQkAc	2026-04-23 15:23:23.2294-03
awllht9sf7wbx1sli9g4eehl9nag2gvg	.eJxVi0sKwjAQQO-StZS0k8nHpdBzhEkyIUErxWlX4t1V6EK37_NUkfatxV34EXtRZzWiOv3CRPnK96-hdZVBumy80HBgGeaF-u1yRH9nI2mfDTCY6nXNyRVgrhCSy-RH4x3awmECTc4kX5gYrSarEaaEHqxxGUpQrzddNTVJ:1wB64Q:lH-lDWLc-pSOhtTNoT_4TPO5YCHTYPNCNjIMAxeaP18	2026-04-24 04:14:26.21905-03
\.


--
-- Data for Name: documentos_lead; Type: TABLE DATA; Schema: public; Owner: -
--

COPY public.documentos_lead (id, tipo_documento, arquivo_base64, nome_arquivo, tamanho_arquivo, formato_arquivo, status, observacoes_validacao, data_upload, data_validacao, validado_por, lead_id, tenant_id) FROM stdin;
\.


--
-- Data for Name: fluxos_atendimento; Type: TABLE DATA; Schema: public; Owner: -
--

COPY public.fluxos_atendimento (id, nome, descricao, tipo_fluxo, status, max_tentativas, tempo_limite_minutos, permite_pular_questoes, data_criacao, data_atualizacao, criado_por, ativo, tenant_id, fluxo_json, modo_fluxo, canal, recontato_ativo, recontato_config) FROM stdin;
3	Qualificacao de Lead Aurora	Fluxo visual de qualificacao: pergunta nome, verifica origem, envia WhatsApp ou cria tarefa, pergunta plano e finaliza com score.	qualificacao	ativo	3	\N	f	2026-04-06 18:04:04.643056-03	2026-04-06 18:04:04.644496-03	\N	t	3	{"drawflow": {"Home": {"data": {"1": {"id": 1, "data": {"nome": "Inicio Fluxo", "tipo": "entrada", "config": {}, "subtipo": "inicio_fluxo"}, "html": "<div class=\\"title-box\\"><i class=\\"fas fa-play-circle\\" style=\\"color:#3b82f6;\\"></i> Inicio Fluxo</div><div class=\\"box\\">Ponto de entrada</div>", "name": "node_1", "class": "node_1", "pos_x": -26, "pos_y": 247, "inputs": {}, "outputs": {"output_1": {"connections": [{"node": "3", "output": "input_1"}]}}, "typenode": false}, "2": {"id": 2, "data": {"nome": "Texto", "tipo": "questao", "config": {"titulo": "Qual seu nome completo?", "descricao": "Precisamos do seu nome para prosseguir.", "obrigatoria": true, "mensagem_erro": "Por favor, informe seu nome.", "max_tentativas": 3}, "subtipo": "texto"}, "html": "<div class=\\"title-box\\"><i class=\\"fas fa-comment-dots\\" style=\\"color:#0891b2;\\"></i> Texto</div><div class=\\"box\\"><span class=\\"node-subtipo\\">texto</span></div>", "name": "node_2", "class": "node_2", "pos_x": 356, "pos_y": 83, "inputs": {"input_1": {"connections": [{"node": "3", "input": "output_1"}]}}, "outputs": {"output_1": {"connections": [{"node": "4", "output": "input_1"}]}}, "typenode": false}, "3": {"id": 3, "data": {"nome": "Criar Oportunidade", "tipo": "acao", "config": {"titulo": "{{lead_nome}}"}, "subtipo": "criar_oportunidade"}, "html": "<div class=\\"title-box\\"><i class=\\"fas fa-funnel-dollar\\" style=\\"color:#8b5cf6;\\"></i> Criar Oportunidade</div><div class=\\"box\\">Criar Oportunidade</div>", "name": "node_3", "class": "node_3", "pos_x": 122, "pos_y": 85, "inputs": {"input_1": {"connections": [{"node": "1", "input": "output_1"}]}}, "outputs": {"output_1": {"connections": [{"node": "2", "output": "input_1"}]}}, "typenode": false}, "4": {"id": 4, "data": {"nome": "Texto", "tipo": "questao", "config": {"titulo": "Em qual cidade voce mora?", "obrigatoria": true}, "subtipo": "texto"}, "html": "<div class=\\"title-box\\"><i class=\\"fas fa-comment-dots\\" style=\\"color:#0891b2;\\"></i> Texto</div><div class=\\"box\\"><span class=\\"node-subtipo\\">texto</span></div>", "name": "node_4", "class": "node_4", "pos_x": 550, "pos_y": 250, "inputs": {"input_1": {"connections": [{"node": "2", "input": "output_1"}]}}, "outputs": {"output_1": {"connections": [{"node": "5", "output": "input_1"}]}}, "typenode": false}, "5": {"id": 5, "data": {"nome": "Resposta Check", "tipo": "condicao", "config": {"campo": "ultima_resposta", "valor": "Recife", "operador": "igual"}, "subtipo": "resposta_check"}, "html": "<div class=\\"title-box\\"><i class=\\"fas fa-code-branch\\" style=\\"color:#d97706;\\"></i> Resposta Check</div><div class=\\"box\\">✅ Sim &nbsp;&nbsp; ❌ Nao</div>", "name": "node_5", "class": "node_5", "pos_x": 800, "pos_y": 250, "inputs": {"input_1": {"connections": [{"node": "4", "input": "output_1"}]}}, "outputs": {"output_1": {"connections": [{"node": "6", "output": "input_1"}]}, "output_2": {"connections": [{"node": "7", "output": "input_1"}]}}, "typenode": false}, "6": {"id": 6, "data": {"nome": "Enviar Whatsapp", "tipo": "acao", "config": {"template": "Ola {{lead_nome}}! Temos cobertura em Recife. Vamos agendar uma visita tecnica?", "webhook_url": ""}, "subtipo": "enviar_whatsapp"}, "html": "<div class=\\"title-box\\"><i class=\\"fab fa-whatsapp\\" style=\\"color:#25D366;\\"></i> Enviar Whatsapp</div><div class=\\"box\\">Enviar Whatsapp</div>", "name": "node_6", "class": "node_6", "pos_x": 1050, "pos_y": 150, "inputs": {"input_1": {"connections": [{"node": "5", "input": "output_1"}]}}, "outputs": {"output_1": {"connections": [{"node": "8", "output": "input_1"}]}}, "typenode": false}, "7": {"id": 7, "data": {"nome": "Criar Tarefa", "tipo": "acao", "config": {"titulo": "Lead fora de cobertura: {{lead_nome}}", "prioridade": "media", "tipo_tarefa": "ligacao"}, "subtipo": "criar_tarefa"}, "html": "<div class=\\"title-box\\"><i class=\\"fas fa-tasks\\" style=\\"color:#3b82f6;\\"></i> Criar Tarefa</div><div class=\\"box\\">Criar Tarefa</div>", "name": "node_7", "class": "node_7", "pos_x": 1050, "pos_y": 380, "inputs": {"input_1": {"connections": [{"node": "5", "input": "output_2"}]}}, "outputs": {"output_1": {"connections": [{"node": "8", "output": "input_1"}]}}, "typenode": false}, "8": {"id": 8, "data": {"nome": "Select", "tipo": "questao", "config": {"titulo": "Qual plano te interessa?", "obrigatoria": true, "opcoes_resposta": ["100 Mega - R$ 79,90", "200 Mega - R$ 99,90", "400 Mega - R$ 129,90", "600 Mega - R$ 159,90"]}, "subtipo": "select"}, "html": "<div class=\\"title-box\\"><i class=\\"fas fa-comment-dots\\" style=\\"color:#0891b2;\\"></i> Select</div><div class=\\"box\\"><span class=\\"node-subtipo\\">select</span></div>", "name": "node_8", "class": "node_8", "pos_x": 1300, "pos_y": 250, "inputs": {"input_1": {"connections": [{"node": "6", "input": "output_1"}, {"node": "7", "input": "output_1"}]}}, "outputs": {"output_1": {"connections": [{"node": "9", "output": "input_1"}]}}, "typenode": false}, "9": {"id": 9, "data": {"nome": "Notificacao Sistema", "tipo": "acao", "config": {"titulo": "Lead qualificado", "template": "Lead {{lead_nome}} de {{lead_cidade}} quer o plano: {{ultima_resposta}}"}, "subtipo": "notificacao_sistema"}, "html": "<div class=\\"title-box\\"><i class=\\"fas fa-bell\\" style=\\"color:#f59e0b;\\"></i> Notificacao Sistema</div><div class=\\"box\\">Notificacao Sistema</div>", "name": "node_9", "class": "node_9", "pos_x": 1550, "pos_y": 250, "inputs": {"input_1": {"connections": [{"node": "8", "input": "output_1"}]}}, "outputs": {"output_1": {"connections": [{"node": "10", "output": "input_1"}]}}, "typenode": false}, "10": {"id": 10, "data": {"nome": "Calcular Score", "tipo": "finalizacao", "config": {"score": 8, "mensagem_final": "Obrigado! Entraremos em contato em breve."}, "subtipo": "calcular_score"}, "html": "<div class=\\"title-box\\"><i class=\\"fas fa-flag-checkered\\" style=\\"color:#e11d48;\\"></i> Calcular Score</div><div class=\\"box\\">Fim do fluxo</div>", "name": "node_10", "class": "node_10", "pos_x": 1800, "pos_y": 250, "inputs": {"input_1": {"connections": [{"node": "9", "input": "output_1"}]}}, "outputs": {}, "typenode": false}}}}}	t	whatsapp	f	{}
4	Qualificacao FATEPI - IA	Fluxo de qualificacao com agente IA modular	qualificacao	inativo	3	\N	f	2026-04-08 14:46:32.336622-03	2026-04-08 14:46:32.336622-03	\N	f	7	{}	t	whatsapp	f	{}
1	Fluxo de Vendas WhatsApp	\N	qualificacao	ativo	3	\N	f	2026-04-03 22:49:26.741299-03	2026-04-03 22:49:26.742445-03	\N	t	4	{}	t	qualquer	f	{}
2	Fluxo Qualificacao B2B	\N	qualificacao	ativo	3	\N	f	2026-04-03 22:49:29.716264-03	2026-04-03 22:49:29.717258-03	\N	t	3	{}	t	qualquer	f	{}
5	FATEPI - Qualificacao IA v2	Fluxo completo com IA integrada nas questoes	qualificacao	inativo	3	\N	f	2026-04-08 17:33:20.535168-03	2026-04-08 17:33:20.535168-03	\N	f	7	{"drawflow": {"Home": {"data": {"1": {"id": 1, "data": {"nome": "Campo Check", "tipo": "condicao", "config": {"campo": "var.decisao_matricula", "valor": "sim", "operador": "igual"}, "subtipo": "campo_check"}, "html": "<div class=\\"title-box\\"><i class=\\"fas fa-code-branch\\" style=\\"color:#d97706;\\"></i> Campo Check</div><div class=\\"box\\">✅ Sim &nbsp;&nbsp; ❌ Nao</div>", "name": "node_1", "class": "node_1", "pos_x": 2550, "pos_y": 300, "inputs": {"input_1": {"connections": [{"node": "3", "input": "output_1"}]}}, "outputs": {"output_1": {"connections": [{"node": "2", "output": "input_1"}]}, "output_2": {"connections": [{"node": "17", "output": "input_1"}]}}, "typenode": false}, "2": {"id": 2, "data": {"nome": "Mover Estagio", "tipo": "acao", "config": {"estagio": "agendado"}, "subtipo": "mover_estagio"}, "html": "<div class=\\"title-box\\"><i class=\\"fas fa-columns\\" style=\\"color:#8b5cf6;\\"></i> Mover Estagio</div><div class=\\"box\\">Mover Estagio</div>", "name": "node_2", "class": "node_2", "pos_x": 2800, "pos_y": 200, "inputs": {"input_1": {"connections": [{"node": "1", "input": "output_1"}]}}, "outputs": {"output_1": {"connections": [{"node": "14", "output": "input_1"}]}}, "typenode": false}, "3": {"id": 3, "data": {"nome": "Texto", "tipo": "questao", "config": {"titulo": "", "ia_acao": "classificar", "ia_modelo": "gpt-4o-mini", "validacao": "texto", "ia_categorias": ["sim", "nao", "duvida"], "espera_resposta": false, "integracao_ia_id": "4", "prompt_validacao": "O candidato respondeu sobre fazer a matricula. Classifique a intencao.", "ia_variavel_saida": "decisao_matricula"}, "subtipo": "texto"}, "html": "<div class=\\"title-box\\"><i class=\\"fas fa-comment-dots\\" style=\\"color:#0891b2;\\"></i> Texto</div><div class=\\"box\\">✅ Sucesso &nbsp;&nbsp; ❌ Fallback</div>", "name": "node_3", "class": "node_3", "pos_x": 2300, "pos_y": 300, "inputs": {"input_1": {"connections": [{"node": "13", "input": "output_1"}]}}, "outputs": {"output_1": {"connections": [{"node": "1", "output": "input_1"}]}, "output_2": {"connections": []}}, "typenode": false}, "4": {"id": 4, "data": {"nome": "Inicio Fluxo", "tipo": "entrada", "config": {"canal": "whatsapp"}, "subtipo": "inicio_fluxo"}, "html": "<div class=\\"title-box\\"><i class=\\"fas fa-play-circle\\" style=\\"color:#3b82f6;\\"></i> Inicio Fluxo</div><div class=\\"box\\">Ponto de entrada</div>", "name": "node_4", "class": "node_4", "pos_x": 50, "pos_y": 300, "inputs": {}, "outputs": {"output_1": {"connections": [{"node": "5", "output": "input_1"}]}}, "typenode": false}, "5": {"id": 5, "data": {"nome": "Texto", "tipo": "questao", "config": {"titulo": "Ola! Sou o Pedro, consultor de ingresso da FATEPI/FAESPI. Para eu te passar os detalhes da bolsa, qual seu nome completo?", "ia_acao": "extrair", "ia_modelo": "gpt-4o-mini", "salvar_em": "nome_razaosocial", "validacao": "texto", "mensagem_erro": "Por favor, me informe seu nome completo.", "max_tentativas": 3, "espera_resposta": true, "integracao_ia_id": "4", "prompt_validacao": "Extraia o nome completo da pessoa da mensagem.", "ia_campos_extrair": [{"nome": "nome_razaosocial", "tipo": "string", "descricao": "Nome completo da pessoa"}], "ia_salvar_no_lead": true}, "subtipo": "texto"}, "html": "<div class=\\"title-box\\"><i class=\\"fas fa-comment-dots\\" style=\\"color:#0891b2;\\"></i> Texto</div><div class=\\"box\\">✅ Sucesso &nbsp;&nbsp; ❌ Fallback</div>", "name": "node_5", "class": "node_5", "pos_x": 300, "pos_y": 300, "inputs": {"input_1": {"connections": [{"node": "4", "input": "output_1"}]}}, "outputs": {"output_1": {"connections": [{"node": "6", "output": "input_1"}]}, "output_2": {"connections": []}}, "typenode": false}, "6": {"id": 6, "data": {"nome": "Texto", "tipo": "questao", "config": {"titulo": "Prazer! Qual curso voce tem interesse? Nossos cursos: Direito, Sistemas de Informacao, Psicologia, Enfermagem, Fisioterapia, Administracao, Ciencias Contabeis, Pedagogia, Fonoaudiologia, Educacao Fisica e Servico Social.", "ia_acao": "classificar_extrair", "ia_modelo": "gpt-4o-mini", "validacao": "texto", "ia_categorias": ["curso_valido", "curso_invalido"], "mensagem_erro": "Por favor, escolha um dos cursos listados.", "max_tentativas": 3, "espera_resposta": true, "integracao_ia_id": "4", "prompt_validacao": "Cursos validos: Direito, Sistemas de Informacao, Psicologia, Enfermagem, Fisioterapia, Administracao, Ciencias Contabeis, Pedagogia, Fonoaudiologia, Educacao Fisica, Servico Social. Verifique se o usuario mencionou um curso valido.", "ia_campos_extrair": [{"nome": "oport.dados_custom.curso_interesse", "tipo": "string", "descricao": "Curso de interesse escolhido"}], "ia_salvar_no_lead": true, "ia_variavel_saida": "validacao_curso"}, "subtipo": "texto"}, "html": "<div class=\\"title-box\\"><i class=\\"fas fa-comment-dots\\" style=\\"color:#0891b2;\\"></i> Texto</div><div class=\\"box\\">✅ Sucesso &nbsp;&nbsp; ❌ Fallback</div>", "name": "node_6", "class": "node_6", "pos_x": 550, "pos_y": 300, "inputs": {"input_1": {"connections": [{"node": "5", "input": "output_1"}]}}, "outputs": {"output_1": {"connections": [{"node": "7", "output": "input_1"}]}, "output_2": {"connections": []}}, "typenode": false}, "7": {"id": 7, "data": {"nome": "Campo Check", "tipo": "condicao", "config": {"campo": "var.validacao_curso", "valor": "curso_valido", "operador": "igual"}, "subtipo": "campo_check"}, "html": "<div class=\\"title-box\\"><i class=\\"fas fa-code-branch\\" style=\\"color:#d97706;\\"></i> Campo Check</div><div class=\\"box\\">✅ Sim &nbsp;&nbsp; ❌ Nao</div>", "name": "node_7", "class": "node_7", "pos_x": 800, "pos_y": 300, "inputs": {"input_1": {"connections": [{"node": "6", "input": "output_1"}, {"node": "8", "input": "output_1"}]}}, "outputs": {"output_1": {"connections": [{"node": "9", "output": "input_1"}]}, "output_2": {"connections": [{"node": "8", "output": "input_1"}]}}, "typenode": false}, "8": {"id": 8, "data": {"nome": "Texto", "tipo": "questao", "config": {"titulo": "Desculpe, nao temos esse curso. Nossos cursos sao: Direito, Sistemas de Informacao, Psicologia, Enfermagem, Fisioterapia, Administracao, Ciencias Contabeis, Pedagogia, Fonoaudiologia, Educacao Fisica e Servico Social. Qual deles te interessa?", "ia_acao": "classificar_extrair", "ia_modelo": "gpt-4o-mini", "validacao": "texto", "ia_categorias": ["curso_valido", "curso_invalido"], "espera_resposta": true, "integracao_ia_id": "4", "prompt_validacao": "Cursos validos: Direito, Sistemas de Informacao, Psicologia, Enfermagem, Fisioterapia, Administracao, Ciencias Contabeis, Pedagogia, Fonoaudiologia, Educacao Fisica, Servico Social.", "ia_campos_extrair": [{"nome": "oport.dados_custom.curso_interesse", "tipo": "string", "descricao": "Curso de interesse"}], "ia_salvar_no_lead": true, "ia_variavel_saida": "validacao_curso"}, "subtipo": "texto"}, "html": "<div class=\\"title-box\\"><i class=\\"fas fa-comment-dots\\" style=\\"color:#0891b2;\\"></i> Texto</div><div class=\\"box\\">✅ Sucesso &nbsp;&nbsp; ❌ Fallback</div>", "name": "node_8", "class": "node_8", "pos_x": 800, "pos_y": 500, "inputs": {"input_1": {"connections": [{"node": "7", "input": "output_2"}]}}, "outputs": {"output_1": {"connections": [{"node": "7", "output": "input_1"}]}, "output_2": {"connections": []}}, "typenode": false}, "9": {"id": 9, "data": {"nome": "Criar Oportunidade", "tipo": "acao", "config": {"titulo": "{{lead_nome}} - {{oport_dados_custom_curso_interesse}}"}, "subtipo": "criar_oportunidade"}, "html": "<div class=\\"title-box\\"><i class=\\"fas fa-funnel-dollar\\" style=\\"color:#8b5cf6;\\"></i> Criar Oportunidade</div><div class=\\"box\\">Criar Oportunidade</div>", "name": "node_9", "class": "node_9", "pos_x": 1050, "pos_y": 300, "inputs": {"input_1": {"connections": [{"node": "7", "input": "output_1"}]}}, "outputs": {"output_1": {"connections": [{"node": "10", "output": "input_1"}]}}, "typenode": false}, "10": {"id": 10, "data": {"nome": "Mover Estagio", "tipo": "acao", "config": {"estagio": "qualificacao"}, "subtipo": "mover_estagio"}, "html": "<div class=\\"title-box\\"><i class=\\"fas fa-columns\\" style=\\"color:#8b5cf6;\\"></i> Mover Estagio</div><div class=\\"box\\">Mover Estagio</div>", "name": "node_10", "class": "node_10", "pos_x": 1300, "pos_y": 300, "inputs": {"input_1": {"connections": [{"node": "9", "input": "output_1"}]}}, "outputs": {"output_1": {"connections": [{"node": "11", "output": "input_1"}]}}, "typenode": false}, "11": {"id": 11, "data": {"nome": "Texto", "tipo": "questao", "config": {"titulo": "O curso e presencial, de segunda a sexta, das 18h30 as 21h40. Como voce pretende ingressar: Nota do ENEM, Prova Online ou Transferencia?", "ia_acao": "extrair", "ia_modelo": "gpt-4o-mini", "validacao": "texto", "espera_resposta": true, "integracao_ia_id": "4", "prompt_validacao": "Formas de ingresso validas: ENEM, Prova Online, Transferencia.", "ia_campos_extrair": [{"nome": "oport.dados_custom.forma_ingresso", "tipo": "string", "descricao": "Forma de ingresso: ENEM, Prova Online ou Transferencia"}], "ia_salvar_no_lead": true}, "subtipo": "texto"}, "html": "<div class=\\"title-box\\"><i class=\\"fas fa-comment-dots\\" style=\\"color:#0891b2;\\"></i> Texto</div><div class=\\"box\\">✅ Sucesso &nbsp;&nbsp; ❌ Fallback</div>", "name": "node_11", "class": "node_11", "pos_x": 1550, "pos_y": 300, "inputs": {"input_1": {"connections": [{"node": "10", "input": "output_1"}]}}, "outputs": {"output_1": {"connections": [{"node": "12", "output": "input_1"}]}, "output_2": {"connections": []}}, "typenode": false}, "12": {"id": 12, "data": {"nome": "Mover Estagio", "tipo": "acao", "config": {"estagio": "qualificado"}, "subtipo": "mover_estagio"}, "html": "<div class=\\"title-box\\"><i class=\\"fas fa-columns\\" style=\\"color:#8b5cf6;\\"></i> Mover Estagio</div><div class=\\"box\\">Mover Estagio</div>", "name": "node_12", "class": "node_12", "pos_x": 1800, "pos_y": 300, "inputs": {"input_1": {"connections": [{"node": "11", "input": "output_1"}]}}, "outputs": {"output_1": {"connections": [{"node": "13", "output": "input_1"}]}}, "typenode": false}, "13": {"id": 13, "data": {"nome": "Ia Respondedor", "tipo": "ia_respondedor", "config": {"modelo": "gpt-4o-mini", "max_historico": 10, "system_prompt": "Voce e o Pedro, consultor da FATEPI/FAESPI.\\n\\nO candidato {{nome_razaosocial}} escolheu o curso {{oport_dados_custom_curso_interesse}} e vai ingressar via {{oport_dados_custom_forma_ingresso}}.\\n\\nApresente os valores do curso usando a coluna correta da tabela (ENEM, Vestibular/Prova Online, ou Transferencia).\\n\\nApresente: Valor Integral, Matricula Promocional e Mensalidade.\\nDepois apresente as bolsas progressivas: 65% em 2026.1, 60% em 2026.2, 55% em 2027.1, 50% a partir de 2027.2.\\n\\nNo final pergunte: Se garantirmos essa condicao hoje, voce consegue finalizar sua matricula?\\n\\nTabela de valores:\\nDireito: Integral R$ 1.500 | Vestibular R$ 199 | ENEM R$ 49,99 | Transferencia R$ 99,99 | Mensalidade R$ 525\\nSistemas de Informacao: Integral R$ 1.000 | Vestibular R$ 149 | ENEM R$ 49,99 | Transferencia R$ 99,99 | Mensalidade R$ 350\\nPedagogia: Integral R$ 840 | Vestibular R$ 139 | ENEM R$ 49,99 | Transferencia R$ 99,99 | Mensalidade R$ 294\\nFonoaudiologia: Integral R$ 1.380 | Vestibular R$ 169 | ENEM R$ 49,99 | Transferencia R$ 99,99 | Mensalidade R$ 483\\nPsicologia: Integral R$ 1.630 | Vestibular R$ 199 | ENEM R$ 49,99 | Transferencia R$ 99,99 | Mensalidade R$ 570,50\\nFisioterapia: Integral R$ 1.380 | Vestibular R$ 169 | ENEM R$ 49,99 | Transferencia R$ 99,99 | Mensalidade R$ 483\\nEducacao Fisica: Integral R$ 840 | Vestibular R$ 139 | ENEM R$ 49,99 | Transferencia R$ 99,99 | Mensalidade R$ 294\\nEnfermagem: Integral R$ 1.380 | Vestibular R$ 169 | ENEM R$ 49,99 | Transferencia R$ 99,99 | Mensalidade R$ 483\\nAdministracao: Integral R$ 890 | Vestibular R$ 139 | ENEM R$ 49,99 | Transferencia R$ 99,99 | Mensalidade R$ 311,50\\nCiencias Contabeis: Integral R$ 890 | Vestibular R$ 139 | ENEM R$ 49,99 | Transferencia R$ 99,99 | Mensalidade R$ 311,50\\nServico Social: Integral R$ 840 | Vestibular R$ 139 | ENEM R$ 49,99 | Transferencia R$ 99,99 | Mensalidade R$ 294\\n\\nTexto puro sem markdown. Paragrafos curtos.", "integracao_ia_id": 4, "incluir_historico": true}, "subtipo": "ia_respondedor"}, "html": "<div class=\\"title-box\\"><i class=\\"fas fa-comment-dots\\" style=\\"color:#8b5cf6;\\"></i> Ia Respondedor</div><div class=\\"box\\">Gera resposta com IA</div>", "name": "node_13", "class": "node_13", "pos_x": 2050, "pos_y": 300, "inputs": {"input_1": {"connections": [{"node": "12", "input": "output_1"}]}}, "outputs": {"output_1": {"connections": [{"node": "3", "output": "input_1"}]}}, "typenode": false}, "14": {"id": 14, "data": {"nome": "Texto", "tipo": "questao", "config": {"titulo": "Excelente! Para garantir sua vaga, realize o pagamento da matricula pelo PIX abaixo:\\n\\nPIX: 00020126580014br.gov.bcb.pix013652d3c4c3-6213-459a-bd59-ac47480dd1945204000053039865802BR5925GILCIFRAN VIEIRA DE SOUSA6008TERESINA62070503***630427D9\\n\\nAssim que realizar o pagamento, me envie o comprovante para confirmarmos sua matricula!", "validacao": "texto", "espera_resposta": true}, "subtipo": "texto"}, "html": "<div class=\\"title-box\\"><i class=\\"fas fa-comment-dots\\" style=\\"color:#0891b2;\\"></i> Texto</div><div class=\\"box\\">✅ Sucesso &nbsp;&nbsp; ❌ Fallback</div>", "name": "node_14", "class": "node_14", "pos_x": 3050, "pos_y": 200, "inputs": {"input_1": {"connections": [{"node": "2", "input": "output_1"}]}}, "outputs": {"output_1": {"connections": [{"node": "15", "output": "input_1"}]}, "output_2": {"connections": []}}, "typenode": false}, "15": {"id": 15, "data": {"nome": "Mover Estagio", "tipo": "acao", "config": {"estagio": "matriculado"}, "subtipo": "mover_estagio"}, "html": "<div class=\\"title-box\\"><i class=\\"fas fa-columns\\" style=\\"color:#8b5cf6;\\"></i> Mover Estagio</div><div class=\\"box\\">Mover Estagio</div>", "name": "node_15", "class": "node_15", "pos_x": 3300, "pos_y": 200, "inputs": {"input_1": {"connections": [{"node": "14", "input": "output_1"}]}}, "outputs": {"output_1": {"connections": [{"node": "16", "output": "input_1"}]}}, "typenode": false}, "16": {"id": 16, "data": {"nome": "Finalizar", "tipo": "finalizacao", "config": {"score": 10, "mensagem_final": "Obrigado! Sua matricula foi registrada. Bem-vindo a FATEPI/FAESPI!"}, "subtipo": "finalizar"}, "html": "<div class=\\"title-box\\"><i class=\\"fas fa-flag-checkered\\" style=\\"color:#e11d48;\\"></i> Finalizar</div><div class=\\"box\\">Fim do fluxo</div>", "name": "node_16", "class": "node_16", "pos_x": 3550, "pos_y": 200, "inputs": {"input_1": {"connections": [{"node": "15", "input": "output_1"}]}}, "outputs": {}, "typenode": false}, "17": {"id": 17, "data": {"nome": "Ia Respondedor", "tipo": "ia_respondedor", "config": {"modelo": "gpt-4o-mini", "max_historico": 5, "system_prompt": "Voce e o Pedro, consultor da FATEPI/FAESPI.\\n\\nO candidato tem uma duvida. Responda de forma prestativa usando as informacoes:\\n- Localizacao: Rua Primeiro de Maio, 2235, Bairro Primavera, Teresina - PI\\n- Contatos: (86) 2107-2200 | contato@faespi.com.br\\n- Nota do ENEM: Envie o print da sua nota para validarmos\\n- Prova Online: Acesse prova.fatepifaespi.com.br\\n- Transferencia: Envie seu historico academico\\n\\nApos responder, pergunte novamente se deseja finalizar a matricula.\\nTexto puro sem markdown.", "integracao_ia_id": 4, "incluir_historico": true}, "subtipo": "ia_respondedor"}, "html": "<div class=\\"title-box\\"><i class=\\"fas fa-comment-dots\\" style=\\"color:#8b5cf6;\\"></i> Ia Respondedor</div><div class=\\"box\\">Gera resposta com IA</div>", "name": "node_17", "class": "node_17", "pos_x": 2550, "pos_y": 500, "inputs": {"input_1": {"connections": [{"node": "1", "input": "output_2"}]}}, "outputs": {"output_1": {"connections": [{"node": "18", "output": "input_1"}]}}, "typenode": false}, "18": {"id": 18, "data": {"nome": "Finalizar", "tipo": "finalizacao", "config": {"mensagem_final": "Entendo! Quando quiser retomar, estamos a disposicao. Ate logo!"}, "subtipo": "finalizar"}, "html": "<div class=\\"title-box\\"><i class=\\"fas fa-flag-checkered\\" style=\\"color:#e11d48;\\"></i> Finalizar</div><div class=\\"box\\">Fim do fluxo</div>", "name": "node_18", "class": "node_18", "pos_x": 2800, "pos_y": 500, "inputs": {"input_1": {"connections": [{"node": "17", "input": "output_1"}]}}, "outputs": {}, "typenode": false}}}}}	t	whatsapp	f	{}
7	Qualificacao Demo	Fluxo de qualificacao para demonstracao	qualificacao	ativo	3	\N	f	2026-04-09 09:37:11.168511-03	2026-04-09 09:37:11.168511-03	\N	t	8	{}	t	whatsapp	f	{}
6	FATEPI - IA v3 (com fallback)	Fluxo completo com fallback IA inteligente nas questoes	qualificacao	inativo	3	\N	f	2026-04-08 23:41:24.756575-03	2026-04-08 23:41:24.756575-03	\N	t	7	{}	t	whatsapp	f	{}
9	FATEPI v2 - Qualificacao Completa	Fluxo completo: nome, curso, ingresso, valores, decisao, matricula. Agente IA centralizado para fallbacks.	qualificacao	ativo	3	\N	f	2026-04-09 15:55:38.928616-03	2026-04-09 15:55:38.928616-03	sistema	t	7	{}	t	qualquer	f	{}
\.


--
-- Data for Name: historico_contato; Type: TABLE DATA; Schema: public; Owner: -
--

COPY public.historico_contato (id, telefone, data_hora_contato, status, nome_contato, duracao_segundos, transcricao, observacoes, ip_origem, user_agent, dados_extras, sucesso, converteu_lead, data_conversao_lead, converteu_venda, data_conversao_venda, valor_venda, origem_contato, identificador_cliente, id_conta, numero_conta, ultima_mensagem, protocolo_atendimento, codigo_atendimento, tenant_id, lead_id) FROM stdin;
1	86999653600	2026-04-03 22:49:26.646963-03	atendido	\N	\N	\N	Primeiro contato com Ana Paula Ferreira	\N	\N	\N	f	f	\N	f	\N	\N	whatsapp	\N	\N	\N	\N	\N	\N	4	1
2	86999653600	2026-04-03 22:49:26.66831-03	convertido	\N	\N	\N	Documentos coletados de Ana Paula Ferreira	\N	\N	\N	f	f	\N	t	\N	99.90	whatsapp	\N	\N	\N	\N	\N	\N	4	1
3	86999046059	2026-04-03 22:49:26.676867-03	atendido	\N	\N	\N	Primeiro contato com Carlos Eduardo Souza	\N	\N	\N	f	f	\N	f	\N	\N	whatsapp	\N	\N	\N	\N	\N	\N	4	2
4	86999046059	2026-04-03 22:49:26.678343-03	convertido	\N	\N	\N	Documentos coletados de Carlos Eduardo Souza	\N	\N	\N	f	f	\N	t	\N	79.90	whatsapp	\N	\N	\N	\N	\N	\N	4	2
5	86999617558	2026-04-03 22:49:26.680316-03	atendido	\N	\N	\N	Primeiro contato com Fernanda Costa Lima	\N	\N	\N	f	f	\N	f	\N	\N	whatsapp	\N	\N	\N	\N	\N	\N	4	3
6	86999617558	2026-04-03 22:49:26.681324-03	convertido	\N	\N	\N	Documentos coletados de Fernanda Costa Lima	\N	\N	\N	f	f	\N	f	\N	\N	whatsapp	\N	\N	\N	\N	\N	\N	4	3
7	86999857800	2026-04-03 22:49:26.68289-03	atendido	\N	\N	\N	Primeiro contato com Roberto Silva Neto	\N	\N	\N	f	f	\N	f	\N	\N	whatsapp	\N	\N	\N	\N	\N	\N	4	4
8	86999719905	2026-04-03 22:49:26.683921-03	atendido	\N	\N	\N	Primeiro contato com Juliana Mendes Rocha	\N	\N	\N	f	f	\N	f	\N	\N	whatsapp	\N	\N	\N	\N	\N	\N	4	5
9	86999719905	2026-04-03 22:49:26.683921-03	convertido	\N	\N	\N	Documentos coletados de Juliana Mendes Rocha	\N	\N	\N	f	f	\N	f	\N	\N	whatsapp	\N	\N	\N	\N	\N	\N	4	5
10	86999682597	2026-04-03 22:49:26.68491-03	atendido	\N	\N	\N	Primeiro contato com Pedro Henrique Almeida	\N	\N	\N	f	f	\N	f	\N	\N	whatsapp	\N	\N	\N	\N	\N	\N	4	6
11	86999682597	2026-04-03 22:49:26.686459-03	convertido	\N	\N	\N	Documentos coletados de Pedro Henrique Almeida	\N	\N	\N	f	f	\N	t	\N	149.90	whatsapp	\N	\N	\N	\N	\N	\N	4	6
12	86999914270	2026-04-03 22:49:26.687534-03	atendido	\N	\N	\N	Primeiro contato com Mariana Barbosa Santos	\N	\N	\N	f	f	\N	f	\N	\N	whatsapp	\N	\N	\N	\N	\N	\N	4	7
13	86999028761	2026-04-03 22:49:26.688579-03	atendido	\N	\N	\N	Primeiro contato com Lucas Gabriel Oliveira	\N	\N	\N	f	f	\N	f	\N	\N	whatsapp	\N	\N	\N	\N	\N	\N	4	8
14	86999028761	2026-04-03 22:49:26.689439-03	convertido	\N	\N	\N	Documentos coletados de Lucas Gabriel Oliveira	\N	\N	\N	f	f	\N	t	\N	199.90	whatsapp	\N	\N	\N	\N	\N	\N	4	8
15	86999753203	2026-04-03 22:49:26.693736-03	atendido	\N	\N	\N	Primeiro contato com Camila Rodrigues	\N	\N	\N	f	f	\N	f	\N	\N	whatsapp	\N	\N	\N	\N	\N	\N	4	9
16	86999753203	2026-04-03 22:49:26.694241-03	convertido	\N	\N	\N	Documentos coletados de Camila Rodrigues	\N	\N	\N	f	f	\N	f	\N	\N	whatsapp	\N	\N	\N	\N	\N	\N	4	9
17	86999934255	2026-04-03 22:49:26.696655-03	atendido	\N	\N	\N	Primeiro contato com Thiago Nascimento	\N	\N	\N	f	f	\N	f	\N	\N	whatsapp	\N	\N	\N	\N	\N	\N	4	10
18	86999681192	2026-04-03 22:49:26.69767-03	atendido	\N	\N	\N	Primeiro contato com Patricia Gomes Duarte	\N	\N	\N	f	f	\N	f	\N	\N	whatsapp	\N	\N	\N	\N	\N	\N	4	11
19	86999327622	2026-04-03 22:49:26.69767-03	atendido	\N	\N	\N	Primeiro contato com Rafael Moreira	\N	\N	\N	f	f	\N	f	\N	\N	whatsapp	\N	\N	\N	\N	\N	\N	4	12
20	86999986853	2026-04-03 22:49:26.698722-03	atendido	\N	\N	\N	Primeiro contato com Beatriz Carvalho	\N	\N	\N	f	f	\N	f	\N	\N	whatsapp	\N	\N	\N	\N	\N	\N	4	13
21	86999986853	2026-04-03 22:49:26.70023-03	convertido	\N	\N	\N	Documentos coletados de Beatriz Carvalho	\N	\N	\N	f	f	\N	t	\N	199.90	whatsapp	\N	\N	\N	\N	\N	\N	4	13
22	86999296731	2026-04-03 22:49:26.701238-03	atendido	\N	\N	\N	Primeiro contato com Anderson Pereira Pinto	\N	\N	\N	f	f	\N	f	\N	\N	whatsapp	\N	\N	\N	\N	\N	\N	4	14
23	86999669669	2026-04-03 22:49:26.702744-03	atendido	\N	\N	\N	Primeiro contato com Larissa Souza	\N	\N	\N	f	f	\N	f	\N	\N	whatsapp	\N	\N	\N	\N	\N	\N	4	15
24	86999669669	2026-04-03 22:49:26.702744-03	convertido	\N	\N	\N	Documentos coletados de Larissa Souza	\N	\N	\N	f	f	\N	t	\N	79.90	whatsapp	\N	\N	\N	\N	\N	\N	4	15
25	86999878857	2026-04-03 22:49:26.70546-03	atendido	\N	\N	\N	Primeiro contato com Felipe Martins	\N	\N	\N	f	f	\N	f	\N	\N	whatsapp	\N	\N	\N	\N	\N	\N	4	16
26	86999878857	2026-04-03 22:49:26.708425-03	convertido	\N	\N	\N	Documentos coletados de Felipe Martins	\N	\N	\N	f	f	\N	t	\N	149.90	whatsapp	\N	\N	\N	\N	\N	\N	4	16
27	86999185417	2026-04-03 22:49:26.710013-03	atendido	\N	\N	\N	Primeiro contato com Isabela Ramos	\N	\N	\N	f	f	\N	f	\N	\N	whatsapp	\N	\N	\N	\N	\N	\N	4	17
28	86999185417	2026-04-03 22:49:26.710013-03	convertido	\N	\N	\N	Documentos coletados de Isabela Ramos	\N	\N	\N	f	f	\N	f	\N	\N	whatsapp	\N	\N	\N	\N	\N	\N	4	17
29	86999198382	2026-04-03 22:49:26.710013-03	atendido	\N	\N	\N	Primeiro contato com Bruno Costa	\N	\N	\N	f	f	\N	f	\N	\N	whatsapp	\N	\N	\N	\N	\N	\N	4	18
30	86999734996	2026-04-03 22:49:26.711696-03	atendido	\N	\N	\N	Primeiro contato com Amanda Vieira	\N	\N	\N	f	f	\N	f	\N	\N	whatsapp	\N	\N	\N	\N	\N	\N	4	19
31	86999633802	2026-04-03 22:49:26.712761-03	atendido	\N	\N	\N	Primeiro contato com Diego Fernandes	\N	\N	\N	f	f	\N	f	\N	\N	whatsapp	\N	\N	\N	\N	\N	\N	4	20
32	86999633802	2026-04-03 22:49:26.713317-03	convertido	\N	\N	\N	Documentos coletados de Diego Fernandes	\N	\N	\N	f	f	\N	t	\N	199.90	whatsapp	\N	\N	\N	\N	\N	\N	4	20
33	86999102148	2026-04-03 22:49:26.714946-03	atendido	\N	\N	\N	Primeiro contato com Priscila Araujo	\N	\N	\N	f	f	\N	f	\N	\N	whatsapp	\N	\N	\N	\N	\N	\N	4	21
34	86999102148	2026-04-03 22:49:26.715953-03	convertido	\N	\N	\N	Documentos coletados de Priscila Araujo	\N	\N	\N	f	f	\N	t	\N	79.90	whatsapp	\N	\N	\N	\N	\N	\N	4	21
35	86999389896	2026-04-03 22:49:26.71859-03	atendido	\N	\N	\N	Primeiro contato com Gustavo Ribeiro	\N	\N	\N	f	f	\N	f	\N	\N	whatsapp	\N	\N	\N	\N	\N	\N	4	22
36	86999389896	2026-04-03 22:49:26.71859-03	convertido	\N	\N	\N	Documentos coletados de Gustavo Ribeiro	\N	\N	\N	f	f	\N	t	\N	99.90	whatsapp	\N	\N	\N	\N	\N	\N	4	22
37	86999155027	2026-04-03 22:49:26.721218-03	atendido	\N	\N	\N	Primeiro contato com Natalia Freitas	\N	\N	\N	f	f	\N	f	\N	\N	whatsapp	\N	\N	\N	\N	\N	\N	4	23
38	86999155027	2026-04-03 22:49:26.721218-03	convertido	\N	\N	\N	Documentos coletados de Natalia Freitas	\N	\N	\N	f	f	\N	f	\N	\N	whatsapp	\N	\N	\N	\N	\N	\N	4	23
39	86999850681	2026-04-03 22:49:26.72281-03	atendido	\N	\N	\N	Primeiro contato com Renato Dias	\N	\N	\N	f	f	\N	f	\N	\N	whatsapp	\N	\N	\N	\N	\N	\N	4	24
40	86999850681	2026-04-03 22:49:26.724338-03	convertido	\N	\N	\N	Documentos coletados de Renato Dias	\N	\N	\N	f	f	\N	t	\N	149.90	whatsapp	\N	\N	\N	\N	\N	\N	4	24
41	86999025224	2026-04-03 22:49:26.726343-03	atendido	\N	\N	\N	Primeiro contato com Vanessa Lopes	\N	\N	\N	f	f	\N	f	\N	\N	whatsapp	\N	\N	\N	\N	\N	\N	4	25
42	86999247010	2026-04-03 22:49:26.726343-03	atendido	\N	\N	\N	Primeiro contato com Marcos Teixeira	\N	\N	\N	f	f	\N	f	\N	\N	whatsapp	\N	\N	\N	\N	\N	\N	4	26
43	86999565901	2026-04-03 22:49:26.727815-03	atendido	\N	\N	\N	Primeiro contato com Aline Nascimento	\N	\N	\N	f	f	\N	f	\N	\N	whatsapp	\N	\N	\N	\N	\N	\N	4	27
44	86999565901	2026-04-03 22:49:26.728821-03	convertido	\N	\N	\N	Documentos coletados de Aline Nascimento	\N	\N	\N	f	f	\N	f	\N	\N	whatsapp	\N	\N	\N	\N	\N	\N	4	27
45	86999208811	2026-04-03 22:49:26.729972-03	atendido	\N	\N	\N	Primeiro contato com Eduardo Barros	\N	\N	\N	f	f	\N	f	\N	\N	whatsapp	\N	\N	\N	\N	\N	\N	4	28
46	86999781656	2026-04-03 22:49:26.73106-03	atendido	\N	\N	\N	Primeiro contato com Sabrina Monteiro	\N	\N	\N	f	f	\N	f	\N	\N	whatsapp	\N	\N	\N	\N	\N	\N	4	29
47	86999722874	2026-04-03 22:49:26.732065-03	atendido	\N	\N	\N	Primeiro contato com Henrique Cardoso	\N	\N	\N	f	f	\N	f	\N	\N	whatsapp	\N	\N	\N	\N	\N	\N	4	30
48	86999722874	2026-04-03 22:49:26.732577-03	convertido	\N	\N	\N	Documentos coletados de Henrique Cardoso	\N	\N	\N	f	f	\N	t	\N	99.90	whatsapp	\N	\N	\N	\N	\N	\N	4	30
85	555381521653	2026-04-06 10:49:24.261903-03	fluxo_inicializado	\N	\N	\N	Conversa iniciada via Inbox	\N	\N	\N	f	f	\N	f	\N	\N	\N	\N	\N	\N	\N	\N	\N	3	52
86	5586999001234	2026-04-07 22:07:24.445978-03	fluxo_inicializado	\N	\N	\N	Conversa iniciada via Inbox	\N	\N	\N	f	f	\N	f	\N	\N	\N	\N	\N	\N	\N	\N	\N	7	63
88		2026-03-25 09:30:36.309972-03	contato_realizado	\N	\N	\N	Contato 1 com Maria Clara Santos	\N	\N	\N	f	f	\N	f	\N	\N	automatico	\N	\N	\N	\N	\N	\N	8	68
89		2026-03-25 09:30:36.33198-03	venda_confirmada	\N	\N	\N	Contato 1 com Lucas Oliveira	\N	\N	\N	f	f	\N	f	\N	\N	automatico	\N	\N	\N	\N	\N	\N	8	69
90		2026-03-27 09:30:36.332979-03	venda_confirmada	\N	\N	\N	Contato 2 com Lucas Oliveira	\N	\N	\N	f	f	\N	f	\N	\N	manual	\N	\N	\N	\N	\N	\N	8	69
91		2026-03-26 09:30:36.332979-03	nao_atendeu	\N	\N	\N	Contato 3 com Lucas Oliveira	\N	\N	\N	f	f	\N	f	\N	\N	automatico	\N	\N	\N	\N	\N	\N	8	69
92		2026-03-22 09:30:36.339968-03	transferido_humano	\N	\N	\N	Contato 1 com Ana Beatriz Costa	\N	\N	\N	f	f	\N	f	\N	\N	n8n	\N	\N	\N	\N	\N	\N	8	70
93		2026-03-13 09:30:36.345777-03	nao_atendeu	\N	\N	\N	Contato 1 com Felipe Rodrigues	\N	\N	\N	f	f	\N	f	\N	\N	n8n	\N	\N	\N	\N	\N	\N	8	71
94		2026-03-25 09:30:36.346782-03	transferido_humano	\N	\N	\N	Contato 2 com Felipe Rodrigues	\N	\N	\N	f	f	\N	f	\N	\N	automatico	\N	\N	\N	\N	\N	\N	8	71
95		2026-04-07 09:30:36.346782-03	venda_confirmada	\N	\N	\N	Contato 3 com Felipe Rodrigues	\N	\N	\N	f	f	\N	f	\N	\N	automatico	\N	\N	\N	\N	\N	\N	8	71
96		2026-03-28 09:30:36.359511-03	transferido_humano	\N	\N	\N	Contato 1 com Juliana Ferreira	\N	\N	\N	f	f	\N	f	\N	\N	automatico	\N	\N	\N	\N	\N	\N	8	72
97		2026-04-05 09:30:36.366026-03	transferido_humano	\N	\N	\N	Contato 1 com Pedro Henrique Lima	\N	\N	\N	f	f	\N	f	\N	\N	n8n	\N	\N	\N	\N	\N	\N	8	73
98		2026-03-28 09:30:36.366026-03	nao_atendeu	\N	\N	\N	Contato 2 com Pedro Henrique Lima	\N	\N	\N	f	f	\N	f	\N	\N	manual	\N	\N	\N	\N	\N	\N	8	73
99		2026-03-22 09:30:36.374745-03	nao_atendeu	\N	\N	\N	Contato 1 com Camila Araújo	\N	\N	\N	f	f	\N	f	\N	\N	n8n	\N	\N	\N	\N	\N	\N	8	74
100		2026-03-21 09:30:36.374745-03	transferido_humano	\N	\N	\N	Contato 2 com Camila Araújo	\N	\N	\N	f	f	\N	f	\N	\N	manual	\N	\N	\N	\N	\N	\N	8	74
101		2026-03-14 09:30:36.380841-03	venda_confirmada	\N	\N	\N	Contato 1 com Rafael Souza	\N	\N	\N	f	f	\N	f	\N	\N	n8n	\N	\N	\N	\N	\N	\N	8	75
102		2026-03-21 09:30:36.381841-03	transferido_humano	\N	\N	\N	Contato 2 com Rafael Souza	\N	\N	\N	f	f	\N	f	\N	\N	manual	\N	\N	\N	\N	\N	\N	8	75
103		2026-03-11 09:30:36.388867-03	transferido_humano	\N	\N	\N	Contato 1 com Larissa Mendes	\N	\N	\N	f	f	\N	f	\N	\N	manual	\N	\N	\N	\N	\N	\N	8	76
104		2026-03-26 09:30:36.396799-03	venda_confirmada	\N	\N	\N	Contato 1 com Gabriel Torres	\N	\N	\N	f	f	\N	f	\N	\N	automatico	\N	\N	\N	\N	\N	\N	8	77
105		2026-04-02 09:30:36.39741-03	nao_atendeu	\N	\N	\N	Contato 2 com Gabriel Torres	\N	\N	\N	f	f	\N	f	\N	\N	manual	\N	\N	\N	\N	\N	\N	8	77
106		2026-03-21 09:30:36.398279-03	venda_confirmada	\N	\N	\N	Contato 3 com Gabriel Torres	\N	\N	\N	f	f	\N	f	\N	\N	manual	\N	\N	\N	\N	\N	\N	8	77
107		2026-03-25 09:30:36.403845-03	contato_realizado	\N	\N	\N	Contato 1 com Isabela Nascimento	\N	\N	\N	f	f	\N	f	\N	\N	manual	\N	\N	\N	\N	\N	\N	8	78
108		2026-04-09 09:30:36.410095-03	nao_atendeu	\N	\N	\N	Contato 1 com Thiago Barbosa	\N	\N	\N	f	f	\N	f	\N	\N	manual	\N	\N	\N	\N	\N	\N	8	79
109		2026-03-23 09:30:36.417163-03	nao_atendeu	\N	\N	\N	Contato 1 com Fernanda Martins	\N	\N	\N	f	f	\N	f	\N	\N	n8n	\N	\N	\N	\N	\N	\N	8	80
110		2026-03-27 09:30:36.421437-03	nao_atendeu	\N	\N	\N	Contato 1 com Matheus Pereira	\N	\N	\N	f	f	\N	f	\N	\N	manual	\N	\N	\N	\N	\N	\N	8	81
111		2026-03-28 09:30:36.42294-03	transferido_humano	\N	\N	\N	Contato 2 com Matheus Pereira	\N	\N	\N	f	f	\N	f	\N	\N	automatico	\N	\N	\N	\N	\N	\N	8	81
112		2026-04-07 09:30:36.429296-03	nao_atendeu	\N	\N	\N	Contato 1 com Bruna Cardoso	\N	\N	\N	f	f	\N	f	\N	\N	manual	\N	\N	\N	\N	\N	\N	8	82
113		2026-03-23 09:30:36.430634-03	transferido_humano	\N	\N	\N	Contato 2 com Bruna Cardoso	\N	\N	\N	f	f	\N	f	\N	\N	automatico	\N	\N	\N	\N	\N	\N	8	82
114		2026-04-08 09:30:36.430634-03	venda_confirmada	\N	\N	\N	Contato 3 com Bruna Cardoso	\N	\N	\N	f	f	\N	f	\N	\N	n8n	\N	\N	\N	\N	\N	\N	8	82
115		2026-03-19 09:30:36.437347-03	contato_realizado	\N	\N	\N	Contato 1 com Vinícius Almeida	\N	\N	\N	f	f	\N	f	\N	\N	n8n	\N	\N	\N	\N	\N	\N	8	83
116		2026-03-29 09:30:36.442414-03	contato_realizado	\N	\N	\N	Contato 1 com Amanda Ribeiro	\N	\N	\N	f	f	\N	f	\N	\N	automatico	\N	\N	\N	\N	\N	\N	8	84
117		2026-03-15 09:30:36.449762-03	contato_realizado	\N	\N	\N	Contato 1 com Gustavo Moreira	\N	\N	\N	f	f	\N	f	\N	\N	n8n	\N	\N	\N	\N	\N	\N	8	85
118		2026-04-02 09:30:36.451116-03	nao_atendeu	\N	\N	\N	Contato 2 com Gustavo Moreira	\N	\N	\N	f	f	\N	f	\N	\N	automatico	\N	\N	\N	\N	\N	\N	8	85
119		2026-03-10 09:30:36.458138-03	venda_confirmada	\N	\N	\N	Contato 1 com Patrícia Gomes	\N	\N	\N	f	f	\N	f	\N	\N	manual	\N	\N	\N	\N	\N	\N	8	86
120		2026-04-09 09:30:36.458138-03	contato_realizado	\N	\N	\N	Contato 2 com Patrícia Gomes	\N	\N	\N	f	f	\N	f	\N	\N	manual	\N	\N	\N	\N	\N	\N	8	86
121		2026-03-12 09:30:36.459138-03	contato_realizado	\N	\N	\N	Contato 3 com Patrícia Gomes	\N	\N	\N	f	f	\N	f	\N	\N	n8n	\N	\N	\N	\N	\N	\N	8	86
122		2026-04-05 09:37:11.137949-03	venda_confirmada	\N	\N	\N	Venda confirmada - Gustavo Moreira	\N	\N	\N	t	f	\N	t	\N	\N	manual	\N	\N	\N	\N	\N	\N	8	85
123		2026-03-27 09:37:11.157029-03	venda_confirmada	\N	\N	\N	Venda confirmada - Amanda Ribeiro	\N	\N	\N	t	f	\N	t	\N	\N	manual	\N	\N	\N	\N	\N	\N	8	84
124		2026-04-03 09:37:11.161036-03	venda_confirmada	\N	\N	\N	Venda confirmada - Vinícius Almeida	\N	\N	\N	t	f	\N	t	\N	\N	manual	\N	\N	\N	\N	\N	\N	8	83
125	5586999990099	2026-04-09 16:45:41.734318-03	fluxo_inicializado	\N	\N	\N	Conversa iniciada via Inbox	\N	\N	\N	f	f	\N	f	\N	\N	\N	\N	\N	\N	\N	\N	\N	7	97
127	555381521653	2026-04-10 07:12:27.907692-03	fluxo_inicializado	\N	\N	\N	Conversa iniciada via Inbox	\N	\N	\N	f	f	\N	f	\N	\N	\N	\N	\N	\N	\N	\N	\N	7	124
\.


--
-- Data for Name: imagens_lead_prospecto; Type: TABLE DATA; Schema: public; Owner: -
--

COPY public.imagens_lead_prospecto (id, link_url, descricao, status_validacao, observacao_validacao, data_validacao, validado_por, data_criacao, tenant_id, lead_id) FROM stdin;
\.


--
-- Data for Name: inbox_canais; Type: TABLE DATA; Schema: public; Owner: -
--

COPY public.inbox_canais (id, tipo, nome, ativo, configuracao, criado_em, tenant_id, identificador_canal, integracao_id, provedor, fluxo_id) FROM stdin;
1	whatsapp	WhatsApp	t	{}	2026-04-03 22:50:12.81639-03	4		\N		\N
2	interno	Chat Interno	t	{}	2026-04-03 22:50:12.824718-03	4		\N		\N
3	whatsapp	WhatsApp	t	{}	2026-04-03 23:07:56.741244-03	3		\N		\N
4	interno	Chat Interno	t	{}	2026-04-03 23:07:56.746317-03	3		\N		\N
5	widget	Chat Widget	t	{}	2026-04-04 00:28:09.634287-03	3		\N		\N
6	whatsapp	WhatsApp Aurora (Uazapi)	t	{}	2026-04-05 23:57:37.193522-03	3	5586981064541	1	uazapi	\N
10	whatsapp	WhatsApp Principal	t	{}	2026-04-09 09:31:38.638783-03	8		\N		\N
11	widget	Chat Widget	t	{}	2026-04-09 09:31:38.641329-03	8		\N		\N
9	widget	Chat	t	{}	2026-04-08 15:04:18.280432-03	7		\N		9
7	whatsapp	WhatsApp FATEPI	t	{}	2026-04-07 16:30:23.072612-03	7		3	uazapi	9
\.


--
-- Data for Name: inbox_configuracao; Type: TABLE DATA; Schema: public; Owner: -
--

COPY public.inbox_configuracao (id, mensagem_fora_horario, distribuicao_padrao, atribuir_ao_responder, data_atualizacao, tenant_id) FROM stdin;
1		round_robin	t	2026-04-06 10:50:08.431417-03	3
2	Nosso horário de atendimento é de segunda a sexta, das 8h às 18h. Responderemos assim que possível.	round_robin	t	2026-04-07 15:59:15.131027-03	7
3	Nosso horário de atendimento é de segunda a sexta, das 8h às 18h. Responderemos assim que possível.	round_robin	t	2026-04-09 09:31:38.646201-03	8
\.


--
-- Data for Name: inbox_conversas; Type: TABLE DATA; Schema: public; Owner: -
--

COPY public.inbox_conversas (id, numero, contato_nome, contato_telefone, contato_email, status, prioridade, identificador_externo, ultima_mensagem_em, ultima_mensagem_preview, mensagens_nao_lidas, tempo_primeira_resposta_seg, data_abertura, data_resolucao, data_arquivamento, metadata, agente_id, canal_id, lead_id, oportunidade_id, tenant_id, ticket_id, equipe_id, fila_id, modo_atendimento) FROM stdin;
1	1	Henrique Cardoso	86999722874		aberta	normal		2026-04-03 22:45:12.814364-03	Hmm, o de 400MB me interessa. Como faco pra contratar?	4	\N	2026-04-03 22:50:12.862467-03	\N	\N	{}	2	1	30	\N	4	\N	\N	\N	humano
2	2	Sabrina Monteiro	86999781656		aberta	normal		2026-04-03 22:47:12.814364-03	Alguem pode me ajudar???	3	\N	2026-04-03 22:50:12.882303-03	\N	\N	{}	\N	1	29	\N	4	\N	\N	\N	humano
3	3	Eduardo Barros	86999208811		aberta	normal		2026-04-03 21:15:12.814364-03	Perfeito, obrigado pela rapidez!	3	\N	2026-04-03 22:50:12.889393-03	\N	\N	{}	3	1	28	\N	4	\N	\N	\N	humano
4	4	Aline Nascimento	86999565901		pendente	normal		2026-04-03 19:10:12.814364-03	Vou enviar assim que chegar em casa	3	\N	2026-04-03 22:50:12.900393-03	\N	\N	{}	2	1	27	\N	4	\N	\N	\N	humano
5	5	Marcos Teixeira	86999247010		resolvida	normal		2026-04-02 23:01:12.814364-03	Conversa resolvida por Darlan Oliveira	0	\N	2026-04-03 22:50:12.908578-03	2026-04-02 23:01:12.814364-03	\N	{}	2	1	26	\N	4	\N	\N	\N	humano
6	6	Vanessa Lopes	86999025224		aberta	normal		2026-04-03 22:42:12.814364-03	Oi, vi o anuncio de voces no Instagram. Quanto eh o plano de 400MB?	1	\N	2026-04-03 22:50:12.915754-03	\N	\N	{}	\N	1	25	\N	4	\N	\N	\N	humano
7	7	Renato Dias	86999850681		aberta	normal		2026-04-03 22:38:12.814364-03	Ok, obrigado por avisar	3	\N	2026-04-03 22:50:12.920815-03	\N	\N	{}	3	1	24	\N	4	\N	\N	\N	humano
27	4	Lucas		lucasmr1998@live.com	resolvida	normal	52e1be1c-9188-4ac2-9a41-806f9b7a988f	2026-04-09 16:17:52.121434-03	Direito	0	\N	2026-04-08 15:46:35.003609-03	2026-04-10 03:27:57.977416-03	\N	{"email": "lucasmr1998@live.com", "visitor_id": "52e1be1c-9188-4ac2-9a41-806f9b7a988f"}	\N	9	66	\N	7	\N	\N	\N	humano
28	1	João Pedro Alves	551190000000	joão.alves@email.com	resolvida	normal		2026-04-09 09:31:38.671744-03	Vou verificar a situação da sua conexão. Pode me informar seu CPF?	0	\N	2026-04-09 09:31:38.656032-03	\N	\N	{}	10	11	67	\N	8	\N	\N	\N	humano
29	2	Maria Clara Santos	551190000001	maria.santos@email.com	pendente	normal		2026-04-09 09:31:38.677862-03	O plano de 500MB custa R$ 199,90/mês. Quer que eu envie mais detalhes?	0	\N	2026-04-09 09:31:38.674857-03	\N	\N	{}	10	10	68	\N	8	\N	\N	\N	humano
24	2	Teste	5586999001234		resolvida	normal		2026-04-07 22:07:24.481566-03	oi teste	0	\N	2026-04-07 22:07:24.41669-03	2026-04-10 03:27:59.353992-03	\N	{}	\N	7	63	\N	7	\N	\N	\N	humano
30	3	Lucas Oliveira	551190000002	lucas.oliveira@email.com	resolvida	normal		2026-04-09 09:31:38.683103-03	Vou verificar a situação da sua conexão. Pode me informar seu CPF?	0	\N	2026-04-09 09:31:38.68091-03	\N	\N	{}	12	10	69	\N	8	\N	\N	\N	humano
31	4	Ana Beatriz Costa	551190000003	ana.costa@email.com	resolvida	normal		2026-04-09 09:31:38.687123-03	Sim, atendemos na sua região! Qual seu endereço para verificarmos a viabilidade?	0	\N	2026-04-09 09:31:38.686612-03	\N	\N	{}	10	11	70	\N	8	\N	\N	\N	humano
23	1	Maria Teste Fatepi	5586999887766		resolvida	normal		2026-04-07 17:05:52.361337-03	Ola! O curso de Direito funciona das 18h30 as 21h40. Matricula por R$ 199,00.	0	\N	2026-04-07 16:30:23.177952-03	2026-04-10 03:28:00.577021-03	\N	{}	\N	7	62	\N	7	\N	\N	\N	humano
32	5	Felipe Rodrigues	551190000004	felipe.rodrigues@email.com	pendente	normal		2026-04-09 09:31:38.692827-03	O plano de 500MB custa R$ 199,90/mês. Quer que eu envie mais detalhes?	0	\N	2026-04-09 09:31:38.690769-03	\N	\N	{}	12	10	71	\N	8	\N	\N	\N	humano
26	3	Lucas		marketing@consulteplus.com.br	aberta	normal	016f9c9a-ee7b-4c90-9ae1-e4703e676a83	2026-04-08 15:43:20.408029-03	oi	20	\N	2026-04-08 15:16:43.067087-03	\N	\N	{"email": "marketing@consulteplus.com.br", "visitor_id": "016f9c9a-ee7b-4c90-9ae1-e4703e676a83"}	\N	5	\N	\N	3	\N	\N	\N	humano
33	6	Juliana Ferreira	551190000005	juliana.ferreira@email.com	aberta	normal		2026-04-09 09:31:38.696927-03	Entendo. Vamos fazer um diagnóstico. Pode reiniciar o roteador e me avisar?	0	\N	2026-04-09 09:31:38.694374-03	\N	\N	{}	12	11	72	\N	8	\N	\N	\N	humano
34	7	Pedro Henrique Lima	551190000006	pedro.lima@email.com	aberta	normal		2026-04-09 09:31:38.700927-03	Vou verificar a situação da sua conexão. Pode me informar seu CPF?	0	\N	2026-04-09 09:31:38.698926-03	\N	\N	{}	12	11	73	\N	8	\N	\N	\N	humano
55	7	Lucas Rodrigues	555381521653		resolvida	normal		2026-04-10 07:14:54.534508-03	Olá, tudo bem?	0	146	2026-04-10 07:12:27.898187-03	2026-04-10 07:16:38.463464-03	\N	{}	15	7	124	\N	7	\N	5	6	humano
21	1	Lucas Rodrigues	555381521653		aberta	alta		2026-04-06 19:13:11.808297-03	Teresina	0	74	2026-04-06 10:49:24.22064-03	\N	\N	{}	1	6	52	\N	3	\N	2	\N	humano
35	8	Camila Araújo	551190000007	camila.araújo@email.com	resolvida	normal		2026-04-09 09:31:38.704995-03	Vou verificar a situação da sua conexão. Pode me informar seu CPF?	0	\N	2026-04-09 09:31:38.702927-03	\N	\N	{}	12	11	74	\N	8	\N	\N	\N	humano
36	9	Rafael Souza	551190000008	rafael.souza@email.com	pendente	normal		2026-04-09 09:31:38.709995-03	Sim, atendemos na sua região! Qual seu endereço para verificarmos a viabilidade?	0	\N	2026-04-09 09:31:38.707996-03	\N	\N	{}	12	11	75	\N	8	\N	\N	\N	humano
37	10	Larissa Mendes	551190000009	larissa.mendes@email.com	resolvida	normal		2026-04-09 09:31:38.714996-03	Sim, atendemos na sua região! Qual seu endereço para verificarmos a viabilidade?	0	\N	2026-04-09 09:31:38.712994-03	\N	\N	{}	10	11	76	\N	8	\N	\N	\N	humano
38	11	Gabriel Torres	551190000010	gabriel.torres@email.com	pendente	normal		2026-04-09 09:31:38.719523-03	Entendo. Vamos fazer um diagnóstico. Pode reiniciar o roteador e me avisar?	0	\N	2026-04-09 09:31:38.717518-03	\N	\N	{}	12	10	77	\N	8	\N	\N	\N	humano
39	12	Isabela Nascimento	551190000011	isabela.nascimento@email.com	aberta	normal		2026-04-09 09:31:38.723028-03	Vou verificar a situação da sua conexão. Pode me informar seu CPF?	0	\N	2026-04-09 09:31:38.721524-03	\N	\N	{}	12	11	78	\N	8	\N	\N	\N	humano
40	13	João Pedro Alves	551190000000	joão.alves@email.com	resolvida	normal		2026-04-09 09:32:15.213017-03	O plano de 500MB custa R$ 199,90/mês. Quer que eu envie mais detalhes?	0	\N	2026-04-09 09:32:15.210011-03	\N	\N	{}	12	10	67	\N	8	\N	\N	\N	humano
41	14	Camila Araújo	551190000007	camila.araújo@email.com	pendente	normal		2026-04-09 09:32:15.220594-03	Entendo. Vamos fazer um diagnóstico. Pode reiniciar o roteador e me avisar?	0	\N	2026-04-09 09:32:15.219594-03	\N	\N	{}	10	10	74	\N	8	\N	\N	\N	humano
42	15	Rafael Souza	551190000008	rafael.souza@email.com	pendente	normal		2026-04-09 09:32:15.225103-03	Sim, atendemos na sua região! Qual seu endereço para verificarmos a viabilidade?	0	\N	2026-04-09 09:32:15.223099-03	\N	\N	{}	12	10	75	\N	8	\N	\N	\N	humano
43	16	Larissa Mendes	551190000009	larissa.mendes@email.com	resolvida	normal		2026-04-09 09:32:15.229183-03	Olá! Temos planos a partir de R$ 99,90/mês. Posso te ajudar a escolher o melhor para você!	0	\N	2026-04-09 09:32:15.226256-03	\N	\N	{}	12	10	76	\N	8	\N	\N	\N	humano
44	17	Gabriel Torres	551190000010	gabriel.torres@email.com	aberta	normal		2026-04-09 09:32:15.233327-03	Vou verificar a situação da sua conexão. Pode me informar seu CPF?	0	\N	2026-04-09 09:32:15.231686-03	\N	\N	{}	10	11	77	\N	8	\N	\N	\N	humano
45	18	Lucas Oliveira	551190000002	lucas.oliveira@email.com	pendente	normal		2026-04-09 09:33:12.928069-03	Entendo. Vamos fazer um diagnóstico. Pode reiniciar o roteador e me avisar?	0	\N	2026-04-09 09:33:12.91799-03	\N	\N	{}	12	11	69	\N	8	\N	\N	\N	humano
46	19	Ana Beatriz Costa	551190000003	ana.costa@email.com	pendente	normal		2026-04-09 09:33:12.933047-03	Vou verificar a situação da sua conexão. Pode me informar seu CPF?	0	\N	2026-04-09 09:33:12.931543-03	\N	\N	{}	10	10	70	\N	8	\N	\N	\N	humano
53	6	Lucas		lucasmr1998@live.com	resolvida	normal	9830ad6f-b082-4b14-ba6a-7b24697b355a	2026-04-10 06:56:28.495961-03	Google	0	\N	2026-04-10 06:54:37.603998-03	2026-04-10 07:33:35.757807-03	\N	{"email": "lucasmr1998@live.com", "visitor_id": "9830ad6f-b082-4b14-ba6a-7b24697b355a"}	2	9	66	\N	7	\N	5	6	humano
47	20	Juliana Ferreira	551190000005	juliana.ferreira@email.com	aberta	normal		2026-04-09 09:33:12.938634-03	Entendo. Vamos fazer um diagnóstico. Pode reiniciar o roteador e me avisar?	0	\N	2026-04-09 09:33:12.936556-03	\N	\N	{}	12	10	72	\N	8	\N	\N	\N	humano
48	21	Pedro Henrique Lima	551190000006	pedro.lima@email.com	aberta	normal		2026-04-09 09:33:12.941676-03	O plano de 500MB custa R$ 199,90/mês. Quer que eu envie mais detalhes?	0	\N	2026-04-09 09:33:12.940675-03	\N	\N	{}	10	10	73	\N	8	\N	\N	\N	humano
49	22	Isabela Nascimento	551190000011	isabela.nascimento@email.com	aberta	normal		2026-04-09 09:33:12.948244-03	Sim, atendemos na sua região! Qual seu endereço para verificarmos a viabilidade?	0	\N	2026-04-09 09:33:12.945827-03	\N	\N	{}	10	10	78	\N	8	\N	\N	\N	humano
50	23	Maria Clara Santos	551190000001	maria.santos@email.com	aberta	normal		2026-04-09 09:33:52.321828-03	O plano de 500MB custa R$ 199,90/mês. Quer que eu envie mais detalhes?	0	\N	2026-04-09 09:33:52.318327-03	\N	\N	{}	10	11	68	\N	8	\N	\N	\N	humano
51	24	Felipe Rodrigues	551190000004	felipe.rodrigues@email.com	pendente	normal		2026-04-09 09:33:52.327045-03	Olá! Temos planos a partir de R$ 99,90/mês. Posso te ajudar a escolher o melhor para você!	0	\N	2026-04-09 09:33:52.324851-03	\N	\N	{}	12	11	71	\N	8	\N	\N	\N	humano
52	5	Teste	5586999990099		resolvida	normal		2026-04-09 16:52:08.810188-03	teste ngrok	0	\N	2026-04-09 16:45:41.724798-03	2026-04-10 03:27:56.476965-03	\N	{}	\N	7	97	\N	7	\N	\N	\N	humano
22	2	Lucas		lucasmr1998@live.com	aberta	normal	9830ad6f-b082-4b14-ba6a-7b24697b355a	2026-04-09 16:15:47.165958-03	oi	1	10	2026-04-06 20:56:51.033293-03	\N	\N	{"email": "lucasmr1998@live.com", "visitor_id": "9830ad6f-b082-4b14-ba6a-7b24697b355a"}	1	5	96	\N	3	\N	\N	\N	humano
\.


--
-- Data for Name: inbox_conversas_etiquetas; Type: TABLE DATA; Schema: public; Owner: -
--

COPY public.inbox_conversas_etiquetas (id, conversa_id, etiquetaconversa_id) FROM stdin;
1	1	3
2	2	1
3	3	5
4	6	3
5	7	1
\.


--
-- Data for Name: inbox_equipes; Type: TABLE DATA; Schema: public; Owner: -
--

COPY public.inbox_equipes (id, nome, descricao, cor_hex, ativo, criado_em, lider_id, tenant_id) FROM stdin;
2	Vendas Aurora		#3b82f6	t	2026-04-06 01:02:34.047008-03	\N	3
3	Suporte		#667eea	t	2026-04-09 09:31:38.64405-03	\N	8
5	Comercial FATEPI	Equipe comercial da FATEPI	#3b82f6	t	2026-04-09 23:08:52.143321-03	\N	7
\.


--
-- Data for Name: inbox_etiquetas; Type: TABLE DATA; Schema: public; Owner: -
--

COPY public.inbox_etiquetas (id, nome, cor_hex, criado_em, criado_por_id, tenant_id) FROM stdin;
1	Urgente	#ef4444	2026-04-03 22:50:12.829377-03	\N	4
2	VIP	#f59e0b	2026-04-03 22:50:12.832424-03	\N	4
3	Novo Lead	#22c55e	2026-04-03 22:50:12.833185-03	\N	4
4	Suporte	#3b82f6	2026-04-03 22:50:12.835194-03	\N	4
5	Financeiro	#8b5cf6	2026-04-03 22:50:12.836321-03	\N	4
6	Urgente	#ef4444	2026-04-03 23:07:56.751436-03	\N	3
7	VIP	#f59e0b	2026-04-03 23:07:56.754134-03	\N	3
8	Novo Lead	#22c55e	2026-04-03 23:07:56.755795-03	\N	3
9	Suporte	#3b82f6	2026-04-03 23:07:56.758845-03	\N	3
10	Financeiro	#8b5cf6	2026-04-03 23:07:56.761858-03	\N	3
\.


--
-- Data for Name: inbox_faq_artigos; Type: TABLE DATA; Schema: public; Owner: -
--

COPY public.inbox_faq_artigos (id, titulo, conteudo, ordem, ativo, visualizacoes, criado_em, atualizado_em, tenant_id, categoria_id) FROM stdin;
1	das	dasda	0	t	0	2026-04-04 00:17:30.429682-03	2026-04-04 00:17:30.429682-03	3	1
\.


--
-- Data for Name: inbox_faq_categorias; Type: TABLE DATA; Schema: public; Owner: -
--

COPY public.inbox_faq_categorias (id, nome, slug, icone, cor, ordem, ativo, criado_em, tenant_id) FROM stdin;
1	teste	teste	fa-circle-question	#667eea	0	t	2026-04-04 00:17:20.416978-03	3
\.


--
-- Data for Name: inbox_filas; Type: TABLE DATA; Schema: public; Owner: -
--

COPY public.inbox_filas (id, nome, descricao, prioridade, modo_distribuicao, ativo, ultimo_agente_id, criado_em, equipe_id, tenant_id, mensagem_fora_horario) FROM stdin;
2	WhatsApp		0	round_robin	t	\N	2026-04-06 01:02:34.06313-03	2	3	
6	Comercial		0	round_robin	t	15	2026-04-09 23:11:07.368335-03	5	7	
\.


--
-- Data for Name: inbox_historico_transferencia; Type: TABLE DATA; Schema: public; Owner: -
--

COPY public.inbox_historico_transferencia (id, motivo, data, conversa_id, de_agente_id, de_equipe_id, para_agente_id, para_equipe_id, para_fila_id, tenant_id, transferido_por_id) FROM stdin;
\.


--
-- Data for Name: inbox_horario_atendimento; Type: TABLE DATA; Schema: public; Owner: -
--

COPY public.inbox_horario_atendimento (id, dia_semana, hora_inicio, hora_fim, ativo, tenant_id, fila_id) FROM stdin;
1	0	08:00:00	18:00:00	t	3	\N
2	1	08:00:00	18:00:00	t	3	\N
3	2	08:00:00	18:00:00	t	3	\N
4	3	08:00:00	18:00:00	t	3	\N
5	4	08:00:00	18:00:00	t	3	\N
6	5	08:00:00	12:00:00	t	3	\N
7	6	00:00:00	00:00:00	f	3	\N
\.


--
-- Data for Name: inbox_membros_equipe; Type: TABLE DATA; Schema: public; Owner: -
--

COPY public.inbox_membros_equipe (id, cargo, adicionado_em, equipe_id, tenant_id, user_id) FROM stdin;
1	gerente	2026-04-06 01:02:34.056119-03	2	3	1
2	agente	2026-04-06 01:02:34.060581-03	2	3	2
3	agente	2026-04-06 01:02:34.062125-03	2	3	4
7	agente	2026-04-10 03:39:58.339262-03	5	7	15
8	agente	2026-04-10 03:39:58.917397-03	5	7	16
9	agente	2026-04-10 03:39:59.635485-03	5	7	17
\.


--
-- Data for Name: inbox_mensagens; Type: TABLE DATA; Schema: public; Owner: -
--

COPY public.inbox_mensagens (id, remetente_tipo, remetente_nome, tipo_conteudo, conteudo, arquivo_url, arquivo_nome, arquivo_tamanho, lida, data_leitura, data_envio, data_entrega, identificador_externo, metadata, erro_envio, conversa_id, remetente_user_id, tenant_id) FROM stdin;
1	contato	Henrique Cardoso	texto	Boa tarde! Estou interessado em contratar internet fibra pra minha casa.			\N	f	\N	2026-04-03 22:05:12.814364-03	\N		{}		1	\N	4
2	contato	Henrique Cardoso	texto	Voces atendem no bairro Ininga?			\N	f	\N	2026-04-03 22:06:12.814364-03	\N		{}		1	\N	4
3	agente	Darlan Oliveira	texto	Ola! Obrigado pelo contato. Sim, temos cobertura no Ininga. Planos a partir de R$79,90.			\N	t	\N	2026-04-03 22:10:12.814364-03	\N		{}		1	2	4
4	contato	Henrique Cardoso	texto	Que legal! Quais planos voces tem?			\N	f	\N	2026-04-03 22:15:12.814364-03	\N		{}		1	\N	4
5	agente	Darlan Oliveira	texto	Temos: Fibra 200MB R$79,90, Fibra 400MB R$99,90, Fibra 600MB R$129,90. Todos com Wi-Fi 6.			\N	t	\N	2026-04-03 22:20:12.814364-03	\N		{}		1	2	4
6	contato	Henrique Cardoso	texto	Hmm, o de 400MB me interessa. Como faco pra contratar?			\N	f	\N	2026-04-03 22:45:12.814364-03	\N		{}		1	\N	4
7	contato	Sabrina Monteiro	texto	Oi, minha internet caiu desde ontem e nao voltou mais			\N	f	\N	2026-04-03 22:35:12.814364-03	\N		{}		2	\N	4
8	contato	Sabrina Monteiro	texto	Numero do contrato eh 45892			\N	f	\N	2026-04-03 22:36:12.814364-03	\N		{}		2	\N	4
9	contato	Sabrina Monteiro	texto	Alguem pode me ajudar???			\N	f	\N	2026-04-03 22:47:12.814364-03	\N		{}		2	\N	4
10	contato	Eduardo Barros	texto	Bom dia! Recebi uma cobranca em duplicidade no meu cartao esse mes.			\N	f	\N	2026-04-03 20:50:12.814364-03	\N		{}		3	\N	4
11	agente	Maria Santos	texto	Bom dia Roberto! Vou verificar. Pode me informar o CPF cadastrado?			\N	t	\N	2026-04-03 21:00:12.814364-03	\N		{}		3	3	4
12	contato	Eduardo Barros	texto	123.456.789-00			\N	f	\N	2026-04-03 21:05:12.814364-03	\N		{}		3	\N	4
13	agente	Maria Santos	texto	Confirmado, houve cobranca duplicada. Ja solicitei o estorno, cai em ate 5 dias uteis.			\N	t	\N	2026-04-03 21:10:12.814364-03	\N		{}		3	3	4
14	contato	Eduardo Barros	texto	Perfeito, obrigado pela rapidez!			\N	f	\N	2026-04-03 21:15:12.814364-03	\N		{}		3	\N	4
15	contato	Aline Nascimento	texto	Ola, gostaria de fazer upgrade do meu plano de 200MB para 600MB			\N	f	\N	2026-04-03 18:50:12.814364-03	\N		{}		4	\N	4
16	agente	Darlan Oliveira	texto	Oi Fernanda! O upgrade eh sem fidelidade e sem custo de instalacao.			\N	t	\N	2026-04-03 18:55:12.814364-03	\N		{}		4	2	4
17	contato	Aline Nascimento	texto	Otimo! Pode fazer a mudanca entao			\N	f	\N	2026-04-03 19:00:12.814364-03	\N		{}		4	\N	4
18	agente	Darlan Oliveira	texto	Preciso confirmar alguns dados. Pode enviar foto do RG frente e verso?			\N	t	\N	2026-04-03 19:05:12.814364-03	\N		{}		4	2	4
19	contato	Aline Nascimento	texto	Vou enviar assim que chegar em casa			\N	f	\N	2026-04-03 19:10:12.814364-03	\N		{}		4	\N	4
20	contato	Marcos Teixeira	texto	Boa noite, preciso da segunda via do boleto			\N	t	\N	2026-04-02 22:50:12.814364-03	\N		{}		5	\N	4
21	agente	Darlan Oliveira	texto	Boa noite Marcos! Segue o link: https://megalink.com.br/boleto/98234			\N	t	\N	2026-04-02 22:55:12.814364-03	\N		{}		5	2	4
22	contato	Marcos Teixeira	texto	Recebi, muito obrigado!			\N	t	\N	2026-04-02 23:00:12.814364-03	\N		{}		5	\N	4
23	sistema	Sistema	sistema	Conversa resolvida por Darlan Oliveira			\N	t	\N	2026-04-02 23:01:12.814364-03	\N		{}		5	\N	4
24	contato	Vanessa Lopes	texto	Oi, vi o anuncio de voces no Instagram. Quanto eh o plano de 400MB?			\N	f	\N	2026-04-03 22:42:12.814364-03	\N		{}		6	\N	4
25	contato	Renato Dias	texto	A internet ta muito lenta, dando 20MB no teste e meu plano eh de 400MB			\N	f	\N	2026-04-03 22:25:12.814364-03	\N		{}		7	\N	4
26	agente	Maria Santos	texto	Oi Pedro, pode reiniciar o roteador desligando da tomada por 30s?			\N	t	\N	2026-04-03 22:30:12.814364-03	\N		{}		7	3	4
27	contato	Renato Dias	texto	Fiz aqui, continua lento			\N	f	\N	2026-04-03 22:32:12.814364-03	\N		{}		7	\N	4
28	agente	Maria Santos	texto	Identifiquei instabilidade na sua regiao. Equipe tecnica atuando. Previsao: 2h.			\N	t	\N	2026-04-03 22:35:12.814364-03	\N		{}		7	3	4
29	contato	Renato Dias	texto	Ok, obrigado por avisar			\N	f	\N	2026-04-03 22:38:12.814364-03	\N		{}		7	\N	4
89	contato	Lucas Rodrigues	texto	oi			\N	t	2026-04-06 10:49:34.972233-03	2026-04-06 10:49:24.310087-03	\N	3EB0447975584BEB2D1484	{"instance": "AuroraISP", "timestamp": 1775483363000, "uazapi_event": "messages"}		21	\N	3
90	agente	Lucas Rodrigues	texto	Funcionou			\N	f	\N	2026-04-06 10:50:38.505278-03	\N		{}		21	1	3
91	contato	Lucas Rodrigues	texto	oi			\N	t	2026-04-06 18:07:51.862518-03	2026-04-06 18:07:02.528242-03	\N	3EB0608399CB741B156132	{"instance": "AuroraISP", "timestamp": 1775509622000, "uazapi_event": "messages"}		21	\N	3
92	contato	Lucas Rodrigues	texto	oi			\N	t	2026-04-06 18:11:16.667341-03	2026-04-06 18:10:58.592007-03	\N	3EB0E8F799973EB46FD52E	{"instance": "AuroraISP", "timestamp": 1775509858000, "uazapi_event": "messages"}		21	\N	3
95	bot	Aurora	texto	Qual seu nome completo?			\N	f	\N	2026-04-06 18:14:22.430353-03	\N		{}		21	\N	3
97	bot	Aurora	texto	Em qual cidade voce mora?			\N	f	\N	2026-04-06 18:14:28.365344-03	\N		{}		21	\N	3
99	bot	Aurora	texto	Qual plano te interessa?\n\n1. 100 Mega - R$ 79,90\n2. 200 Mega - R$ 99,90\n3. 400 Mega - R$ 129,90\n4. 600 Mega - R$ 159,90			\N	f	\N	2026-04-06 18:14:34.274217-03	\N		{}		21	\N	3
101	bot	Aurora	texto	Obrigado! Entraremos em contato em breve.			\N	f	\N	2026-04-06 18:14:40.177911-03	\N		{}		21	\N	3
103	bot	Aurora	texto	Qual seu nome completo?			\N	f	\N	2026-04-06 18:21:51.369308-03	\N		{}		21	\N	3
105	bot	Aurora	texto	Em qual cidade voce mora?			\N	f	\N	2026-04-06 19:13:04.408137-03	\N		{}		21	\N	3
107	bot	Aurora	texto	Qual plano te interessa?\n\n1. 100 Mega - R$ 79,90\n2. 200 Mega - R$ 99,90\n3. 400 Mega - R$ 129,90\n4. 600 Mega - R$ 159,90			\N	f	\N	2026-04-06 19:13:11.902796-03	\N		{}		21	\N	3
93	contato	Lucas Rodrigues	texto	oi			\N	t	2026-04-06 19:19:22.297843-03	2026-04-06 18:12:18.022385-03	\N	3EB02C347CDABA47FE956C	{"instance": "AuroraISP", "timestamp": 1775509938000, "uazapi_event": "messages"}		21	\N	3
94	contato	Lucas Rodrigues	texto	oi			\N	t	2026-04-06 19:19:22.297843-03	2026-04-06 18:14:22.401828-03	\N	3EB0E76BAB714AA3942392	{"instance": "AuroraISP", "timestamp": 1775510062000, "uazapi_event": "messages"}		21	\N	3
96	contato	Lucas Rodrigues	texto	Lucas Rodrigues			\N	t	2026-04-06 19:19:22.297843-03	2026-04-06 18:14:28.337852-03	\N	3EB00394B66A306A0D8CAD	{"instance": "AuroraISP", "timestamp": 1775510068000, "uazapi_event": "messages"}		21	\N	3
98	contato	Lucas Rodrigues	texto	Teresina			\N	t	2026-04-06 19:19:22.297843-03	2026-04-06 18:14:34.237909-03	\N	3EB0F49B2021131510C9B7	{"instance": "AuroraISP", "timestamp": 1775510074000, "uazapi_event": "messages"}		21	\N	3
100	contato	Lucas Rodrigues	texto	1			\N	t	2026-04-06 19:19:22.297843-03	2026-04-06 18:14:40.101691-03	\N	3EB05A462CFBE081CC92D9	{"instance": "AuroraISP", "timestamp": 1775510080000, "uazapi_event": "messages"}		21	\N	3
102	contato	Lucas Rodrigues	texto	oi			\N	t	2026-04-06 19:19:22.297843-03	2026-04-06 18:21:51.32665-03	\N	3EB03E3237591913F692E9	{"instance": "AuroraISP", "timestamp": 1775510511000, "uazapi_event": "messages"}		21	\N	3
104	contato	Lucas Rodrigues	texto	Lucas Rodrigues			\N	t	2026-04-06 19:19:22.297843-03	2026-04-06 19:13:04.340248-03	\N	3EB03FF9E7385CE0B5C814	{"instance": "AuroraISP", "timestamp": 1775513584000, "uazapi_event": "messages"}		21	\N	3
106	contato	Lucas Rodrigues	texto	Teresina			\N	t	2026-04-06 19:19:22.297843-03	2026-04-06 19:13:11.808297-03	\N	3EB0F018882C654AE02D4C	{"instance": "AuroraISP", "timestamp": 1775513591000, "uazapi_event": "messages"}		21	\N	3
108	contato	Lucas	texto	oi			\N	t	2026-04-06 20:56:57.055997-03	2026-04-06 20:56:51.055928-03	\N		{}		22	\N	3
109	agente	Lucas Rodrigues	texto	oi			\N	f	\N	2026-04-06 20:57:01.300859-03	\N		{}		22	1	3
392	bot	Aurora	texto	Prazer! Qual curso voce tem interesse? Nossos cursos: Direito, Sistemas de Informacao, Psicologia, Enfermagem, Fisioterapia, Administracao, Ciencias Contabeis, Pedagogia, Fonoaudiologia, Educacao Fisica, Servico Social.			\N	f	\N	2026-04-10 07:12:30.060253-03	\N		{}		55	\N	7
116	bot	Pedro	texto	Ola! O curso de Direito funciona das 18h30 as 21h40. Matricula por R$ 199,00.			\N	f	\N	2026-04-07 17:05:52.361337-03	\N		{}		23	\N	7
117	contato	Teste	texto	oi teste			\N	t	2026-04-07 22:31:52.042158-03	2026-04-07 22:07:24.481566-03	\N	TEST456	{"timestamp": "", "uazapi_event": "messages"}		24	\N	7
208	bot	Aurora IA	texto	O curso de Direito é presencial, com aulas de segunda a sexta, das 18h30 às 21h40. Qual a forma de ingresso que você prefere: Nota do ENEM, Prova Online ou Transferência?			\N	f	\N	2026-04-08 15:50:36.085892-03	\N		{}		27	\N	7
225	bot	Aurora	texto	O curso e presencial, de segunda a sexta, das 18h30 as 21h40. Como voce pretende ingressar: Nota do ENEM, Prova Online ou Transferencia?			\N	f	\N	2026-04-08 17:35:36.394866-03	\N		{}		27	\N	7
244	bot	Aurora	texto	O curso e presencial, de segunda a sexta, das 18h30 as 21h40. Como voce pretende ingressar: Nota do ENEM, Prova Online ou Transferencia?			\N	f	\N	2026-04-08 20:07:51.556502-03	\N		{}		27	\N	7
291	agente	Suporte	texto	Entendo. Vamos fazer um diagnóstico. Pode reiniciar o roteador e me avisar?			\N	f	\N	2026-04-09 09:33:12.928069-03	\N		{}		45	\N	8
292	contato	Ana Beatriz Costa	texto	Quero fazer upgrade do meu plano			\N	f	\N	2026-04-09 09:33:12.933047-03	\N		{}		46	\N	8
293	agente	Suporte	texto	Vou verificar a situação da sua conexão. Pode me informar seu CPF?			\N	f	\N	2026-04-09 09:33:12.933047-03	\N		{}		46	\N	8
294	contato	Juliana Ferreira	texto	Como faço para cancelar?			\N	f	\N	2026-04-09 09:33:12.937628-03	\N		{}		47	\N	8
295	agente	Suporte	texto	Entendo. Vamos fazer um diagnóstico. Pode reiniciar o roteador e me avisar?			\N	f	\N	2026-04-09 09:33:12.938634-03	\N		{}		47	\N	8
296	contato	Pedro Henrique Lima	texto	Preciso de suporte técnico			\N	f	\N	2026-04-09 09:33:12.941676-03	\N		{}		48	\N	8
297	agente	Suporte	texto	O plano de 500MB custa R$ 199,90/mês. Quer que eu envie mais detalhes?			\N	f	\N	2026-04-09 09:33:12.941676-03	\N		{}		48	\N	8
298	contato	Isabela Nascimento	texto	Vocês atendem na minha região?			\N	f	\N	2026-04-09 09:33:12.947805-03	\N		{}		49	\N	8
299	agente	Suporte	texto	Sim, atendemos na sua região! Qual seu endereço para verificarmos a viabilidade?			\N	f	\N	2026-04-09 09:33:12.948244-03	\N		{}		49	\N	8
314	bot	Aurora IA	texto	O endereço da FATEPI/FAESPI é Rua Primeiro de Maio, 2235, Bairro Primavera, Teresina - PI. Qual curso você tem interesse?			\N	f	\N	2026-04-09 16:17:10.539382-03	\N		{}		27	\N	7
394	bot	Aurora	texto	O curso e presencial, de segunda a sexta, das 18h30 as 21h40. Como voce pretende ingressar: Nota do ENEM, Prova Online ou Transferencia?			\N	f	\N	2026-04-10 07:12:46.175262-03	\N		{}		55	\N	7
393	contato	Lucas Rodrigues	texto	Direito			\N	t	2026-04-10 07:14:44.007373-03	2026-04-10 07:12:39.980005-03	\N	3EB011E0EDBFB2F0B1E690	{"timestamp": 1775815960000, "uazapi_raw": {"chat": {"id": "r16d5b8fd15afb7", "name": "Vitoria Posser", "image": "", "owner": "553181167572", "phone": "+55 53 8152-1653", "wa_name": "Lucas Rodrigues", "wa_label": [], "wa_notes": "", "lead_name": "", "lead_tags": [], "wa_chatid": "555381521653@s.whatsapp.net", "wa_fastid": "553181167572:555381521653", "lead_email": "", "lead_notes": "", "wa_chatlid": "75200599224403@lid", "wa_isGroup": false, "lead_status": "", "wa_archived": false, "wa_isPinned": false, "imagePreview": "", "lead_field01": "", "lead_field02": "", "lead_field03": "", "lead_field04": "", "lead_field05": "", "lead_field06": "", "lead_field07": "", "lead_field08": "", "lead_field09": "", "lead_field10": "", "lead_field11": "", "lead_field12": "", "lead_field13": "", "lead_field14": "", "lead_field15": "", "lead_field16": "", "lead_field17": "", "lead_field18": "", "lead_field19": "", "lead_field20": "", "wa_isBlocked": false, "lead_fullName": "", "wa_contactName": "Vitoria Posser", "wa_muteEndTime": 0, "wa_unreadCount": 374, "lead_personalid": "", "lead_kanbanOrder": 0, "wa_isGroup_admin": false, "lead_isTicketOpen": false, "wa_isGroup_member": false, "wa_lastMessageType": "Conversation", "wa_isGroup_announce": false, "wa_lastMsgTimestamp": 1775815960000, "chatbot_disableUntil": 0, "wa_isGroup_community": false, "wa_lastMessageSender": "75200599224403@lid", "chatbot_lastTriggerAt": 0, "chatbot_lastTrigger_id": "", "wa_ephemeralExpiration": 0, "wa_lastMessageTextVote": "Direito", "lead_assignedAttendant_id": "", "chatbot_agentResetMemoryAt": 0}, "owner": "553181167572", "token": "9ef0cf61-87b3-444a-8769-07b0b74563e5", "BaseUrl": "https://consulteplus.uazapi.com", "message": {"id": "553181167572:3EB011E0EDBFB2F0B1E690", "text": "Direito", "type": "text", "vote": "", "owner": "553181167572", "chatid": "555381521653@s.whatsapp.net", "edited": "", "fromMe": false, "pinned": false, "quoted": "", "sender": "75200599224403@lid", "source": "web", "status": "", "chatlid": "75200599224403@lid", "content": "Direito", "isGroup": false, "reaction": "", "track_id": "", "groupName": "", "mediaType": "", "messageid": "3EB011E0EDBFB2F0B1E690", "sender_pn": "555381521653@s.whatsapp.net", "senderName": "Lucas Rodrigues", "sender_lid": "75200599224403@lid", "messageType": "Conversation", "track_source": "", "wasSentByApi": false, "buttonOrListid": "", "convertOptions": "", "messageTimestamp": 1775815960000}, "EventType": "messages", "chatSource": "updated", "instanceName": "AuroraISP"}, "uazapi_event": "messages"}		55	\N	7
210	bot	Aurora	texto	Obrigado pelo interesse! Em breve um consultor entrara em contato.			\N	f	\N	2026-04-08 15:50:54.946219-03	\N		{}		27	\N	7
227	bot	Aurora IA	texto	Olá oi!\n\nVocê escolheu o curso de Direito e vai ingressar via ENEM. Aqui estão os valores do curso:\n\n- Valor Integral: R$ 1.500\n- Matrícula Promocional: R$ 49,99\n- Mensalidade: R$ 525\n\nAlém disso, temos as bolsas progressivas que são:\n\n- 65% em 2026.1\n- 60% em 2026.2\n- 55% em 2027.1\n- 50% a partir de 2027.2\n\nSe garantirmos essa condição hoje, você consegue finalizar sua matrícula?			\N	f	\N	2026-04-08 17:35:58.926441-03	\N		{}		27	\N	7
246	bot	Aurora IA	texto	Olá, Lucas Rodrigues!			\N	f	\N	2026-04-08 20:08:04.683234-03	\N		{}		27	\N	7
247	bot	Aurora IA	texto	Fico feliz com sua escolha pelo curso de Direito. Vamos aos valores para você que irá ingressar via ENEM.			\N	f	\N	2026-04-08 20:08:04.986104-03	\N		{}		27	\N	7
248	bot	Aurora IA	texto	Valor Integral: R$ 1.500,00  \nMatrícula Promocional: R$ 49,99  \nMensalidade: R$ 525,00			\N	f	\N	2026-04-08 20:08:05.2918-03	\N		{}		27	\N	7
249	bot	Aurora IA	texto	Além disso, temos as bolsas progressivas que você pode aproveitar:  \n- 65% de desconto em 2026.1  \n- 60% de desconto em 2026.2  \n- 55% de desconto em 2027.1  \n- 50% de desconto a partir de 2027.2			\N	f	\N	2026-04-08 20:08:05.599611-03	\N		{}		27	\N	7
250	bot	Aurora IA	texto	Se garantirmos essa condição hoje, você consegue finalizar sua matrícula?			\N	f	\N	2026-04-08 20:08:05.907856-03	\N		{}		27	\N	7
300	contato	Maria Clara Santos	texto	Preciso de suporte técnico			\N	f	\N	2026-04-09 09:33:52.320823-03	\N		{}		50	\N	8
301	agente	Suporte	texto	O plano de 500MB custa R$ 199,90/mês. Quer que eu envie mais detalhes?			\N	f	\N	2026-04-09 09:33:52.321828-03	\N		{}		50	\N	8
302	contato	Felipe Rodrigues	texto	Minha internet está lenta			\N	f	\N	2026-04-09 09:33:52.326045-03	\N		{}		51	\N	8
303	agente	Suporte	texto	Olá! Temos planos a partir de R$ 99,90/mês. Posso te ajudar a escolher o melhor para você!			\N	f	\N	2026-04-09 09:33:52.327045-03	\N		{}		51	\N	8
316	bot	Aurora	texto	Prazer! Qual curso voce tem interesse? Nossos cursos: Direito, Sistemas de Informacao, Psicologia, Enfermagem, Fisioterapia, Administracao, Ciencias Contabeis, Pedagogia, Fonoaudiologia, Educacao Fisica e Servico Social.			\N	f	\N	2026-04-09 16:17:52.172256-03	\N		{}		27	\N	7
226	contato	Lucas	texto	Enem			\N	t	2026-04-09 16:22:10.266294-03	2026-04-08 17:35:50.524434-03	\N		{}		27	\N	7
245	contato	Lucas	texto	Enem			\N	t	2026-04-09 16:22:10.266294-03	2026-04-08 20:08:00.566744-03	\N		{}		27	\N	7
315	contato	Lucas	texto	Direito			\N	t	2026-04-09 16:22:10.266294-03	2026-04-09 16:17:52.121434-03	\N		{}		27	\N	7
396	bot	Aurora IA	texto	Claro, Lucas Rodrigues! Aqui estão os valores para o curso de Direito, considerando a sua opção de ingresso via ENEM:			\N	f	\N	2026-04-10 07:13:01.895759-03	\N		{}		55	\N	7
397	bot	Aurora IA	texto	**Valores para Direito:**			\N	f	\N	2026-04-10 07:13:02.198586-03	\N		{}		55	\N	7
398	bot	Aurora IA	texto	- **Valor Integral:** R$ 1.500\n- **Matrícula Promocional:** R$ 49,99 (ENEM)\n- **Mensalidade:** R$ 525			\N	f	\N	2026-04-10 07:13:02.542306-03	\N		{}		55	\N	7
399	bot	Aurora IA	texto	**Bolsas Progressivas:**\n- 65% em 2026.1\n- 60% em 2026.2\n- 55% em 2027.1\n- 50% a partir de 2027.2			\N	f	\N	2026-04-10 07:13:02.863171-03	\N		{}		55	\N	7
400	bot	Aurora IA	texto	Se garantirmos essa condição hoje, você consegue finalizar sua matrícula?			\N	f	\N	2026-04-10 07:13:03.167612-03	\N		{}		55	\N	7
395	contato	Lucas Rodrigues	texto	Nota do Enem			\N	t	2026-04-10 07:14:44.007373-03	2026-04-10 07:12:53.881693-03	\N	3EB0CE8BE3A2C48AC1A825	{"timestamp": 1775815974000, "uazapi_raw": {"chat": {"id": "r16d5b8fd15afb7", "name": "Vitoria Posser", "image": "", "owner": "553181167572", "phone": "+55 53 8152-1653", "wa_name": "Lucas Rodrigues", "wa_label": [], "wa_notes": "", "lead_name": "", "lead_tags": [], "wa_chatid": "555381521653@s.whatsapp.net", "wa_fastid": "553181167572:555381521653", "lead_email": "", "lead_notes": "", "wa_chatlid": "75200599224403@lid", "wa_isGroup": false, "lead_status": "", "wa_archived": false, "wa_isPinned": false, "imagePreview": "", "lead_field01": "", "lead_field02": "", "lead_field03": "", "lead_field04": "", "lead_field05": "", "lead_field06": "", "lead_field07": "", "lead_field08": "", "lead_field09": "", "lead_field10": "", "lead_field11": "", "lead_field12": "", "lead_field13": "", "lead_field14": "", "lead_field15": "", "lead_field16": "", "lead_field17": "", "lead_field18": "", "lead_field19": "", "lead_field20": "", "wa_isBlocked": false, "lead_fullName": "", "wa_contactName": "Vitoria Posser", "wa_muteEndTime": 0, "wa_unreadCount": 375, "lead_personalid": "", "lead_kanbanOrder": 0, "wa_isGroup_admin": false, "lead_isTicketOpen": false, "wa_isGroup_member": false, "wa_lastMessageType": "Conversation", "wa_isGroup_announce": false, "wa_lastMsgTimestamp": 1775815974000, "chatbot_disableUntil": 0, "wa_isGroup_community": false, "wa_lastMessageSender": "75200599224403@lid", "chatbot_lastTriggerAt": 0, "chatbot_lastTrigger_id": "", "wa_ephemeralExpiration": 0, "wa_lastMessageTextVote": "Nota do Enem", "lead_assignedAttendant_id": "", "chatbot_agentResetMemoryAt": 0}, "owner": "553181167572", "token": "9ef0cf61-87b3-444a-8769-07b0b74563e5", "BaseUrl": "https://consulteplus.uazapi.com", "message": {"id": "553181167572:3EB0CE8BE3A2C48AC1A825", "text": "Nota do Enem", "type": "text", "vote": "", "owner": "553181167572", "chatid": "555381521653@s.whatsapp.net", "edited": "", "fromMe": false, "pinned": false, "quoted": "", "sender": "75200599224403@lid", "source": "web", "status": "", "chatlid": "75200599224403@lid", "content": "Nota do Enem", "isGroup": false, "reaction": "", "track_id": "", "groupName": "", "mediaType": "", "messageid": "3EB0CE8BE3A2C48AC1A825", "sender_pn": "555381521653@s.whatsapp.net", "senderName": "Lucas Rodrigues", "sender_lid": "75200599224403@lid", "messageType": "Conversation", "track_source": "", "wasSentByApi": false, "buttonOrListid": "", "convertOptions": "", "messageTimestamp": 1775815974000}, "EventType": "messages", "chatSource": "updated", "instanceName": "AuroraISP"}, "uazapi_event": "messages"}		55	\N	7
213	bot	Aurora IA	texto	Olá, Lucas! Como posso te ajudar hoje? Qual é o seu nome completo?			\N	f	\N	2026-04-08 16:00:12.8585-03	\N		{}		27	\N	7
304	contato	Lucas	texto	oi			\N	f	\N	2026-04-09 16:15:47.165958-03	\N		{}		22	\N	3
211	contato	Lucas	texto	oi			\N	t	2026-04-09 16:22:10.266294-03	2026-04-08 16:00:10.667671-03	\N		{}		27	\N	7
228	contato	Lucas	texto	Sim			\N	t	2026-04-09 16:22:10.266294-03	2026-04-08 17:36:25.320526-03	\N		{}		27	\N	7
251	contato	Lucas	texto	Sim			\N	t	2026-04-09 16:22:10.266294-03	2026-04-08 20:14:01.598791-03	\N		{}		27	\N	7
203	contato	Lucas	texto	iu			\N	t	2026-04-09 16:22:10.266294-03	2026-04-08 15:49:33.92793-03	\N		{}		27	\N	7
205	contato	Lucas	texto	Lucas Rodrigues			\N	t	2026-04-09 16:22:10.266294-03	2026-04-08 15:49:44.750365-03	\N		{}		27	\N	7
207	contato	Lucas	texto	Direito			\N	t	2026-04-09 16:22:10.266294-03	2026-04-08 15:50:30.022485-03	\N		{}		27	\N	7
209	contato	Lucas	texto	Prova online			\N	t	2026-04-09 16:22:10.266294-03	2026-04-08 15:50:54.917075-03	\N		{}		27	\N	7
401	contato	Lucas Rodrigues	texto	sim			\N	t	2026-04-10 07:14:44.007373-03	2026-04-10 07:13:36.36896-03	\N	3EB095D2F6A695A417EE08	{"timestamp": 1775816016000, "uazapi_raw": {"chat": {"id": "r16d5b8fd15afb7", "name": "Vitoria Posser", "image": "", "owner": "553181167572", "phone": "+55 53 8152-1653", "wa_name": "Lucas Rodrigues", "wa_label": [], "wa_notes": "", "lead_name": "", "lead_tags": [], "wa_chatid": "555381521653@s.whatsapp.net", "wa_fastid": "553181167572:555381521653", "lead_email": "", "lead_notes": "", "wa_chatlid": "75200599224403@lid", "wa_isGroup": false, "lead_status": "", "wa_archived": false, "wa_isPinned": false, "imagePreview": "", "lead_field01": "", "lead_field02": "", "lead_field03": "", "lead_field04": "", "lead_field05": "", "lead_field06": "", "lead_field07": "", "lead_field08": "", "lead_field09": "", "lead_field10": "", "lead_field11": "", "lead_field12": "", "lead_field13": "", "lead_field14": "", "lead_field15": "", "lead_field16": "", "lead_field17": "", "lead_field18": "", "lead_field19": "", "lead_field20": "", "wa_isBlocked": false, "lead_fullName": "", "wa_contactName": "Vitoria Posser", "wa_muteEndTime": 0, "wa_unreadCount": 376, "lead_personalid": "", "lead_kanbanOrder": 0, "wa_isGroup_admin": false, "lead_isTicketOpen": false, "wa_isGroup_member": false, "wa_lastMessageType": "Conversation", "wa_isGroup_announce": false, "wa_lastMsgTimestamp": 1775816016000, "chatbot_disableUntil": 0, "wa_isGroup_community": false, "wa_lastMessageSender": "75200599224403@lid", "chatbot_lastTriggerAt": 0, "chatbot_lastTrigger_id": "", "wa_ephemeralExpiration": 0, "wa_lastMessageTextVote": "sim", "lead_assignedAttendant_id": "", "chatbot_agentResetMemoryAt": 0}, "owner": "553181167572", "token": "9ef0cf61-87b3-444a-8769-07b0b74563e5", "BaseUrl": "https://consulteplus.uazapi.com", "message": {"id": "553181167572:3EB095D2F6A695A417EE08", "text": "sim", "type": "text", "vote": "", "owner": "553181167572", "chatid": "555381521653@s.whatsapp.net", "edited": "", "fromMe": false, "pinned": false, "quoted": "", "sender": "75200599224403@lid", "source": "web", "status": "", "chatlid": "75200599224403@lid", "content": "sim", "isGroup": false, "reaction": "", "track_id": "", "groupName": "", "mediaType": "", "messageid": "3EB095D2F6A695A417EE08", "sender_pn": "555381521653@s.whatsapp.net", "senderName": "Lucas Rodrigues", "sender_lid": "75200599224403@lid", "messageType": "Conversation", "track_source": "", "wasSentByApi": false, "buttonOrListid": "", "convertOptions": "", "messageTimestamp": 1775816016000}, "EventType": "messages", "chatSource": "updated", "instanceName": "AuroraISP"}, "uazapi_event": "messages"}		55	\N	7
232	bot	Aurora IA	texto	Olá! Como posso ajudá-lo hoje? Se tiver alguma dúvida sobre a matrícula ou sobre nossos cursos, fique à vontade para perguntar!			\N	f	\N	2026-04-08 20:07:21.693401-03	\N		{}		27	\N	7
253	bot	Aurora IA	texto	Olá, Lucas! Como posso te ajudar hoje? Se você tiver alguma dúvida sobre o processo de matrícula ou qualquer outra informação, estou à disposição.			\N	f	\N	2026-04-08 23:14:46.264666-03	\N		{}		27	\N	7
308	bot	Aurora IA	texto	Olá, Lucas! Como posso te ajudar hoje? Qual curso você tem interesse?			\N	f	\N	2026-04-09 16:16:19.166444-03	\N		{}		27	\N	7
212	contato	Lucas	texto	oi			\N	t	2026-04-09 16:22:10.266294-03	2026-04-08 16:00:11.499663-03	\N		{}		27	\N	7
229	contato	Lucas	texto	oi			\N	t	2026-04-09 16:22:10.266294-03	2026-04-08 20:07:15.980819-03	\N		{}		27	\N	7
252	contato	Lucas	texto	oi			\N	t	2026-04-09 16:22:10.266294-03	2026-04-08 23:14:41.464795-03	\N		{}		27	\N	7
305	contato	Lucas	texto	oi			\N	t	2026-04-09 16:22:10.266294-03	2026-04-09 16:16:13.728904-03	\N		{}		27	\N	7
403	bot	Aurora	texto	Para ingressar via ENEM, preciso que voce envie o print ou foto da sua nota do ENEM (minimo 400 pontos). Pode enviar agora!			\N	f	\N	2026-04-10 07:13:43.262885-03	\N		{}		55	\N	7
402	contato	Lucas Rodrigues	texto	sim			\N	t	2026-04-10 07:14:44.007373-03	2026-04-10 07:13:40.445291-03	\N	3EB095D2F6A695A417EE08	{"timestamp": 1775816016000, "uazapi_raw": {"chat": {"id": "r16d5b8fd15afb7", "name": "Vitoria Posser", "image": "", "owner": "553181167572", "phone": "+55 53 8152-1653", "wa_name": "Lucas Rodrigues", "wa_label": [], "wa_notes": "", "lead_name": "", "lead_tags": [], "wa_chatid": "555381521653@s.whatsapp.net", "wa_fastid": "553181167572:555381521653", "lead_email": "", "lead_notes": "", "wa_chatlid": "75200599224403@lid", "wa_isGroup": false, "lead_status": "", "wa_archived": false, "wa_isPinned": false, "imagePreview": "", "lead_field01": "", "lead_field02": "", "lead_field03": "", "lead_field04": "", "lead_field05": "", "lead_field06": "", "lead_field07": "", "lead_field08": "", "lead_field09": "", "lead_field10": "", "lead_field11": "", "lead_field12": "", "lead_field13": "", "lead_field14": "", "lead_field15": "", "lead_field16": "", "lead_field17": "", "lead_field18": "", "lead_field19": "", "lead_field20": "", "wa_isBlocked": false, "lead_fullName": "", "wa_contactName": "Vitoria Posser", "wa_muteEndTime": 0, "wa_unreadCount": 376, "lead_personalid": "", "lead_kanbanOrder": 0, "wa_isGroup_admin": false, "lead_isTicketOpen": false, "wa_isGroup_member": false, "wa_lastMessageType": "Conversation", "wa_isGroup_announce": false, "wa_lastMsgTimestamp": 1775816016000, "chatbot_disableUntil": 0, "wa_isGroup_community": false, "wa_lastMessageSender": "75200599224403@lid", "chatbot_lastTriggerAt": 0, "chatbot_lastTrigger_id": "", "wa_ephemeralExpiration": 0, "wa_lastMessageTextVote": "sim", "lead_assignedAttendant_id": "", "chatbot_agentResetMemoryAt": 0}, "owner": "553181167572", "token": "9ef0cf61-87b3-444a-8769-07b0b74563e5", "BaseUrl": "https://consulteplus.uazapi.com", "message": {"id": "553181167572:3EB095D2F6A695A417EE08", "text": "sim", "type": "text", "vote": "", "owner": "553181167572", "chatid": "555381521653@s.whatsapp.net", "edited": "", "fromMe": false, "pinned": false, "quoted": "", "sender": "75200599224403@lid", "source": "web", "status": "", "chatlid": "75200599224403@lid", "content": "sim", "isGroup": false, "reaction": "", "track_id": "", "groupName": "", "mediaType": "", "messageid": "3EB095D2F6A695A417EE08", "sender_pn": "555381521653@s.whatsapp.net", "senderName": "Lucas Rodrigues", "sender_lid": "75200599224403@lid", "messageType": "Conversation", "track_source": "", "wasSentByApi": false, "buttonOrListid": "", "convertOptions": "", "messageTimestamp": 1775816016000}, "EventType": "messages", "chatSource": "updated", "instanceName": "AuroraISP"}, "uazapi_event": "messages"}		55	\N	7
215	bot	Aurora IA	texto	Olá, Lucas! Qual curso você tem interesse em fazer? Se não souber, posso te apresentar algumas opções: Direito, Sistemas de Informação, Psicologia, Enfermagem, Fisioterapia, Administração, Ciências Contábeis, Pedagogia, Fonoaudiologia, Educação Física e Serviço Social.			\N	f	\N	2026-04-08 16:01:54.312311-03	\N		{}		27	\N	7
233	bot	Aurora IA	texto	Olá! Como posso te ajudar hoje? Se tiver alguma dúvida sobre nossos cursos, matrículas ou qualquer outra questão, estou à disposição.			\N	f	\N	2026-04-08 20:07:22.716627-03	\N		{}		27	\N	7
255	bot	Aurora	texto	Entendo! Quando quiser retomar, estamos a disposicao. Ate logo!			\N	f	\N	2026-04-08 23:15:03.503354-03	\N		{}		27	\N	7
405	bot	Aurora	texto	Excelente! Para garantir sua vaga, realize o pagamento pelo PIX abaixo:			\N	f	\N	2026-04-10 07:13:52.688309-03	\N		{}		55	\N	7
406	bot	Aurora	texto	PIX: 00020126580014br.gov.bcb.pix013652d3c4c3-6213-459a-bd59-ac47480dd1945204000053039865802BR5925GILCIFRAN VIEIRA DE SOUSA6008TERESINA62070503***630427D9			\N	f	\N	2026-04-10 07:13:52.990694-03	\N		{}		55	\N	7
407	bot	Aurora	texto	Assim que realizar o pagamento, me envie o comprovante!\nNosso horario de confirmacao e de segunda a sexta, das 8h as 18h.			\N	f	\N	2026-04-10 07:13:53.314269-03	\N		{}		55	\N	7
404	contato	Lucas Rodrigues	texto	enviado			\N	t	2026-04-10 07:14:44.007373-03	2026-04-10 07:13:52.618028-03	\N	3EB00F7F422261CF782909	{"timestamp": 1775816032000, "uazapi_raw": {"chat": {"id": "r16d5b8fd15afb7", "name": "Vitoria Posser", "image": "", "owner": "553181167572", "phone": "+55 53 8152-1653", "wa_name": "Lucas Rodrigues", "wa_label": [], "wa_notes": "", "lead_name": "", "lead_tags": [], "wa_chatid": "555381521653@s.whatsapp.net", "wa_fastid": "553181167572:555381521653", "lead_email": "", "lead_notes": "", "wa_chatlid": "75200599224403@lid", "wa_isGroup": false, "lead_status": "", "wa_archived": false, "wa_isPinned": false, "imagePreview": "", "lead_field01": "", "lead_field02": "", "lead_field03": "", "lead_field04": "", "lead_field05": "", "lead_field06": "", "lead_field07": "", "lead_field08": "", "lead_field09": "", "lead_field10": "", "lead_field11": "", "lead_field12": "", "lead_field13": "", "lead_field14": "", "lead_field15": "", "lead_field16": "", "lead_field17": "", "lead_field18": "", "lead_field19": "", "lead_field20": "", "wa_isBlocked": false, "lead_fullName": "", "wa_contactName": "Vitoria Posser", "wa_muteEndTime": 0, "wa_unreadCount": 377, "lead_personalid": "", "lead_kanbanOrder": 0, "wa_isGroup_admin": false, "lead_isTicketOpen": false, "wa_isGroup_member": false, "wa_lastMessageType": "Conversation", "wa_isGroup_announce": false, "wa_lastMsgTimestamp": 1775816032000, "chatbot_disableUntil": 0, "wa_isGroup_community": false, "wa_lastMessageSender": "75200599224403@lid", "chatbot_lastTriggerAt": 0, "chatbot_lastTrigger_id": "", "wa_ephemeralExpiration": 0, "wa_lastMessageTextVote": "enviado", "lead_assignedAttendant_id": "", "chatbot_agentResetMemoryAt": 0}, "owner": "553181167572", "token": "9ef0cf61-87b3-444a-8769-07b0b74563e5", "BaseUrl": "https://consulteplus.uazapi.com", "message": {"id": "553181167572:3EB00F7F422261CF782909", "text": "enviado", "type": "text", "vote": "", "owner": "553181167572", "chatid": "555381521653@s.whatsapp.net", "edited": "", "fromMe": false, "pinned": false, "quoted": "", "sender": "75200599224403@lid", "source": "web", "status": "", "chatlid": "75200599224403@lid", "content": "enviado", "isGroup": false, "reaction": "", "track_id": "", "groupName": "", "mediaType": "", "messageid": "3EB00F7F422261CF782909", "sender_pn": "555381521653@s.whatsapp.net", "senderName": "Lucas Rodrigues", "sender_lid": "75200599224403@lid", "messageType": "Conversation", "track_source": "", "wasSentByApi": false, "buttonOrListid": "", "convertOptions": "", "messageTimestamp": 1775816032000}, "EventType": "messages", "chatSource": "updated", "instanceName": "AuroraISP"}, "uazapi_event": "messages"}		55	\N	7
217	bot	Aurora IA	texto	O curso de Direito é presencial, de segunda a sexta, das 18h30 às 21h40. \n\nQual a forma de ingresso que você prefere: Nota do ENEM, Prova Online ou Transferência?			\N	f	\N	2026-04-08 16:02:07.952209-03	\N		{}		27	\N	7
234	bot	Aurora IA	texto	Olá! Como posso ajudar você hoje? Se tem alguma dúvida sobre a matrícula ou sobre a FATEPI/FAESPI, fique à vontade para perguntar.			\N	f	\N	2026-04-08 20:07:23.845961-03	\N		{}		27	\N	7
235	bot	Aurora IA	texto	Lembre-se que, para validar sua nota do ENEM, é necessário enviar um print dela. E se estiver pensando em transferência, também precisaremos do seu histórico acadêmico.			\N	f	\N	2026-04-08 20:07:24.149058-03	\N		{}		27	\N	7
236	bot	Aurora IA	texto	Se precisar de mais informações, estou aqui para ajudar! Deseja finalizar a matrícula?			\N	f	\N	2026-04-08 20:07:24.45221-03	\N		{}		27	\N	7
256	contato	João Pedro Alves	texto	Quero fazer upgrade do meu plano			\N	f	\N	2026-04-09 09:31:38.664038-03	\N		{}		28	\N	8
257	agente	Suporte	texto	Vou verificar a situação da sua conexão. Pode me informar seu CPF?			\N	f	\N	2026-04-09 09:31:38.671744-03	\N		{}		28	\N	8
258	contato	Maria Clara Santos	texto	Como faço para cancelar?			\N	f	\N	2026-04-09 09:31:38.676862-03	\N		{}		29	\N	8
259	agente	Suporte	texto	O plano de 500MB custa R$ 199,90/mês. Quer que eu envie mais detalhes?			\N	f	\N	2026-04-09 09:31:38.677862-03	\N		{}		29	\N	8
260	contato	Lucas Oliveira	texto	Vocês atendem na minha região?			\N	f	\N	2026-04-09 09:31:38.68191-03	\N		{}		30	\N	8
261	agente	Suporte	texto	Vou verificar a situação da sua conexão. Pode me informar seu CPF?			\N	f	\N	2026-04-09 09:31:38.683103-03	\N		{}		30	\N	8
262	contato	Ana Beatriz Costa	texto	Vocês atendem na minha região?			\N	f	\N	2026-04-09 09:31:38.687123-03	\N		{}		31	\N	8
263	agente	Suporte	texto	Sim, atendemos na sua região! Qual seu endereço para verificarmos a viabilidade?			\N	f	\N	2026-04-09 09:31:38.687123-03	\N		{}		31	\N	8
264	contato	Felipe Rodrigues	texto	Preciso de suporte técnico			\N	f	\N	2026-04-09 09:31:38.692827-03	\N		{}		32	\N	8
265	agente	Suporte	texto	O plano de 500MB custa R$ 199,90/mês. Quer que eu envie mais detalhes?			\N	f	\N	2026-04-09 09:31:38.692827-03	\N		{}		32	\N	8
266	contato	Juliana Ferreira	texto	Vocês têm plano empresarial?			\N	f	\N	2026-04-09 09:31:38.695922-03	\N		{}		33	\N	8
267	agente	Suporte	texto	Entendo. Vamos fazer um diagnóstico. Pode reiniciar o roteador e me avisar?			\N	f	\N	2026-04-09 09:31:38.696927-03	\N		{}		33	\N	8
268	contato	Pedro Henrique Lima	texto	Como faço para cancelar?			\N	f	\N	2026-04-09 09:31:38.699931-03	\N		{}		34	\N	8
269	agente	Suporte	texto	Vou verificar a situação da sua conexão. Pode me informar seu CPF?			\N	f	\N	2026-04-09 09:31:38.700927-03	\N		{}		34	\N	8
270	contato	Camila Araújo	texto	Vocês têm plano empresarial?			\N	f	\N	2026-04-09 09:31:38.704995-03	\N		{}		35	\N	8
271	agente	Suporte	texto	Vou verificar a situação da sua conexão. Pode me informar seu CPF?			\N	f	\N	2026-04-09 09:31:38.704995-03	\N		{}		35	\N	8
272	contato	Rafael Souza	texto	Vocês atendem na minha região?			\N	f	\N	2026-04-09 09:31:38.708996-03	\N		{}		36	\N	8
409	bot	Aurora	texto	Antes de continuar, como voce conheceu a FATEPI?			\N	f	\N	2026-04-10 07:14:05.270597-03	\N		{}		55	\N	7
410	bot	Aurora	texto	1. Instagram\n2. Facebook\n3. Google\n4. Indicacao de amigo\n5. Passou na frente\n6. Outro			\N	f	\N	2026-04-10 07:14:05.573414-03	\N		{}		55	\N	7
408	contato	Lucas Rodrigues	texto	Pagamento realizado			\N	t	2026-04-10 07:14:44.007373-03	2026-04-10 07:14:05.210749-03	\N	3EB029BA4796310ED32FC6	{"timestamp": 1775816045000, "uazapi_raw": {"chat": {"id": "r16d5b8fd15afb7", "name": "Vitoria Posser", "image": "", "owner": "553181167572", "phone": "+55 53 8152-1653", "wa_name": "Lucas Rodrigues", "wa_label": [], "wa_notes": "", "lead_name": "", "lead_tags": [], "wa_chatid": "555381521653@s.whatsapp.net", "wa_fastid": "553181167572:555381521653", "lead_email": "", "lead_notes": "", "wa_chatlid": "75200599224403@lid", "wa_isGroup": false, "lead_status": "", "wa_archived": false, "wa_isPinned": false, "imagePreview": "", "lead_field01": "", "lead_field02": "", "lead_field03": "", "lead_field04": "", "lead_field05": "", "lead_field06": "", "lead_field07": "", "lead_field08": "", "lead_field09": "", "lead_field10": "", "lead_field11": "", "lead_field12": "", "lead_field13": "", "lead_field14": "", "lead_field15": "", "lead_field16": "", "lead_field17": "", "lead_field18": "", "lead_field19": "", "lead_field20": "", "wa_isBlocked": false, "lead_fullName": "", "wa_contactName": "Vitoria Posser", "wa_muteEndTime": 0, "wa_unreadCount": 378, "lead_personalid": "", "lead_kanbanOrder": 0, "wa_isGroup_admin": false, "lead_isTicketOpen": false, "wa_isGroup_member": false, "wa_lastMessageType": "Conversation", "wa_isGroup_announce": false, "wa_lastMsgTimestamp": 1775816045000, "chatbot_disableUntil": 0, "wa_isGroup_community": false, "wa_lastMessageSender": "75200599224403@lid", "chatbot_lastTriggerAt": 0, "chatbot_lastTrigger_id": "", "wa_ephemeralExpiration": 0, "wa_lastMessageTextVote": "Pagamento realizado", "lead_assignedAttendant_id": "", "chatbot_agentResetMemoryAt": 0}, "owner": "553181167572", "token": "9ef0cf61-87b3-444a-8769-07b0b74563e5", "BaseUrl": "https://consulteplus.uazapi.com", "message": {"id": "553181167572:3EB029BA4796310ED32FC6", "text": "Pagamento realizado", "type": "text", "vote": "", "owner": "553181167572", "chatid": "555381521653@s.whatsapp.net", "edited": "", "fromMe": false, "pinned": false, "quoted": "", "sender": "75200599224403@lid", "source": "web", "status": "", "chatlid": "75200599224403@lid", "content": "Pagamento realizado", "isGroup": false, "reaction": "", "track_id": "", "groupName": "", "mediaType": "", "messageid": "3EB029BA4796310ED32FC6", "sender_pn": "555381521653@s.whatsapp.net", "senderName": "Lucas Rodrigues", "sender_lid": "75200599224403@lid", "messageType": "Conversation", "track_source": "", "wasSentByApi": false, "buttonOrListid": "", "convertOptions": "", "messageTimestamp": 1775816045000}, "EventType": "messages", "chatSource": "updated", "instanceName": "AuroraISP"}, "uazapi_event": "messages"}		55	\N	7
219	bot	Aurora	texto	Obrigado pelo interesse! Em breve um consultor entrara em contato.			\N	f	\N	2026-04-08 16:02:18.51569-03	\N		{}		27	\N	7
238	bot	Aurora	texto	Entendo! Quando quiser retomar, estamos a disposicao. Ate logo!			\N	f	\N	2026-04-08 20:07:27.35819-03	\N		{}		27	\N	7
273	agente	Suporte	texto	Sim, atendemos na sua região! Qual seu endereço para verificarmos a viabilidade?			\N	f	\N	2026-04-09 09:31:38.709995-03	\N		{}		36	\N	8
274	contato	Larissa Mendes	texto	Quero fazer upgrade do meu plano			\N	f	\N	2026-04-09 09:31:38.714019-03	\N		{}		37	\N	8
275	agente	Suporte	texto	Sim, atendemos na sua região! Qual seu endereço para verificarmos a viabilidade?			\N	f	\N	2026-04-09 09:31:38.714996-03	\N		{}		37	\N	8
276	contato	Gabriel Torres	texto	Vocês têm plano empresarial?			\N	f	\N	2026-04-09 09:31:38.718524-03	\N		{}		38	\N	8
277	agente	Suporte	texto	Entendo. Vamos fazer um diagnóstico. Pode reiniciar o roteador e me avisar?			\N	f	\N	2026-04-09 09:31:38.719523-03	\N		{}		38	\N	8
278	contato	Isabela Nascimento	texto	Quero fazer upgrade do meu plano			\N	f	\N	2026-04-09 09:31:38.721524-03	\N		{}		39	\N	8
279	agente	Suporte	texto	Vou verificar a situação da sua conexão. Pode me informar seu CPF?			\N	f	\N	2026-04-09 09:31:38.723028-03	\N		{}		39	\N	8
309	bot	Aurora IA	texto	Olá, Lucas! Como posso te ajudar hoje? Qual curso você tem interesse?			\N	f	\N	2026-04-09 16:16:20.394412-03	\N		{}		27	\N	7
218	contato	Lucas	texto	Prova online			\N	t	2026-04-09 16:22:10.266294-03	2026-04-08 16:02:18.467372-03	\N		{}		27	\N	7
237	contato	Lucas	texto	oi			\N	t	2026-04-09 16:22:10.266294-03	2026-04-08 20:07:27.281378-03	\N		{}		27	\N	7
306	contato	Lucas	texto	oi			\N	t	2026-04-09 16:22:10.266294-03	2026-04-09 16:16:15.630217-03	\N		{}		27	\N	7
412	sistema	Sistema	sistema	Conversa atribuida automaticamente a Anne Caroline (Comercial FATEPI)			\N	f	\N	2026-04-10 07:14:18.449517-03	\N		{}		55	\N	7
411	contato	Lucas Rodrigues	texto	Instagram			\N	t	2026-04-10 07:14:44.007373-03	2026-04-10 07:14:14.730222-03	\N	3EB017BFFA8462DFFBD923	{"timestamp": 1775816055000, "uazapi_raw": {"chat": {"id": "r16d5b8fd15afb7", "name": "Vitoria Posser", "image": "", "owner": "553181167572", "phone": "+55 53 8152-1653", "wa_name": "Lucas Rodrigues", "wa_label": [], "wa_notes": "", "lead_name": "", "lead_tags": [], "wa_chatid": "555381521653@s.whatsapp.net", "wa_fastid": "553181167572:555381521653", "lead_email": "", "lead_notes": "", "wa_chatlid": "75200599224403@lid", "wa_isGroup": false, "lead_status": "", "wa_archived": false, "wa_isPinned": false, "imagePreview": "", "lead_field01": "", "lead_field02": "", "lead_field03": "", "lead_field04": "", "lead_field05": "", "lead_field06": "", "lead_field07": "", "lead_field08": "", "lead_field09": "", "lead_field10": "", "lead_field11": "", "lead_field12": "", "lead_field13": "", "lead_field14": "", "lead_field15": "", "lead_field16": "", "lead_field17": "", "lead_field18": "", "lead_field19": "", "lead_field20": "", "wa_isBlocked": false, "lead_fullName": "", "wa_contactName": "Vitoria Posser", "wa_muteEndTime": 0, "wa_unreadCount": 379, "lead_personalid": "", "lead_kanbanOrder": 0, "wa_isGroup_admin": false, "lead_isTicketOpen": false, "wa_isGroup_member": false, "wa_lastMessageType": "Conversation", "wa_isGroup_announce": false, "wa_lastMsgTimestamp": 1775816055000, "chatbot_disableUntil": 0, "wa_isGroup_community": false, "wa_lastMessageSender": "75200599224403@lid", "chatbot_lastTriggerAt": 0, "chatbot_lastTrigger_id": "", "wa_ephemeralExpiration": 0, "wa_lastMessageTextVote": "Instagram", "lead_assignedAttendant_id": "", "chatbot_agentResetMemoryAt": 0}, "owner": "553181167572", "token": "9ef0cf61-87b3-444a-8769-07b0b74563e5", "BaseUrl": "https://consulteplus.uazapi.com", "message": {"id": "553181167572:3EB017BFFA8462DFFBD923", "text": "Instagram", "type": "text", "vote": "", "owner": "553181167572", "chatid": "555381521653@s.whatsapp.net", "edited": "", "fromMe": false, "pinned": false, "quoted": "", "sender": "75200599224403@lid", "source": "web", "status": "", "chatlid": "75200599224403@lid", "content": "Instagram", "isGroup": false, "reaction": "", "track_id": "", "groupName": "", "mediaType": "", "messageid": "3EB017BFFA8462DFFBD923", "sender_pn": "555381521653@s.whatsapp.net", "senderName": "Lucas Rodrigues", "sender_lid": "75200599224403@lid", "messageType": "Conversation", "track_source": "", "wasSentByApi": false, "buttonOrListid": "", "convertOptions": "", "messageTimestamp": 1775816055000}, "EventType": "messages", "chatSource": "updated", "instanceName": "AuroraISP"}, "uazapi_event": "messages"}		55	\N	7
221	bot	Aurora	texto	Ola! Sou o Pedro, consultor de ingresso da FATEPI/FAESPI. Para eu te passar os detalhes da bolsa, qual seu nome completo?			\N	f	\N	2026-04-08 17:35:04.908306-03	\N		{}		27	\N	7
240	bot	Aurora	texto	Ola! Sou o Pedro, consultor de ingresso da FATEPI/FAESPI. Para eu te passar os detalhes da bolsa, qual seu nome completo?			\N	f	\N	2026-04-08 20:07:34.728796-03	\N		{}		27	\N	7
310	bot	Aurora IA	texto	Olá, Lucas! Como posso ajudar você hoje? Qual curso você tem interesse?			\N	f	\N	2026-04-09 16:16:22.155929-03	\N		{}		27	\N	7
220	contato	Lucas	texto	oi			\N	t	2026-04-09 16:22:10.266294-03	2026-04-08 17:35:04.84255-03	\N		{}		27	\N	7
239	contato	Lucas	texto	Oi			\N	t	2026-04-09 16:22:10.266294-03	2026-04-08 20:07:34.652592-03	\N		{}		27	\N	7
307	contato	Lucas	texto	oi			\N	t	2026-04-09 16:22:10.266294-03	2026-04-09 16:16:16.760682-03	\N		{}		27	\N	7
391	contato	Lucas Rodrigues	texto	Oi			\N	t	2026-04-10 07:14:44.007373-03	2026-04-10 07:12:27.92571-03	\N	3EB0866E515D3C80487037	{"timestamp": 1775815948000, "uazapi_raw": {"chat": {"id": "r16d5b8fd15afb7", "name": "Vitoria Posser", "image": "", "owner": "553181167572", "phone": "+55 53 8152-1653", "wa_name": "Lucas Rodrigues", "wa_label": [], "wa_notes": "", "lead_name": "", "lead_tags": [], "wa_chatid": "555381521653@s.whatsapp.net", "wa_fastid": "553181167572:555381521653", "lead_email": "", "lead_notes": "", "wa_chatlid": "75200599224403@lid", "wa_isGroup": false, "lead_status": "", "wa_archived": false, "wa_isPinned": false, "imagePreview": "", "lead_field01": "", "lead_field02": "", "lead_field03": "", "lead_field04": "", "lead_field05": "", "lead_field06": "", "lead_field07": "", "lead_field08": "", "lead_field09": "", "lead_field10": "", "lead_field11": "", "lead_field12": "", "lead_field13": "", "lead_field14": "", "lead_field15": "", "lead_field16": "", "lead_field17": "", "lead_field18": "", "lead_field19": "", "lead_field20": "", "wa_isBlocked": false, "lead_fullName": "", "wa_contactName": "Vitoria Posser", "wa_muteEndTime": 0, "wa_unreadCount": 373, "lead_personalid": "", "lead_kanbanOrder": 0, "wa_isGroup_admin": false, "lead_isTicketOpen": false, "wa_isGroup_member": false, "wa_lastMessageType": "Conversation", "wa_isGroup_announce": false, "wa_lastMsgTimestamp": 1775815948000, "chatbot_disableUntil": 0, "wa_isGroup_community": false, "wa_lastMessageSender": "75200599224403@lid", "chatbot_lastTriggerAt": 0, "chatbot_lastTrigger_id": "", "wa_ephemeralExpiration": 0, "wa_lastMessageTextVote": "Oi", "lead_assignedAttendant_id": "", "chatbot_agentResetMemoryAt": 0}, "owner": "553181167572", "token": "9ef0cf61-87b3-444a-8769-07b0b74563e5", "BaseUrl": "https://consulteplus.uazapi.com", "message": {"id": "553181167572:3EB0866E515D3C80487037", "text": "Oi", "type": "text", "vote": "", "owner": "553181167572", "chatid": "555381521653@s.whatsapp.net", "edited": "", "fromMe": false, "pinned": false, "quoted": "", "sender": "75200599224403@lid", "source": "web", "status": "", "chatlid": "75200599224403@lid", "content": "Oi", "isGroup": false, "reaction": "", "track_id": "", "groupName": "", "mediaType": "", "messageid": "3EB0866E515D3C80487037", "sender_pn": "555381521653@s.whatsapp.net", "senderName": "Lucas Rodrigues", "sender_lid": "75200599224403@lid", "messageType": "Conversation", "track_source": "", "wasSentByApi": false, "buttonOrListid": "", "convertOptions": "", "messageTimestamp": 1775815948000}, "EventType": "messages", "chatSource": "updated", "instanceName": "AuroraISP"}, "uazapi_event": "messages"}		55	\N	7
223	bot	Aurora	texto	Prazer! Qual curso voce tem interesse? Nossos cursos: Direito, Sistemas de Informacao, Psicologia, Enfermagem, Fisioterapia, Administracao, Ciencias Contabeis, Pedagogia, Fonoaudiologia, Educacao Fisica e Servico Social.			\N	f	\N	2026-04-08 17:35:12.52754-03	\N		{}		27	\N	7
242	bot	Aurora	texto	Prazer! Qual curso voce tem interesse? Nossos cursos: Direito, Sistemas de Informacao, Psicologia, Enfermagem, Fisioterapia, Administracao, Ciencias Contabeis, Pedagogia, Fonoaudiologia, Educacao Fisica e Servico Social.			\N	f	\N	2026-04-08 20:07:43.279928-03	\N		{}		27	\N	7
280	contato	João Pedro Alves	texto	Olá, gostaria de saber sobre os planos de internet			\N	f	\N	2026-04-09 09:32:15.212029-03	\N		{}		40	\N	8
281	agente	Suporte	texto	O plano de 500MB custa R$ 199,90/mês. Quer que eu envie mais detalhes?			\N	f	\N	2026-04-09 09:32:15.213017-03	\N		{}		40	\N	8
282	contato	Camila Araújo	texto	Quero fazer upgrade do meu plano			\N	f	\N	2026-04-09 09:32:15.220594-03	\N		{}		41	\N	8
283	agente	Suporte	texto	Entendo. Vamos fazer um diagnóstico. Pode reiniciar o roteador e me avisar?			\N	f	\N	2026-04-09 09:32:15.220594-03	\N		{}		41	\N	8
284	contato	Rafael Souza	texto	Minha internet está lenta			\N	f	\N	2026-04-09 09:32:15.224103-03	\N		{}		42	\N	8
285	agente	Suporte	texto	Sim, atendemos na sua região! Qual seu endereço para verificarmos a viabilidade?			\N	f	\N	2026-04-09 09:32:15.225103-03	\N		{}		42	\N	8
286	contato	Larissa Mendes	texto	Olá, gostaria de saber sobre os planos de internet			\N	f	\N	2026-04-09 09:32:15.228764-03	\N		{}		43	\N	8
287	agente	Suporte	texto	Olá! Temos planos a partir de R$ 99,90/mês. Posso te ajudar a escolher o melhor para você!			\N	f	\N	2026-04-09 09:32:15.229183-03	\N		{}		43	\N	8
288	contato	Gabriel Torres	texto	Minha internet está lenta			\N	f	\N	2026-04-09 09:32:15.232914-03	\N		{}		44	\N	8
289	agente	Suporte	texto	Vou verificar a situação da sua conexão. Pode me informar seu CPF?			\N	f	\N	2026-04-09 09:32:15.233327-03	\N		{}		44	\N	8
312	bot	Aurora	texto	Prazer! Qual curso voce tem interesse? Nossos cursos: Direito, Sistemas de Informacao, Psicologia, Enfermagem, Fisioterapia, Administracao, Ciencias Contabeis, Pedagogia, Fonoaudiologia, Educacao Fisica e Servico Social.			\N	f	\N	2026-04-09 16:16:32.282449-03	\N		{}		27	\N	7
222	contato	Lucas	texto	oi			\N	t	2026-04-09 16:22:10.266294-03	2026-04-08 17:35:08.496265-03	\N		{}		27	\N	7
241	contato	Lucas	texto	Lucas Rodrigues			\N	t	2026-04-09 16:22:10.266294-03	2026-04-08 20:07:41.00851-03	\N		{}		27	\N	7
311	contato	Lucas	texto	Aonde fica o endereço?			\N	t	2026-04-09 16:22:10.266294-03	2026-04-09 16:16:32.223494-03	\N		{}		27	\N	7
413	agente	Anne Caroline	texto	Olá, tudo bem?			\N	f	\N	2026-04-10 07:14:54.534508-03	\N		{}		55	15	7
414	sistema	Sistema	sistema	Conversa resolvida por Anne Caroline			\N	f	\N	2026-04-10 07:16:38.497891-03	\N		{}		55	\N	7
290	contato	Lucas Oliveira	texto	Olá, gostaria de saber sobre os planos de internet			\N	f	\N	2026-04-09 09:33:12.921006-03	\N		{}		45	\N	8
181	contato	Lucas	texto	oi			\N	f	\N	2026-04-08 15:16:43.092412-03	\N		{}		26	\N	3
182	contato	Lucas	texto	oi			\N	f	\N	2026-04-08 15:16:47.308906-03	\N		{}		26	\N	3
183	contato	Lucas	texto	oi			\N	f	\N	2026-04-08 15:16:49.836833-03	\N		{}		26	\N	3
184	contato	Lucas	texto	oi			\N	f	\N	2026-04-08 15:17:05.523171-03	\N		{}		26	\N	3
185	contato	Lucas	texto	oi			\N	f	\N	2026-04-08 15:20:47.923929-03	\N		{}		26	\N	3
186	contato	Lucas	texto	oi			\N	f	\N	2026-04-08 15:24:13.811014-03	\N		{}		26	\N	3
187	contato	Lucas	texto	oi			\N	f	\N	2026-04-08 15:24:15.303874-03	\N		{}		26	\N	3
188	contato	Lucas	texto	oi			\N	f	\N	2026-04-08 15:24:38.681534-03	\N		{}		26	\N	3
189	contato	Lucas	texto	teste			\N	f	\N	2026-04-08 15:25:28.14863-03	\N		{}		26	\N	3
190	contato	Lucas	texto	oi			\N	f	\N	2026-04-08 15:25:30.924102-03	\N		{}		26	\N	3
191	contato	Lucas	texto	oi			\N	f	\N	2026-04-08 15:26:26.147372-03	\N		{}		26	\N	3
192	contato	Lucas	texto	oi			\N	f	\N	2026-04-08 15:27:41.046557-03	\N		{}		26	\N	3
193	contato	Lucas	texto	oi			\N	f	\N	2026-04-08 15:31:23.284335-03	\N		{}		26	\N	3
194	contato	Lucas	texto	oi			\N	f	\N	2026-04-08 15:41:16.884935-03	\N		{}		26	\N	3
195	contato	Lucas	texto	oi			\N	f	\N	2026-04-08 15:41:42.135018-03	\N		{}		26	\N	3
196	contato	Lucas	texto	oi			\N	f	\N	2026-04-08 15:43:00.60649-03	\N		{}		26	\N	3
197	contato	Lucas	texto	oi			\N	f	\N	2026-04-08 15:43:03.266967-03	\N		{}		26	\N	3
198	contato	Lucas	texto	oi			\N	f	\N	2026-04-08 15:43:12.611322-03	\N		{}		26	\N	3
199	contato	Lucas	texto	oi			\N	f	\N	2026-04-08 15:43:17.178923-03	\N		{}		26	\N	3
200	contato	Lucas	texto	oi			\N	f	\N	2026-04-08 15:43:20.408029-03	\N		{}		26	\N	3
204	bot	Aurora IA	texto	Olá, Lucas! Como posso te ajudar hoje? Poderia me informar seu nome completo?			\N	f	\N	2026-04-08 15:49:36.798369-03	\N		{}		27	\N	7
206	bot	Aurora IA	texto	Olá, Lucas Rodrigues! Qual curso você tem interesse? Se não souber, posso te apresentar algumas opções: Direito, Sistemas de Informação, Psicologia, Enfermagem, Fisioterapia, Administração, Ciências Contábeis, Pedagogia, Fonoaudiologia, Educação Física e Serviço Social.			\N	f	\N	2026-04-08 15:49:49.154071-03	\N		{}		27	\N	7
313	contato	Lucas	texto	Aonde fica o endereço?			\N	t	2026-04-09 16:22:10.266294-03	2026-04-09 16:17:06.012382-03	\N		{}		27	\N	7
214	contato	Lucas	texto	Lucas Rodrigues			\N	t	2026-04-09 16:22:10.266294-03	2026-04-08 16:01:47.708637-03	\N		{}		27	\N	7
230	contato	Lucas	texto	oi			\N	t	2026-04-09 16:22:10.266294-03	2026-04-08 20:07:17.281533-03	\N		{}		27	\N	7
254	contato	Lucas	texto	Como funciona o curso?			\N	t	2026-04-09 16:22:10.266294-03	2026-04-08 23:15:03.46387-03	\N		{}		27	\N	7
216	contato	Lucas	texto	Direito			\N	t	2026-04-09 16:22:10.266294-03	2026-04-08 16:02:00.564563-03	\N		{}		27	\N	7
231	contato	Lucas	texto	oi			\N	t	2026-04-09 16:22:10.266294-03	2026-04-08 20:07:18.139843-03	\N		{}		27	\N	7
224	contato	Lucas	texto	Direito			\N	t	2026-04-09 16:22:10.266294-03	2026-04-08 17:35:30.981899-03	\N		{}		27	\N	7
243	contato	Lucas	texto	Direito			\N	t	2026-04-09 16:22:10.266294-03	2026-04-08 20:07:47.519392-03	\N		{}		27	\N	7
201	contato	Lucas	texto	lucas123			\N	t	2026-04-09 16:22:10.266294-03	2026-04-08 15:46:35.018783-03	\N		{}		27	\N	7
202	contato	Lucas	texto	oi			\N	t	2026-04-09 16:22:10.266294-03	2026-04-08 15:46:36.959561-03	\N		{}		27	\N	7
324	bot	Aurora IA	texto	Olá, Teste! Como posso ajudá-lo hoje? Se você tiver alguma dúvida sobre a FATEPI/FAESPI, como cursos, inscrições ou qualquer outra informação, é só me avisar!			\N	f	\N	2026-04-09 16:45:44.780361-03	\N		{}		52	\N	7
326	bot	Aurora IA	texto	Parece que você mencionou "ngrok", que é uma ferramenta usada para expor servidores locais por meio de URLs públicas. No entanto, se você tiver alguma dúvida específica relacionada à FATEPI/FAESPI, estou aqui para ajudar! Por favor, me diga como posso assisti-lo.			\N	f	\N	2026-04-09 16:52:11.096105-03	\N		{}		52	\N	7
323	contato	Teste	texto	teste			\N	t	2026-04-09 16:53:55.630074-03	2026-04-09 16:45:41.747011-03	\N		{"timestamp": "", "uazapi_raw": {"chat": {"id": "r16d5b8fd15afb7"}, "BaseUrl": "https://consulteplus.uazapi.com", "message": {"chatid": "5586999990099@s.whatsapp.net", "fromMe": false, "content": "teste", "senderName": "Teste", "messageType": "Conversation"}, "EventType": "messages"}, "uazapi_event": "messages"}		52	\N	7
325	contato	Teste	texto	teste ngrok			\N	t	2026-04-09 16:53:55.630074-03	2026-04-09 16:52:08.810188-03	\N		{"timestamp": "", "uazapi_raw": {"chat": {"id": "r16d5b8fd15afb7"}, "BaseUrl": "https://consulteplus.uazapi.com", "message": {"chatid": "5586999990099@s.whatsapp.net", "fromMe": false, "content": "teste ngrok", "senderName": "Teste", "messageType": "Conversation"}, "EventType": "messages"}, "uazapi_event": "messages"}		52	\N	7
343	sistema	Sistema	sistema	Conversa resolvida por Fatepi/Faespi			\N	f	\N	2026-04-10 03:27:56.48801-03	\N		{}		52	\N	7
344	sistema	Sistema	sistema	Conversa resolvida por Fatepi/Faespi			\N	f	\N	2026-04-10 03:27:57.987592-03	\N		{}		27	\N	7
345	sistema	Sistema	sistema	Conversa resolvida por Fatepi/Faespi			\N	f	\N	2026-04-10 03:27:59.363571-03	\N		{}		24	\N	7
110	contato	Maria Teste Fatepi	texto	Ola, quero saber sobre o curso de Direito			\N	t	2026-04-10 03:27:59.934377-03	2026-04-07 16:30:23.194799-03	\N		{}		23	\N	7
111	contato	Maria Teste Fatepi	texto	Ola, quero saber sobre o curso de Direito			\N	t	2026-04-10 03:27:59.934377-03	2026-04-07 16:31:07.158911-03	\N		{}		23	\N	7
112	contato	Maria Teste Fatepi	texto	Quero me matricular no curso de Psicologia			\N	t	2026-04-10 03:27:59.934377-03	2026-04-07 16:34:39.91894-03	\N		{}		23	\N	7
113	contato	Maria Teste Fatepi	texto	Quero me matricular no curso de Psicologia			\N	t	2026-04-10 03:27:59.934377-03	2026-04-07 16:35:45.094284-03	\N		{}		23	\N	7
114	contato	Maria Teste Fatepi	texto	Oi, quero saber sobre o curso de Direito			\N	t	2026-04-10 03:27:59.934377-03	2026-04-07 16:39:31.862451-03	\N		{}		23	\N	7
115	contato	Maria Teste Fatepi	texto	Quanto custa o curso de Direito?			\N	t	2026-04-10 03:27:59.934377-03	2026-04-07 16:45:27.703522-03	\N		{}		23	\N	7
346	sistema	Sistema	sistema	Conversa resolvida por Fatepi/Faespi			\N	f	\N	2026-04-10 03:28:00.587695-03	\N		{}		23	\N	7
349	bot	Aurora	texto	Prazer! Qual curso voce tem interesse? Nossos cursos: Direito, Sistemas de Informacao, Psicologia, Enfermagem, Fisioterapia, Administracao, Ciencias Contabeis, Pedagogia, Fonoaudiologia, Educacao Fisica, Servico Social.			\N	f	\N	2026-04-10 06:54:39.701067-03	\N		{}		53	\N	7
351	bot	Aurora	texto	O curso e presencial, de segunda a sexta, das 18h30 as 21h40. Como voce pretende ingressar: Nota do ENEM, Prova Online ou Transferencia?			\N	f	\N	2026-04-10 06:55:34.584212-03	\N		{}		53	\N	7
353	bot	Aurora IA	texto	Olá Lucas Rodrigues, tudo bem?			\N	f	\N	2026-04-10 06:55:55.546151-03	\N		{}		53	\N	7
354	bot	Aurora IA	texto	Aqui estão as informações sobre o curso de Direito na modalidade ENEM:			\N	f	\N	2026-04-10 06:55:55.847679-03	\N		{}		53	\N	7
355	bot	Aurora IA	texto	- Valor Integral: R$ 1.500\n- Matrícula Promocional: R$ 49,99\n- Mensalidade: R$ 525			\N	f	\N	2026-04-10 06:55:56.170185-03	\N		{}		53	\N	7
356	bot	Aurora IA	texto	Bolsas progressivas:\n- 65% em 2026.1\n- 60% em 2026.2\n- 55% em 2027.1\n- 50% a partir de 2027.2			\N	f	\N	2026-04-10 06:55:56.490363-03	\N		{}		53	\N	7
357	bot	Aurora IA	texto	Se garantirmos essa condição hoje, você consegue finalizar sua matrícula?			\N	f	\N	2026-04-10 06:55:56.792362-03	\N		{}		53	\N	7
359	bot	Aurora	texto	Para ingressar via ENEM, preciso que voce envie o print ou foto da sua nota do ENEM (minimo 400 pontos). Pode enviar agora!			\N	f	\N	2026-04-10 06:56:08.64595-03	\N		{}		53	\N	7
361	bot	Aurora	texto	Excelente! Para garantir sua vaga, realize o pagamento pelo PIX abaixo:			\N	f	\N	2026-04-10 06:56:14.999416-03	\N		{}		53	\N	7
362	bot	Aurora	texto	PIX: 00020126580014br.gov.bcb.pix013652d3c4c3-6213-459a-bd59-ac47480dd1945204000053039865802BR5925GILCIFRAN VIEIRA DE SOUSA6008TERESINA62070503***630427D9			\N	f	\N	2026-04-10 06:56:15.301548-03	\N		{}		53	\N	7
363	bot	Aurora	texto	Assim que realizar o pagamento, me envie o comprovante!\nNosso horario de confirmacao e de segunda a sexta, das 8h as 18h.			\N	f	\N	2026-04-10 06:56:15.62299-03	\N		{}		53	\N	7
365	bot	Aurora	texto	Antes de continuar, como voce conheceu a FATEPI?			\N	f	\N	2026-04-10 06:56:21.174966-03	\N		{}		53	\N	7
366	bot	Aurora	texto	1. Instagram\n2. Facebook\n3. Google\n4. Indicacao de amigo\n5. Passou na frente\n6. Outro			\N	f	\N	2026-04-10 06:56:21.476727-03	\N		{}		53	\N	7
368	sistema	Sistema	sistema	Conversa atribuida automaticamente a Darlan Oliveira (Comercial FATEPI)			\N	f	\N	2026-04-10 06:56:32.350554-03	\N		{}		53	\N	7
347	contato	Lucas	texto	oi			\N	t	2026-04-10 07:02:10.078763-03	2026-04-10 06:54:37.64041-03	\N		{}		53	\N	7
348	contato	Lucas	texto	oi			\N	t	2026-04-10 07:02:10.078763-03	2026-04-10 06:54:37.857257-03	\N		{}		53	\N	7
350	contato	Lucas	texto	Direito			\N	t	2026-04-10 07:02:10.078763-03	2026-04-10 06:55:29.81907-03	\N		{}		53	\N	7
352	contato	Lucas	texto	Nota do Enem			\N	t	2026-04-10 07:02:10.078763-03	2026-04-10 06:55:49.329302-03	\N		{}		53	\N	7
358	contato	Lucas	texto	Sim			\N	t	2026-04-10 07:02:10.078763-03	2026-04-10 06:56:05.108734-03	\N		{}		53	\N	7
360	contato	Lucas	texto	Enviado			\N	t	2026-04-10 07:02:10.078763-03	2026-04-10 06:56:14.930394-03	\N		{}		53	\N	7
364	contato	Lucas	texto	paguei			\N	t	2026-04-10 07:02:10.078763-03	2026-04-10 06:56:21.10525-03	\N		{}		53	\N	7
367	contato	Lucas	texto	Google			\N	t	2026-04-10 07:02:10.078763-03	2026-04-10 06:56:28.495961-03	\N		{}		53	\N	7
\.


--
-- Data for Name: inbox_notas_internas; Type: TABLE DATA; Schema: public; Owner: -
--

COPY public.inbox_notas_internas (id, conteudo, data_criacao, autor_id, conversa_id, tenant_id) FROM stdin;
4	teste	2026-04-06 10:50:52.384203-03	1	21	3
\.


--
-- Data for Name: inbox_perfis_agente; Type: TABLE DATA; Schema: public; Owner: -
--

COPY public.inbox_perfis_agente (id, status, capacidade_maxima, ultimo_status_em, tenant_id, user_id) FROM stdin;
5	offline	10	2026-04-10 03:39:58.912325-03	7	16
6	offline	10	2026-04-10 03:39:59.631515-03	7	17
4	online	10	2026-04-10 10:08:48.626482-03	7	15
\.


--
-- Data for Name: inbox_regras_roteamento; Type: TABLE DATA; Schema: public; Owner: -
--

COPY public.inbox_regras_roteamento (id, tipo, horario_inicio, horario_fim, dias_semana, prioridade, ativo, canal_id, etiqueta_id, fila_id, tenant_id) FROM stdin;
\.


--
-- Data for Name: inbox_respostas_rapidas; Type: TABLE DATA; Schema: public; Owner: -
--

COPY public.inbox_respostas_rapidas (id, titulo, atalho, conteudo, categoria, uso_count, ativo, criado_em, criado_por_id, tenant_id) FROM stdin;
1	Saudacao	/ola	Ola! Obrigado por entrar em contato com a Megalink. Como posso ajudar?	geral	0	t	2026-04-03 22:50:12.839219-03	2	4
2	Planos disponiveis	/planos	Temos planos a partir de R$79,90/mes com fibra optica. Qual sua regiao?	vendas	0	t	2026-04-03 22:50:12.841198-03	2	4
3	Horario	/horario	Nosso atendimento funciona de segunda a sexta, das 8h as 18h, e sabado das 8h as 12h.	geral	0	t	2026-04-03 22:50:12.841198-03	2	4
4	Aguarde	/aguarde	Um momento, por favor. Estou verificando as informacoes para voce.	geral	0	t	2026-04-03 22:50:12.842703-03	2	4
5	Encerramento	/tchau	Obrigado pelo contato! Se precisar de mais alguma coisa, estamos a disposicao.	geral	0	t	2026-04-03 22:50:12.844217-03	2	4
8	Horario	/horario	Nosso atendimento funciona de segunda a sexta, das 8h as 18h, e sabado das 8h as 12h.	geral	0	t	2026-04-03 23:07:56.772792-03	1	3
9	Aguarde	/aguarde	Um momento, por favor. Estou verificando as informacoes para voce.	geral	0	t	2026-04-03 23:07:56.774312-03	1	3
6	Saudação	/ola	Olá! 👋 Obrigado por entrar em contato com a AuroraISP. Como posso ajudar você hoje?	geral	0	t	2026-04-03 23:07:56.767513-03	1	3
12	Apresentação	/aurora	A AuroraISP é um hub de tecnologia com IA para provedores de internet. Ajudamos provedores a vender mais, perder menos e fidelizar sempre. Do lead ao cliente fidelizado com inteligência.		0	t	2026-04-06 01:03:16.082736-03	\N	3
13	Agendar Demo	/demo	Ótimo! Vou agendar uma demonstração para você. Qual o melhor dia e horário? A demo dura cerca de 30 minutos e mostramos o sistema funcionando em tempo real.		0	t	2026-04-06 01:03:16.088618-03	\N	3
14	Preços	/preco	Nossos planos começam a partir de R$ 297/mês (módulo Comercial Starter). Temos 3 módulos: Comercial, Marketing e Customer Success, cada um com planos Start e Pro. Posso enviar a tabela completa?		0	t	2026-04-06 01:03:16.089704-03	\N	3
15	Módulos	/modulos	A Aurora tem 3 módulos:\n\n📊 Comercial: Do lead ao contrato. CRM Kanban, bot de atendimento, cadastro digital.\n📢 Marketing: Campanhas, automações, segmentos, editor visual de fluxos.\n⭐ CS: Clube de benefícios, indicações, parceiros, carteirinha digital.		0	t	2026-04-06 01:03:16.090708-03	\N	3
16	HubSoft	/hubsoft	Sim! Temos integração nativa e profunda com o HubSoft. Nenhum concorrente faz isso. Lead no WhatsApp → documentos → contrato → ativação direto no HubSoft, tudo automatizado.		0	t	2026-04-06 01:03:16.091713-03	\N	3
10	Encerrar	/tchau	Obrigado pelo contato! Se precisar de algo mais, estamos à disposição. Tenha um ótimo dia! 🙂	geral	0	t	2026-04-03 23:07:56.776823-03	1	3
\.


--
-- Data for Name: inbox_widget_config; Type: TABLE DATA; Schema: public; Owner: -
--

COPY public.inbox_widget_config (id, token_publico, titulo, mensagem_boas_vindas, cor_primaria, cor_header, posicao, mostrar_faq, pedir_dados_antes, campos_obrigatorios, ativo, dominios_permitidos, criado_em, atualizado_em, tenant_id) FROM stdin;
1	1327cf39-c7d5-42f5-8381-cd1fb5b97cac	Como podemos ajudar?	Olá 👋	#3b82f6	#1e3a5f	bottom-right	t	t	["nome", "email"]	t	[]	2026-04-04 00:17:08.892361-03	2026-04-04 00:17:08.892361-03	3
3	91efd980-b947-4dce-95cb-1dca42351156	Como podemos ajudar?	Olá! Estamos aqui para ajudar.	#3b82f6	#1e3a5f	bottom-right	t	t	[]	t	[]	2026-04-09 09:31:38.649205-03	2026-04-09 09:31:38.649205-03	8
2	ca61dc88-046b-4156-bf7e-2320e7b59743	Como podemos ajudar?	Olá 👋	#3b82f6	#1e3a5f	bottom-right	t	t	["nome", "email"]	t	[]	2026-04-07 15:59:15.125093-03	2026-04-09 16:17:02.10931-03	7
\.


--
-- Data for Name: indicacoes_indicacao; Type: TABLE DATA; Schema: public; Owner: -
--

COPY public.indicacoes_indicacao (id, nome_indicado, telefone_indicado, cpf_indicado, cidade_indicado, status, pontos_creditados, data_indicacao, data_conversao, observacoes, membro_indicado_id, membro_indicador_id, tenant_id) FROM stdin;
1	Amigo de Ana	86991416643			pendente	f	2026-04-03 22:49:27.452929-03	\N		\N	1	4
2	Amigo de Carlos	86998225997			pendente	f	2026-04-03 22:49:27.462118-03	\N		\N	2	4
3	Amigo de Fernanda	86991965268			pendente	f	2026-04-03 22:49:27.465169-03	\N		\N	3	4
4	Amigo de Roberto	86997206628			convertido	f	2026-04-03 22:49:27.468694-03	\N		\N	4	4
5	Amigo de Juliana	86995286127			contato_feito	f	2026-04-03 22:49:27.472844-03	\N		\N	5	4
6	Provedor indicado por Megalink	11999885262			pendente	f	2026-04-03 22:49:30.001135-03	\N		\N	16	3
7	Provedor indicado por NetFibra	11993869645			pendente	f	2026-04-03 22:49:30.002647-03	\N		\N	17	3
8	Provedor indicado por VeloxNet	11993262633			contato_feito	f	2026-04-03 22:49:30.002647-03	\N		\N	18	3
9	Provedor indicado por FibraMax	11993130188			convertido	f	2026-04-03 22:49:30.005428-03	\N		\N	19	3
10	Provedor indicado por ConectaJa	11994718393			convertido	f	2026-04-03 22:49:30.006438-03	\N		\N	20	3
\.


--
-- Data for Name: indicacoes_indicacaoconfig; Type: TABLE DATA; Schema: public; Owner: -
--

COPY public.indicacoes_indicacaoconfig (id, titulo, subtitulo, texto_indicador, texto_botao, texto_sucesso_titulo, texto_sucesso_msg, logo, imagem_fundo, cor_fundo, cor_botao, mostrar_campo_cpf, mostrar_campo_cidade, tenant_id) FROM stdin;
\.


--
-- Data for Name: integracoes_api; Type: TABLE DATA; Schema: public; Owner: -
--

COPY public.integracoes_api (id, nome, tipo, base_url, client_id, client_secret, username, password, grant_type, access_token, token_expira_em, ativa, configuracoes_extras, data_criacao, data_atualizacao, tenant_id, api_token) FROM stdin;
4	OpenAI	openai	https://api.openai.com/v1/chat/completions					password	gAAAAABp1pP-3eFtygFy4SF_e_2laEStKyNCJCzfomrSVP_5625Nmgyke3L2q0DzbDAXkiap7iNRr44XiYd9hCtYfdaTlUKhDlszAvsDqDLzZslZjfD0YZZ0EGu-kdhxWi6fe2Fj8rcQ6OfcRHqhcd0P3gdRT8sjhDY7Z4md4OorTc-HWpL5UXx5M-TYAkgqFr8X5wXmlbKq94y4ZpoqJOaGrOSlzodtH8udzCv0PZiNzp5Rnza0TNCRI-zqK2pEFW-ip5eN53Z7ZJM8U3Ilym8S7wrqIdwxikkjlAPyTgk_p3Yn9hHgv00=	\N	t	{"modelo": "gpt-4o-mini", "api_key": "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"}	2026-04-08 14:44:30.452948-03	2026-04-08 14:44:30.452948-03	7	
5	OpenAI	openai	https://api.openai.com/v1/chat/completions					password		\N	t	{"modelo": "gpt-4o-mini"}	2026-04-09 09:33:52.350675-03	2026-04-09 09:33:52.350675-03	8	
1	Uazapi	uazapi	https://consulteplus.uazapi.com					password	gAAAAABp0yX2nZdCULtCX3SUmDJgIWzeSK7XJftpt9LzoGwMBVxDj87mkYg0yCKj6Lu9qNklN5H2gQx8kN7IsUte_NYchQ4rai-J1Ac8MXtRZoMCP2_sd5AEcJ2acxg6KdWdq4bi8TeG	\N	f	{"token": "9ef0cf61-87b3-444a-8769-07b0b74563e5", "tenant_slug": "aurora-hq", "numero_whatsapp": "553181167572"}	2026-04-05 22:32:46.383907-03	2026-04-05 22:39:02.812964-03	3	r8piSvq0ytkXs3ejb-zeg3D5-4-7UxlpZH4x7QB9u5Q
2	N8N	n8n	https://automation-n8n.v4riem.easypanel.host/webhook/v3-fatepi					password		\N	f	{}	2026-04-07 16:28:44.088738-03	2026-04-07 16:28:44.088738-03	7	QOgOVB2Ilo1w7W9ldGWWqr1xSKezSKjkSRd9qLivIjo
3	Uazapi	uazapi	https://consulteplus.uazapi.com					password	gAAAAABp1axWxFrxORcWK84owf_VbKZmThjI2N9JaH-k7mBrUWoCD7M6VoPHDQH-xmbsVWXWKg8jAHOmR8Qvslj6YkrJSwRZczbR3XnqwX3oN9TKDGh1Xi3BtHb4Q7kga8gcDcGRU5YW	\N	t	{"token": "9ef0cf61-87b3-444a-8769-07b0b74563e5"}	2026-04-07 21:56:31.702898-03	2026-04-07 21:56:31.702898-03	7	QOgOVB2Ilo1w7W9ldGWWqr1xSKezSKjkSRd9qLivIjo
\.


--
-- Data for Name: leads_prospectos; Type: TABLE DATA; Schema: public; Owner: -
--

COPY public.leads_prospectos (id, nome_razaosocial, email, telefone, valor, empresa, origem, data_cadastro, status_api, id_hubsoft, id_origem, id_origem_servico, cpf_cnpj, rg, endereco, rua, numero_residencia, bairro, cidade, estado, cep, ponto_referencia, id_plano_rp, id_dia_vencimento, id_vendedor_rp, data_nascimento, observacoes, data_atualizacao, canal_entrada, tipo_entrada, total_campanhas_detectadas, metadata_campanhas, score_qualificacao, tentativas_contato, data_ultimo_contato, motivo_rejeicao, custo_aquisicao, ativo, documentacao_completa, documentacao_validada, data_documentacao_completa, data_documentacao_validada, contrato_aceito, data_aceite_contrato, ip_aceite_contrato, url_pdf_conversa, data_geracao_pdf, html_conversa_path, data_geracao_html, anexos_contrato_enviados, campanha_conversao_id, campanha_origem_id, tenant_id, dados_custom) FROM stdin;
1	Ana Paula Ferreira	ana66@gmail.com	86999653600	99.90	\N	indicacao	2026-03-18 05:49:26.444263-03	sucesso	\N	\N	\N	212.728.207-91	\N	\N	\N	\N	Satélite	Teresina	PI	64000-000	\N	\N	\N	\N	\N	\N	2026-04-03 22:49:26.259497-03	\N	\N	0	{}	8	0	\N	\N	\N	t	f	f	\N	\N	f	\N	\N	\N	\N	\N	\N	f	\N	4	4	{}
52	Lucas Rodrigues	\N	555381521653	0.00	\N	whatsapp	2026-04-06 10:49:24.184962-03	pendente	\N	\N	\N	\N	\N	\N	\N	\N	\N	\N	\N	\N	\N	\N	\N	\N	\N	\N	2026-04-06 10:49:24.186024-03	whatsapp	receptivo	0	{}	8	0	\N	\N	\N	t	f	f	\N	\N	f	\N	\N	\N	\N	\N	\N	f	\N	\N	3	{}
2	Carlos Eduardo Souza	carlos39@gmail.com	86999046059	79.90	\N	instagram	2026-03-14 20:49:26.468463-03	processado	\N	\N	\N	509.852.428-67	\N	\N	\N	\N	Jockey	Teresina	PI	64000-000	\N	\N	\N	\N	\N	\N	2026-04-03 22:49:26.464748-03	\N	\N	0	{}	9	0	\N	\N	\N	t	f	f	\N	\N	f	\N	\N	\N	\N	\N	\N	f	\N	3	4	{}
53	Lead Teste Automacoes	teste@automacao.com	5511999990000	0.00	\N	site	2026-04-06 21:32:21.340396-03	pendente	\N	\N	\N	\N	\N	\N	\N	\N	\N	Recife	PE	\N	\N	\N	\N	\N	\N	\N	2026-04-06 21:32:21.341431-03	\N	\N	0	{}	8	0	\N	\N	\N	t	f	f	\N	\N	f	\N	\N	\N	\N	\N	\N	f	\N	\N	3	{}
3	Fernanda Costa Lima	fernanda78@gmail.com	86999617558	79.90	\N	indicacao	2026-03-06 02:49:26.474646-03	processado	\N	\N	\N	799.305.858-62	\N	\N	\N	\N	Morros	Teresina	PI	64000-000	\N	\N	\N	\N	\N	\N	2026-04-03 22:49:26.469967-03	\N	\N	0	{}	7	0	\N	\N	\N	t	f	f	\N	\N	f	\N	\N	\N	\N	\N	\N	f	\N	5	4	{}
4	Roberto Silva Neto	roberto28@gmail.com	86999857800	149.90	\N	facebook	2026-03-27 12:49:26.481376-03	erro	\N	\N	\N	706.909.877-42	\N	\N	\N	\N	Satélite	Teresina	PI	64000-000	\N	\N	\N	\N	\N	\N	2026-04-03 22:49:26.476258-03	\N	\N	0	{}	2	0	\N	\N	\N	t	f	f	\N	\N	f	\N	\N	\N	\N	\N	\N	f	\N	4	4	{}
5	Juliana Mendes Rocha	juliana16@gmail.com	86999719905	129.90	\N	indicacao	2026-03-14 11:49:26.48998-03	erro	\N	\N	\N	596.273.975-70	\N	\N	\N	\N	Jockey	Teresina	PI	64000-000	\N	\N	\N	\N	\N	\N	2026-04-03 22:49:26.483454-03	\N	\N	0	{}	7	0	\N	\N	\N	t	f	f	\N	\N	f	\N	\N	\N	\N	\N	\N	f	\N	3	4	{}
56	Lead Teste Automacoes	teste@automacao.com	5511999990000	0.00	\N	site	2026-04-06 22:18:24.307565-03	pendente	\N	\N	\N	\N	\N	\N	\N	\N	\N	Recife	PE	\N	\N	\N	\N	\N	\N	\N	2026-04-06 22:18:24.307565-03	\N	\N	0	{}	8	0	\N	\N	\N	t	f	f	\N	\N	f	\N	\N	\N	\N	\N	\N	f	\N	\N	3	{}
6	Pedro Henrique Almeida	pedro43@gmail.com	86999682597	149.90	\N	site	2026-03-19 14:49:26.497238-03	processado	\N	\N	\N	447.802.578-48	\N	\N	\N	\N	Morros	Teresina	PI	64000-000	\N	\N	\N	\N	\N	\N	2026-04-03 22:49:26.491209-03	\N	\N	0	{}	8	0	\N	\N	\N	t	f	f	\N	\N	f	\N	\N	\N	\N	\N	\N	f	\N	5	4	{}
57	Lead E2E Automacoes	e2e@automacao.com	5511888880000	150.00	\N	site	2026-04-06 22:31:22.616996-03	pendente	\N	\N	\N	\N	\N	\N	\N	\N	\N	Recife	PE	\N	\N	\N	\N	\N	\N	\N	2026-04-06 22:31:22.619005-03	\N	\N	0	{}	8	0	\N	\N	\N	t	f	f	\N	\N	f	\N	\N	\N	\N	\N	\N	f	\N	\N	3	{}
7	Mariana Barbosa Santos	mariana24@gmail.com	86999914270	79.90	\N	google	2026-03-14 07:49:26.501458-03	sucesso	\N	\N	\N	195.817.427-94	\N	\N	\N	\N	Centro	Teresina	PI	64000-000	\N	\N	\N	\N	\N	\N	2026-04-03 22:49:26.498238-03	\N	\N	0	{}	5	0	\N	\N	\N	t	f	f	\N	\N	f	\N	\N	\N	\N	\N	\N	f	\N	4	4	{}
8	Lucas Gabriel Oliveira	lucas87@gmail.com	86999028761	199.90	\N	instagram	2026-03-24 08:49:26.508146-03	sucesso	\N	\N	\N	829.438.902-86	\N	\N	\N	\N	Dirceu	Teresina	PI	64000-000	\N	\N	\N	\N	\N	\N	2026-04-03 22:49:26.502969-03	\N	\N	0	{}	9	0	\N	\N	\N	t	f	f	\N	\N	f	\N	\N	\N	\N	\N	\N	f	\N	3	4	{}
59	Lead E2E Automacoes	e2e@automacao.com	5511888880000	150.00	\N	site	2026-04-06 23:01:36.678121-03	pendente	\N	\N	\N	\N	\N	\N	\N	\N	\N	Recife	PE	\N	\N	\N	\N	\N	\N	\N	2026-04-06 23:01:36.679639-03	\N	\N	0	{}	8	0	\N	\N	\N	t	f	f	\N	\N	f	\N	\N	\N	\N	\N	\N	f	\N	\N	3	{}
9	Camila Rodrigues	camila95@gmail.com	86999753203	79.90	\N	site	2026-03-15 06:49:26.51258-03	sucesso	\N	\N	\N	174.335.296-22	\N	\N	\N	\N	Mocambinho	Teresina	PI	64000-000	\N	\N	\N	\N	\N	\N	2026-04-03 22:49:26.509162-03	\N	\N	0	{}	6	0	\N	\N	\N	t	f	f	\N	\N	f	\N	\N	\N	\N	\N	\N	f	\N	2	4	{}
10	Thiago Nascimento	thiago67@gmail.com	86999934255	199.90	\N	indicacao	2026-03-09 14:49:26.524223-03	pendente	\N	\N	\N	801.583.369-91	\N	\N	\N	\N	Mocambinho	Teresina	PI	64000-000	\N	\N	\N	\N	\N	\N	2026-04-03 22:49:26.513606-03	\N	\N	0	{}	4	0	\N	\N	\N	t	f	f	\N	\N	f	\N	\N	\N	\N	\N	\N	f	\N	5	4	{}
11	Patricia Gomes Duarte	patricia79@gmail.com	86999681192	129.90	\N	instagram	2026-03-05 21:49:26.531321-03	sucesso	\N	\N	\N	847.252.571-82	\N	\N	\N	\N	Piçarra	Teresina	PI	64000-000	\N	\N	\N	\N	\N	\N	2026-04-03 22:49:26.526667-03	\N	\N	0	{}	2	0	\N	\N	\N	t	f	f	\N	\N	f	\N	\N	\N	\N	\N	\N	f	\N	2	4	{}
12	Rafael Moreira	rafael5@gmail.com	86999327622	149.90	\N	site	2026-03-19 23:49:26.535461-03	processado	\N	\N	\N	349.650.972-99	\N	\N	\N	\N	Jockey	Teresina	PI	64000-000	\N	\N	\N	\N	\N	\N	2026-04-03 22:49:26.531321-03	\N	\N	0	{}	5	0	\N	\N	\N	t	f	f	\N	\N	f	\N	\N	\N	\N	\N	\N	f	\N	5	4	{}
13	Beatriz Carvalho	beatriz38@gmail.com	86999986853	199.90	\N	site	2026-03-13 21:49:26.538194-03	sucesso	\N	\N	\N	286.782.984-62	\N	\N	\N	\N	Noivos	Teresina	PI	64000-000	\N	\N	\N	\N	\N	\N	2026-04-03 22:49:26.536519-03	\N	\N	0	{}	10	0	\N	\N	\N	t	f	f	\N	\N	f	\N	\N	\N	\N	\N	\N	f	\N	2	4	{}
14	Anderson Pereira Pinto	anderson71@gmail.com	86999296731	99.90	\N	site	2026-03-10 13:49:26.542727-03	sucesso	\N	\N	\N	595.484.952-35	\N	\N	\N	\N	Satélite	Teresina	PI	64000-000	\N	\N	\N	\N	\N	\N	2026-04-03 22:49:26.540273-03	\N	\N	0	{}	4	0	\N	\N	\N	t	f	f	\N	\N	f	\N	\N	\N	\N	\N	\N	f	\N	2	4	{}
15	Larissa Souza	larissa47@gmail.com	86999669669	79.90	\N	whatsapp	2026-03-05 06:49:26.54629-03	processado	\N	\N	\N	316.678.505-20	\N	\N	\N	\N	Mocambinho	Teresina	PI	64000-000	\N	\N	\N	\N	\N	\N	2026-04-03 22:49:26.542727-03	\N	\N	0	{}	9	0	\N	\N	\N	t	f	f	\N	\N	f	\N	\N	\N	\N	\N	\N	f	\N	1	4	{}
16	Felipe Martins	felipe66@gmail.com	86999878857	149.90	\N	google	2026-03-06 06:49:26.549288-03	processado	\N	\N	\N	784.553.486-18	\N	\N	\N	\N	Morros	Teresina	PI	64000-000	\N	\N	\N	\N	\N	\N	2026-04-03 22:49:26.54629-03	\N	\N	0	{}	9	0	\N	\N	\N	t	f	f	\N	\N	f	\N	\N	\N	\N	\N	\N	f	\N	5	4	{}
17	Isabela Ramos	isabela89@gmail.com	86999185417	99.90	\N	instagram	2026-03-09 19:49:26.552668-03	processado	\N	\N	\N	140.717.367-85	\N	\N	\N	\N	Mocambinho	Teresina	PI	64000-000	\N	\N	\N	\N	\N	\N	2026-04-03 22:49:26.551289-03	\N	\N	0	{}	6	0	\N	\N	\N	t	f	f	\N	\N	f	\N	\N	\N	\N	\N	\N	f	\N	4	4	{}
18	Bruno Costa	bruno69@gmail.com	86999198382	79.90	\N	indicacao	2026-03-16 21:49:26.557288-03	sucesso	\N	\N	\N	947.308.681-43	\N	\N	\N	\N	Noivos	Teresina	PI	64000-000	\N	\N	\N	\N	\N	\N	2026-04-03 22:49:26.554222-03	\N	\N	0	{}	4	0	\N	\N	\N	t	f	f	\N	\N	f	\N	\N	\N	\N	\N	\N	f	\N	2	4	{}
19	Amanda Vieira	amanda12@gmail.com	86999734996	129.90	\N	site	2026-03-15 14:49:26.561832-03	processado	\N	\N	\N	818.165.119-64	\N	\N	\N	\N	Mocambinho	Teresina	PI	64000-000	\N	\N	\N	\N	\N	\N	2026-04-03 22:49:26.558288-03	\N	\N	0	{}	5	0	\N	\N	\N	t	f	f	\N	\N	f	\N	\N	\N	\N	\N	\N	f	\N	3	4	{}
20	Diego Fernandes	diego85@gmail.com	86999633802	199.90	\N	instagram	2026-03-07 15:49:26.568565-03	processado	\N	\N	\N	522.106.652-15	\N	\N	\N	\N	Fátima	Teresina	PI	64000-000	\N	\N	\N	\N	\N	\N	2026-04-03 22:49:26.562778-03	\N	\N	0	{}	10	0	\N	\N	\N	t	f	f	\N	\N	f	\N	\N	\N	\N	\N	\N	f	\N	5	4	{}
21	Priscila Araujo	priscila59@gmail.com	86999102148	79.90	\N	whatsapp	2026-03-08 04:49:26.572851-03	processado	\N	\N	\N	250.910.482-98	\N	\N	\N	\N	Mocambinho	Teresina	PI	64000-000	\N	\N	\N	\N	\N	\N	2026-04-03 22:49:26.568565-03	\N	\N	0	{}	9	0	\N	\N	\N	t	f	f	\N	\N	f	\N	\N	\N	\N	\N	\N	f	\N	4	4	{}
22	Gustavo Ribeiro	gustavo11@gmail.com	86999389896	99.90	\N	whatsapp	2026-03-27 23:49:26.577398-03	sucesso	\N	\N	\N	357.771.522-76	\N	\N	\N	\N	Jockey	Teresina	PI	64000-000	\N	\N	\N	\N	\N	\N	2026-04-03 22:49:26.572851-03	\N	\N	0	{}	10	0	\N	\N	\N	t	f	f	\N	\N	f	\N	\N	\N	\N	\N	\N	f	\N	5	4	{}
23	Natalia Freitas	natalia7@gmail.com	86999155027	149.90	\N	site	2026-03-24 22:49:26.579788-03	erro	\N	\N	\N	310.625.830-11	\N	\N	\N	\N	Fátima	Teresina	PI	64000-000	\N	\N	\N	\N	\N	\N	2026-04-03 22:49:26.577398-03	\N	\N	0	{}	7	0	\N	\N	\N	t	f	f	\N	\N	f	\N	\N	\N	\N	\N	\N	f	\N	1	4	{}
24	Renato Dias	renato94@gmail.com	86999850681	149.90	\N	google	2026-03-23 02:49:26.583953-03	pendente	\N	\N	\N	251.853.541-98	\N	\N	\N	\N	Morros	Teresina	PI	64000-000	\N	\N	\N	\N	\N	\N	2026-04-03 22:49:26.580745-03	\N	\N	0	{}	9	0	\N	\N	\N	t	f	f	\N	\N	f	\N	\N	\N	\N	\N	\N	f	\N	4	4	{}
25	Vanessa Lopes	vanessa45@gmail.com	86999025224	199.90	\N	instagram	2026-03-10 01:49:26.588951-03	pendente	\N	\N	\N	982.371.310-94	\N	\N	\N	\N	Satélite	Teresina	PI	64000-000	\N	\N	\N	\N	\N	\N	2026-04-03 22:49:26.584951-03	\N	\N	0	{}	4	0	\N	\N	\N	t	f	f	\N	\N	f	\N	\N	\N	\N	\N	\N	f	\N	2	4	{}
26	Marcos Teixeira	marcos88@gmail.com	86999247010	99.90	\N	site	2026-03-13 16:49:26.590951-03	sucesso	\N	\N	\N	523.744.249-92	\N	\N	\N	\N	Dirceu	Teresina	PI	64000-000	\N	\N	\N	\N	\N	\N	2026-04-03 22:49:26.588951-03	\N	\N	0	{}	4	0	\N	\N	\N	t	f	f	\N	\N	f	\N	\N	\N	\N	\N	\N	f	\N	3	4	{}
27	Aline Nascimento	aline73@gmail.com	86999565901	79.90	\N	indicacao	2026-03-11 15:49:26.596516-03	erro	\N	\N	\N	143.597.663-18	\N	\N	\N	\N	Jockey	Teresina	PI	64000-000	\N	\N	\N	\N	\N	\N	2026-04-03 22:49:26.592979-03	\N	\N	0	{}	6	0	\N	\N	\N	t	f	f	\N	\N	f	\N	\N	\N	\N	\N	\N	f	\N	3	4	{}
28	Eduardo Barros	eduardo98@gmail.com	86999208811	99.90	\N	site	2026-03-13 04:49:26.599504-03	processado	\N	\N	\N	593.776.662-30	\N	\N	\N	\N	Centro	Teresina	PI	64000-000	\N	\N	\N	\N	\N	\N	2026-04-03 22:49:26.597502-03	\N	\N	0	{}	5	0	\N	\N	\N	t	f	f	\N	\N	f	\N	\N	\N	\N	\N	\N	f	\N	1	4	{}
29	Sabrina Monteiro	sabrina47@gmail.com	86999781656	79.90	\N	google	2026-04-03 07:49:26.603342-03	processado	\N	\N	\N	660.987.545-70	\N	\N	\N	\N	Piçarra	Teresina	PI	64000-000	\N	\N	\N	\N	\N	\N	2026-04-03 22:49:26.600566-03	\N	\N	0	{}	4	0	\N	\N	\N	t	f	f	\N	\N	f	\N	\N	\N	\N	\N	\N	f	\N	3	4	{}
30	Henrique Cardoso	henrique15@gmail.com	86999722874	99.90	\N	instagram	2026-03-15 10:49:26.607175-03	pendente	\N	\N	\N	502.256.983-55	\N	\N	\N	\N	Fátima	Teresina	PI	64000-000	\N	\N	\N	\N	\N	\N	2026-04-03 22:49:26.604171-03	\N	\N	0	{}	10	0	\N	\N	\N	t	f	f	\N	\N	f	\N	\N	\N	\N	\N	\N	f	\N	2	4	{}
61	Joao Teste FATEPI	joao@teste.com	5586999001234	0.00	\N	whatsapp	2026-04-07 16:16:16.589986-03	pendente	\N	\N	\N	\N	\N	\N	\N	\N	\N	\N	\N	\N	\N	\N	\N	\N	\N	\N	2026-04-07 16:16:16.62459-03	\N	\N	0	{}	\N	0	\N	\N	\N	t	f	f	\N	\N	f	\N	\N	\N	\N	\N	\N	f	\N	\N	\N	{}
62	Maria Teste Fatepi	maria@teste.com	5586999887766	0.00	\N	whatsapp	2026-04-07 16:30:23.080417-03	pendente	\N	\N	\N	\N	\N	\N	\N	\N	\N	\N	\N	\N	\N	\N	\N	\N	\N	\N	2026-04-07 16:30:23.081402-03	\N	\N	0	{}	\N	0	\N	\N	\N	t	f	f	\N	\N	f	\N	\N	\N	\N	\N	\N	f	\N	\N	7	{}
63	Teste	\N	5586999001234	0.00	\N	whatsapp	2026-04-07 22:07:24.400114-03	pendente	\N	\N	\N	\N	\N	\N	\N	\N	\N	\N	\N	\N	\N	\N	\N	\N	\N	\N	2026-04-07 22:07:24.401123-03	whatsapp	receptivo	0	{}	\N	0	\N	\N	\N	t	f	f	\N	\N	f	\N	\N	\N	\N	\N	\N	f	\N	\N	7	{}
77	Gabriel Torres	gabriel.torres@email.com	551190000010	299.90	\N	indicacao	2026-04-09 09:30:36.388867-03	pendente	\N	\N	\N	\N	\N	\N	\N	\N	\N	Recife	SP	\N	\N	\N	\N	\N	\N	\N	2026-04-09 09:30:36.394255-03	facebook	\N	0	{}	8	0	\N	\N	\N	t	f	f	\N	\N	f	\N	\N	\N	\N	\N	\N	f	\N	\N	8	{}
78	Isabela Nascimento	isabela.nascimento@email.com	551190000011	299.90	\N	whatsapp	2026-04-09 09:30:36.398769-03	processado	\N	\N	\N	\N	\N	\N	\N	\N	\N	Salvador	SP	\N	\N	\N	\N	\N	\N	\N	2026-04-09 09:30:36.402804-03	facebook	\N	0	{}	8	0	\N	\N	\N	t	f	f	\N	\N	f	\N	\N	\N	\N	\N	\N	f	\N	\N	8	{}
86	Patrícia Gomes	patrícia.gomes@email.com	551190000019	199.90	\N	site	2026-04-09 09:30:36.45212-03	processado	\N	\N	\N	511.562.912-68	\N	\N	Rua das Flores	2122	Vila Nova	Belo Horizonte	SP	79869-675	\N	\N	\N	\N	\N	\N	2026-04-09 09:30:36.456137-03	site	\N	0	{}	7	0	\N	\N	\N	t	f	f	\N	\N	f	\N	\N	\N	\N	\N	\N	f	\N	\N	8	{}
85	Gustavo Moreira	gustavo.moreira@email.com	551190000018	0.00	\N	facebook	2026-04-09 09:30:36.443995-03	processado	\N	\N	\N	669.823.375-10	\N	\N	Rua das Flores	7541	Jardim America	Curitiba	SP	49223-666	\N	\N	\N	\N	\N	\N	2026-04-09 09:30:36.44905-03	whatsapp	\N	0	{}	7	0	\N	\N	\N	t	f	f	\N	\N	f	\N	\N	\N	\N	\N	\N	f	\N	\N	8	{}
66	Lucas Rodrigues	lucasmr1998@live.com		0.00	\N	widget	2026-04-08 15:49:33.938426-03	pendente	\N	\N	\N	\N	\N	\N	\N	\N	\N	\N	\N	\N	\N	\N	\N	\N	\N	Google	2026-04-08 15:49:33.939439-03	widget	\N	0	{}	\N	0	\N	\N	\N	t	f	f	\N	\N	f	\N	\N	\N	\N	\N	\N	f	\N	\N	7	{}
67	João Pedro Alves	joão.alves@email.com	551190000000	99.90	\N	site	2026-04-09 09:29:45.452005-03	processamento_manual	\N	\N	\N	\N	\N	\N	\N	\N	\N	Curitiba	SP	\N	\N	\N	\N	\N	\N	\N	2026-04-09 09:29:45.573207-03	site	\N	0	{}	2	0	\N	\N	\N	t	f	f	\N	\N	f	\N	\N	\N	\N	\N	\N	f	\N	\N	8	{}
68	Maria Clara Santos	maria.santos@email.com	551190000001	199.90	\N	whatsapp	2026-04-09 09:30:36.213688-03	processado	\N	\N	\N	\N	\N	\N	\N	\N	\N	Rio de Janeiro	SP	\N	\N	\N	\N	\N	\N	\N	2026-04-09 09:30:36.306913-03	whatsapp	\N	0	{}	3	0	\N	\N	\N	t	f	f	\N	\N	f	\N	\N	\N	\N	\N	\N	f	\N	\N	8	{}
69	Lucas Oliveira	lucas.oliveira@email.com	551190000002	299.90	\N	site	2026-04-09 09:30:36.319079-03	processado	\N	\N	\N	\N	\N	\N	\N	\N	\N	Curitiba	SP	\N	\N	\N	\N	\N	\N	\N	2026-04-09 09:30:36.330978-03	facebook	\N	0	{}	9	0	\N	\N	\N	t	f	f	\N	\N	f	\N	\N	\N	\N	\N	\N	f	\N	\N	8	{}
70	Ana Beatriz Costa	ana.costa@email.com	551190000003	299.90	\N	google	2026-04-09 09:30:36.334704-03	processado	\N	\N	\N	\N	\N	\N	\N	\N	\N	Curitiba	SP	\N	\N	\N	\N	\N	\N	\N	2026-04-09 09:30:36.337968-03	whatsapp	\N	0	{}	2	0	\N	\N	\N	t	f	f	\N	\N	f	\N	\N	\N	\N	\N	\N	f	\N	\N	8	{}
71	Felipe Rodrigues	felipe.rodrigues@email.com	551190000004	299.90	\N	site	2026-04-09 09:30:36.341472-03	processamento_manual	\N	\N	\N	\N	\N	\N	\N	\N	\N	Belo Horizonte	SP	\N	\N	\N	\N	\N	\N	\N	2026-04-09 09:30:36.344267-03	whatsapp	\N	0	{}	1	0	\N	\N	\N	t	f	f	\N	\N	f	\N	\N	\N	\N	\N	\N	f	\N	\N	8	{}
72	Juliana Ferreira	juliana.ferreira@email.com	551190000005	0.00	\N	indicacao	2026-04-09 09:30:36.348286-03	pendente	\N	\N	\N	\N	\N	\N	\N	\N	\N	Fortaleza	SP	\N	\N	\N	\N	\N	\N	\N	2026-04-09 09:30:36.356512-03	site	\N	0	{}	6	0	\N	\N	\N	t	f	f	\N	\N	f	\N	\N	\N	\N	\N	\N	f	\N	\N	8	{}
73	Pedro Henrique Lima	pedro.lima@email.com	551190000006	299.90	\N	whatsapp	2026-04-09 09:30:36.361014-03	processado	\N	\N	\N	\N	\N	\N	\N	\N	\N	Belo Horizonte	SP	\N	\N	\N	\N	\N	\N	\N	2026-04-09 09:30:36.364522-03	site	\N	0	{}	1	0	\N	\N	\N	t	f	f	\N	\N	f	\N	\N	\N	\N	\N	\N	f	\N	\N	8	{}
74	Camila Araújo	camila.araújo@email.com	551190000007	299.90	\N	site	2026-04-09 09:30:36.36777-03	pendente	\N	\N	\N	\N	\N	\N	\N	\N	\N	Curitiba	SP	\N	\N	\N	\N	\N	\N	\N	2026-04-09 09:30:36.371287-03	whatsapp	\N	0	{}	3	0	\N	\N	\N	t	f	f	\N	\N	f	\N	\N	\N	\N	\N	\N	f	\N	\N	8	{}
75	Rafael Souza	rafael.souza@email.com	551190000008	199.90	\N	whatsapp	2026-04-09 09:30:36.376256-03	processamento_manual	\N	\N	\N	\N	\N	\N	\N	\N	\N	Curitiba	SP	\N	\N	\N	\N	\N	\N	\N	2026-04-09 09:30:36.379836-03	facebook	\N	0	{}	5	0	\N	\N	\N	t	f	f	\N	\N	f	\N	\N	\N	\N	\N	\N	f	\N	\N	8	{}
76	Larissa Mendes	larissa.mendes@email.com	551190000009	199.90	\N	whatsapp	2026-04-09 09:30:36.383349-03	processamento_manual	\N	\N	\N	\N	\N	\N	\N	\N	\N	Porto Alegre	SP	\N	\N	\N	\N	\N	\N	\N	2026-04-09 09:30:36.386861-03	site	\N	0	{}	2	0	\N	\N	\N	t	f	f	\N	\N	f	\N	\N	\N	\N	\N	\N	f	\N	\N	8	{}
84	Amanda Ribeiro	amanda.ribeiro@email.com	551190000017	99.90	\N	indicacao	2026-04-09 09:30:36.438346-03	processado	\N	\N	\N	973.967.419-24	\N	\N	Rua XV de Novembro	7875	Boa Vista	São Paulo	SP	95890-738	\N	\N	\N	\N	\N	\N	2026-04-09 09:30:36.441414-03	facebook	\N	0	{}	5	0	\N	\N	\N	t	f	f	\N	\N	f	\N	\N	\N	\N	\N	\N	f	\N	\N	8	{}
83	Vinícius Almeida	vinícius.almeida@email.com	551190000016	299.90	\N	whatsapp	2026-04-09 09:30:36.432639-03	processado	\N	\N	\N	628.717.469-91	\N	\N	Av. Paulista	4194	Centro	São Paulo	SP	20037-874	\N	\N	\N	\N	\N	\N	2026-04-09 09:30:36.434837-03	facebook	\N	0	{}	3	0	\N	\N	\N	t	f	f	\N	\N	f	\N	\N	\N	\N	\N	\N	f	\N	\N	8	{}
82	Bruna Cardoso	bruna.cardoso@email.com	551190000015	99.90	\N	google	2026-04-09 09:30:36.423945-03	processado	\N	\N	\N	991.100.525-14	\N	\N	Av. Paulista	1241	Jardim America	São Paulo	SP	60301-328	\N	\N	\N	\N	\N	\N	2026-04-09 09:30:36.426999-03	facebook	\N	0	{}	6	0	\N	\N	\N	t	f	f	\N	\N	f	\N	\N	\N	\N	\N	\N	f	\N	\N	8	{}
87	Roberto Nunes	roberto@email.com	551190102027	0.00	\N	whatsapp	2026-04-09 09:37:11.19092-03	pendente	\N	\N	\N	\N	\N	\N	\N	\N	\N	Sao Paulo	SP	\N	\N	\N	\N	\N	\N	\N	2026-04-09 09:37:11.223151-03	whatsapp	\N	0	{}	\N	0	\N	\N	\N	t	f	f	\N	\N	f	\N	\N	\N	\N	\N	\N	f	\N	\N	8	{}
88	Carla Dias	carla@email.com	551190149358	0.00	\N	whatsapp	2026-04-09 09:37:11.225727-03	pendente	\N	\N	\N	\N	\N	\N	\N	\N	\N	Santos	SP	\N	\N	\N	\N	\N	\N	\N	2026-04-09 09:37:11.23644-03	whatsapp	\N	0	{}	\N	0	\N	\N	\N	t	f	f	\N	\N	f	\N	\N	\N	\N	\N	\N	f	\N	\N	8	{}
81	Matheus Pereira	matheus.pereira@email.com	551190000014	0.00	\N	site	2026-04-09 09:30:36.418438-03	processado	\N	\N	\N	310.213.103-27	\N	\N	Rua XV de Novembro	6979	Centro	Fortaleza	SP	60334-135	\N	\N	\N	\N	\N	\N	2026-04-09 09:30:36.420437-03	site	\N	0	{}	1	0	\N	\N	\N	t	f	f	\N	\N	f	\N	\N	\N	\N	\N	\N	f	\N	\N	8	{}
80	Fernanda Martins	fernanda.martins@email.com	551190000013	149.90	\N	indicacao	2026-04-09 09:30:36.4111-03	processado	\N	\N	\N	228.601.519-84	\N	\N	Rua XV de Novembro	1153	Liberdade	Belo Horizonte	SP	98963-329	\N	\N	\N	\N	\N	\N	2026-04-09 09:30:36.415099-03	site	\N	0	{}	1	0	\N	\N	\N	t	f	f	\N	\N	f	\N	\N	\N	\N	\N	\N	f	\N	\N	8	{}
79	Thiago Barbosa	thiago.barbosa@email.com	551190000012	199.90	\N	google	2026-04-09 09:30:36.40585-03	processado	\N	\N	\N	431.915.285-45	\N	\N	Rua Sao Paulo	9265	Liberdade	São Paulo	SP	16071-639	\N	\N	\N	\N	\N	\N	2026-04-09 09:30:36.40947-03	site	\N	0	{}	10	0	\N	\N	\N	t	f	f	\N	\N	f	\N	\N	\N	\N	\N	\N	f	\N	\N	8	{}
89	Diego Rocha	diego@email.com	551190124695	0.00	\N	facebook	2026-04-09 09:37:11.23815-03	pendente	\N	\N	\N	\N	\N	\N	\N	\N	\N	Campinas	SP	\N	\N	\N	\N	\N	\N	\N	2026-04-09 09:37:11.250056-03	whatsapp	\N	0	{}	\N	0	\N	\N	\N	t	f	f	\N	\N	f	\N	\N	\N	\N	\N	\N	f	\N	\N	8	{}
90	Priscila Lopes	priscila@email.com	551190107971	0.00	\N	facebook	2026-04-09 09:37:11.252055-03	pendente	\N	\N	\N	\N	\N	\N	\N	\N	\N	Sao Paulo	SP	\N	\N	\N	\N	\N	\N	\N	2026-04-09 09:37:11.262021-03	whatsapp	\N	0	{}	\N	0	\N	\N	\N	t	f	f	\N	\N	f	\N	\N	\N	\N	\N	\N	f	\N	\N	8	{}
91	Marcelo Teixeira	marcelo@email.com	551190117609	0.00	\N	facebook	2026-04-09 09:37:11.263997-03	pendente	\N	\N	\N	\N	\N	\N	\N	\N	\N	Campinas	SP	\N	\N	\N	\N	\N	\N	\N	2026-04-09 09:37:11.274704-03	whatsapp	\N	0	{}	\N	0	\N	\N	\N	t	f	f	\N	\N	f	\N	\N	\N	\N	\N	\N	f	\N	\N	8	{}
92	Teste	\N	86999990001	0.00	\N	teste	2026-04-09 16:04:05.681774-03	pendente	\N	\N	\N	\N	\N	\N	\N	\N	\N	\N	\N	\N	\N	\N	\N	\N	\N	\N	2026-04-09 16:04:05.683248-03	\N	\N	0	{}	\N	0	\N	\N	\N	t	f	f	\N	\N	f	\N	\N	\N	\N	\N	\N	f	\N	\N	7	{}
93	Joao Silva	\N	86999990002	0.00	\N	teste_v2	2026-04-09 16:07:31.167298-03	pendente	\N	\N	\N	\N	\N	\N	\N	\N	\N	\N	\N	\N	\N	\N	\N	\N	\N	\N	2026-04-09 16:07:31.168837-03	\N	\N	0	{}	\N	0	\N	\N	\N	t	f	f	\N	\N	f	\N	\N	\N	\N	\N	\N	f	\N	\N	7	{}
97	Teste	\N	5586999990099	0.00	\N	whatsapp	2026-04-09 16:45:41.720266-03	pendente	\N	\N	\N	\N	\N	\N	\N	\N	\N	\N	\N	\N	\N	\N	\N	\N	\N	\N	2026-04-09 16:45:41.720266-03	whatsapp	receptivo	0	{}	\N	0	\N	\N	\N	t	f	f	\N	\N	f	\N	\N	\N	\N	\N	\N	f	\N	\N	7	{}
96	Lucas	lucasmr1998@live.com		0.00	\N	widget	2026-04-09 16:15:47.187137-03	pendente	\N	\N	\N	\N	\N	\N	\N	\N	\N	\N	\N	\N	\N	\N	\N	\N	\N	\N	2026-04-09 16:15:47.187137-03	widget	\N	0	{}	\N	0	\N	\N	\N	t	f	f	\N	\N	f	\N	\N	\N	\N	\N	\N	f	\N	\N	3	{}
98		\N	86999998888	0.00	\N	teste_fila	2026-04-09 23:09:37.583089-03	pendente	\N	\N	\N	\N	\N	\N	\N	\N	\N	\N	\N	\N	\N	\N	\N	\N	\N	\N	2026-04-09 23:09:37.584137-03	\N	\N	0	{}	\N	0	\N	\N	\N	t	f	f	\N	\N	f	\N	\N	\N	\N	\N	\N	f	\N	\N	7	{}
100	Teste	\N	869999900444	0.00	\N	simulador	2026-04-10 04:04:31.049528-03	pendente	\N	\N	\N	\N	\N	\N	\N	\N	\N	\N	\N	\N	\N	\N	\N	\N	\N	\N	2026-04-10 04:04:31.051037-03	\N	\N	0	{}	\N	0	\N	\N	\N	t	f	f	\N	\N	f	\N	\N	\N	\N	\N	\N	f	\N	\N	7	{}
99	Lucas Rodrigues	\N	86999990000	0.00	\N	simulador	2026-04-09 23:20:39.67506-03	pendente	\N	\N	\N	\N	\N	\N	\N	\N	\N	\N	\N	\N	\N	\N	\N	\N	\N	\N	2026-04-09 23:20:39.67506-03	\N	\N	0	{}	\N	0	\N	\N	\N	t	f	f	\N	\N	f	\N	\N	\N	\N	\N	\N	f	\N	\N	7	{}
101	Teste	\N	8699999004453	0.00	\N	simulador	2026-04-10 04:08:55.156572-03	pendente	\N	\N	\N	\N	\N	\N	\N	\N	\N	\N	\N	\N	\N	\N	\N	\N	\N	\N	2026-04-10 04:08:55.158643-03	\N	\N	0	{}	\N	0	\N	\N	\N	t	f	f	\N	\N	f	\N	\N	\N	\N	\N	\N	f	\N	\N	7	{}
102	Teste	\N	869999900321	0.00	\N	simulador	2026-04-10 04:12:06.338048-03	pendente	\N	\N	\N	\N	\N	\N	\N	\N	\N	\N	\N	\N	\N	\N	\N	\N	\N	\N	2026-04-10 04:12:06.338048-03	\N	\N	0	{}	\N	0	\N	\N	\N	t	f	f	\N	\N	f	\N	\N	\N	\N	\N	\N	f	\N	\N	7	{}
122	Lucas Rodrigues	\N	86999990456	0.00	\N	simulador	2026-04-10 06:47:23.271554-03	pendente	\N	\N	\N	\N	\N	\N	\N	\N	\N	\N	\N	\N	\N	\N	\N	\N	\N	Google	2026-04-10 06:47:23.273057-03	\N	\N	0	{}	10	0	\N	\N	\N	t	f	f	\N	\N	f	\N	\N	\N	\N	\N	\N	f	\N	\N	7	{}
103	Lucas Rodrigues	\N	86999990064	0.00	\N	simulador	2026-04-10 04:19:25.104067-03	pendente	\N	\N	\N	\N	\N	\N	\N	\N	\N	\N	\N	\N	\N	\N	\N	\N	\N	\N	2026-04-10 04:19:25.104067-03	\N	\N	0	{}	\N	0	\N	\N	\N	t	f	f	\N	\N	f	\N	\N	\N	\N	\N	\N	f	\N	\N	7	{}
104	Pedro Paulo	\N	86999990063	0.00	\N	simulador	2026-04-10 04:20:44.754136-03	pendente	\N	\N	\N	\N	\N	\N	\N	\N	\N	\N	\N	\N	\N	\N	\N	\N	\N	\N	2026-04-10 04:20:44.754136-03	\N	\N	0	{}	\N	0	\N	\N	\N	t	f	f	\N	\N	f	\N	\N	\N	\N	\N	\N	f	\N	\N	7	{}
105	Teste	\N	86999990017	0.00	\N	simulador	2026-04-10 04:23:10.053881-03	pendente	\N	\N	\N	\N	\N	\N	\N	\N	\N	\N	\N	\N	\N	\N	\N	\N	\N	\N	2026-04-10 04:23:10.053881-03	\N	\N	0	{}	\N	0	\N	\N	\N	t	f	f	\N	\N	f	\N	\N	\N	\N	\N	\N	f	\N	\N	7	{}
106	Teste	\N	86999990077	0.00	\N	simulador	2026-04-10 04:23:23.958947-03	pendente	\N	\N	\N	\N	\N	\N	\N	\N	\N	\N	\N	\N	\N	\N	\N	\N	\N	\N	2026-04-10 04:23:23.958947-03	\N	\N	0	{}	\N	0	\N	\N	\N	t	f	f	\N	\N	f	\N	\N	\N	\N	\N	\N	f	\N	\N	7	{}
123	Joana Sozua	\N	86999990458	0.00	\N	simulador	2026-04-10 06:49:16.478194-03	pendente	\N	\N	\N	\N	\N	\N	\N	\N	\N	\N	\N	\N	\N	\N	\N	\N	\N	Google	2026-04-10 06:49:16.478194-03	\N	\N	0	{}	\N	0	\N	\N	\N	t	f	f	\N	\N	f	\N	\N	\N	\N	\N	\N	f	\N	\N	7	{}
107	Lucas Rodrigues	\N	86999990066	0.00	\N	simulador	2026-04-10 04:23:53.921387-03	pendente	\N	\N	\N	\N	\N	\N	\N	\N	\N	\N	\N	\N	\N	\N	\N	\N	\N	\N	2026-04-10 04:23:53.921387-03	\N	\N	0	{}	\N	0	\N	\N	\N	t	f	f	\N	\N	f	\N	\N	\N	\N	\N	\N	f	\N	\N	7	{}
116		\N	86999990201	0.00	\N	teste	2026-04-10 05:11:44.047662-03	pendente	\N	\N	\N	\N	\N	\N	\N	\N	\N	\N	\N	\N	\N	\N	\N	\N	\N	\N	2026-04-10 05:11:44.048663-03	\N	\N	0	{}	\N	0	\N	\N	\N	t	f	f	\N	\N	f	\N	\N	\N	\N	\N	\N	f	\N	\N	7	{}
108	Lucas Rodrigues	\N	86999990044	0.00	\N	simulador	2026-04-10 04:30:38.654163-03	pendente	\N	\N	\N	\N	\N	\N	\N	\N	\N	\N	\N	\N	\N	\N	\N	\N	\N	\N	2026-04-10 04:30:38.654163-03	\N	\N	0	{}	\N	0	\N	\N	\N	t	f	f	\N	\N	f	\N	\N	\N	\N	\N	\N	f	\N	\N	7	{}
109	Lucas Rodrigues	\N	86999990012	0.00	\N	simulador	2026-04-10 04:32:13.585943-03	pendente	\N	\N	\N	\N	\N	\N	\N	\N	\N	\N	\N	\N	\N	\N	\N	\N	\N	\N	2026-04-10 04:32:13.585943-03	\N	\N	0	{}	\N	0	\N	\N	\N	t	f	f	\N	\N	f	\N	\N	\N	\N	\N	\N	f	\N	\N	7	{}
110	Maria Silva	\N	86999997777	0.00	\N	teste_final	2026-04-10 04:32:48.786789-03	pendente	\N	\N	\N	\N	\N	\N	\N	\N	\N	\N	\N	\N	\N	\N	\N	\N	\N	\N	2026-04-10 04:32:48.786789-03	\N	\N	0	{}	\N	0	\N	\N	\N	t	f	f	\N	\N	f	\N	\N	\N	\N	\N	\N	f	\N	\N	7	{}
124	Lucas Rodrigues	\N	555381521653	0.00	\N	whatsapp	2026-04-10 07:12:27.876803-03	pendente	\N	\N	\N	\N	\N	\N	\N	\N	\N	\N	\N	\N	\N	\N	\N	\N	\N	Instagram	2026-04-10 07:12:27.877805-03	whatsapp	receptivo	0	{}	\N	0	\N	\N	\N	t	f	f	\N	\N	f	\N	\N	\N	\N	\N	\N	f	\N	\N	7	{}
125	Lucas Rodrigues	\N	86999990043	0.00	\N	simulador	2026-04-10 10:50:10.283315-03	pendente	\N	\N	\N	\N	\N	\N	\N	\N	\N	\N	\N	\N	\N	\N	\N	\N	\N	\N	2026-04-10 10:50:10.285053-03	\N	\N	0	{}	\N	0	\N	\N	\N	t	f	f	\N	\N	f	\N	\N	\N	\N	\N	\N	f	\N	\N	7	{}
112	Lucas Rodrigues	\N	86999990032	0.00	\N	simulador	2026-04-10 04:38:41.771189-03	pendente	\N	\N	\N	\N	\N	\N	\N	\N	\N	\N	\N	\N	\N	\N	\N	\N	\N	\N	2026-04-10 04:38:41.771189-03	\N	\N	0	{}	\N	0	\N	\N	\N	t	f	f	\N	\N	f	\N	\N	\N	\N	\N	\N	f	\N	\N	7	{}
126	Lucas Rodrigues	\N	86999990021	0.00	\N	simulador	2026-04-10 10:52:58.067004-03	pendente	\N	\N	\N	\N	\N	\N	\N	\N	\N	\N	\N	\N	\N	\N	\N	\N	\N	\N	2026-04-10 10:52:58.067004-03	\N	\N	0	{}	\N	0	\N	\N	\N	t	f	f	\N	\N	f	\N	\N	\N	\N	\N	\N	f	\N	\N	7	{}
144	Lucas Rodrigues	\N	44999990000	0.00	\N	simulador	2026-04-10 13:03:30.187413-03	pendente	\N	\N	\N	\N	\N	\N	\N	\N	\N	\N	\N	\N	\N	\N	\N	\N	\N	Instagram	2026-04-10 13:03:30.188518-03	\N	\N	0	{}	10	0	\N	\N	\N	t	f	f	\N	\N	f	\N	\N	\N	\N	\N	\N	f	\N	\N	7	{}
121	Pedro Alex	\N	86999990453	0.00	\N	simulador	2026-04-10 06:46:01.334372-03	pendente	\N	\N	\N	\N	\N	\N	\N	\N	\N	\N	\N	\N	\N	\N	\N	\N	\N	\N	2026-04-10 06:46:01.334372-03	\N	\N	0	{}	\N	0	\N	\N	\N	t	f	f	\N	\N	f	\N	\N	\N	\N	\N	\N	f	\N	\N	7	{}
127	Pedro Paulo	\N	86999990067	0.00	\N	simulador	2026-04-10 10:55:01.105983-03	pendente	\N	\N	\N	\N	\N	\N	\N	\N	\N	\N	\N	\N	\N	\N	\N	\N	\N	\N	2026-04-10 10:55:01.105983-03	\N	\N	0	{}	\N	0	\N	\N	\N	t	f	f	\N	\N	f	\N	\N	\N	\N	\N	\N	f	\N	\N	7	{}
145	Lucas Rodrigues	\N	31999990000	0.00	\N	simulador	2026-04-10 13:05:31.52793-03	pendente	\N	\N	\N	\N	\N	\N	\N	\N	\N	\N	\N	\N	\N	\N	\N	\N	\N	\N	2026-04-10 13:05:31.528433-03	\N	\N	0	{}	\N	0	\N	\N	\N	t	f	f	\N	\N	f	\N	\N	\N	\N	\N	\N	f	\N	\N	7	{}
141		\N	86999975283	0.00	\N	teste	2026-04-10 12:36:59.1284-03	pendente	\N	\N	\N	\N	\N	\N	\N	\N	\N	\N	\N	\N	\N	\N	\N	\N	\N	\N	2026-04-10 12:36:59.1284-03	\N	\N	0	{}	\N	0	\N	\N	\N	t	f	f	\N	\N	f	\N	\N	\N	\N	\N	\N	f	\N	\N	7	{}
\.


--
-- Data for Name: log_sistema; Type: TABLE DATA; Schema: public; Owner: -
--

COPY public.log_sistema (id, nivel, modulo, mensagem, dados_extras, usuario, ip, data_criacao, tenant_id, acao, categoria, entidade, entidade_id) FROM stdin;
1	INFO	leads	Novo provedor identificado via LinkedIn	\N	\N	\N	2026-04-03 22:49:30.058887-03	3				\N
2	INFO	crm	Demo agendada com NetFibra Telecom	\N	\N	\N	2026-04-03 22:49:30.067119-03	3				\N
3	WARNING	suporte	SLA proximo de vencer no ticket #1	\N	\N	\N	2026-04-03 22:49:30.068149-03	3				\N
4	INFO	cs	Clube: 3 novos membros esta semana	\N	\N	\N	2026-04-03 22:49:30.068149-03	3				\N
5	ERROR	integracoes	Timeout ao sincronizar dados do provedor	\N	\N	\N	2026-04-03 22:49:30.069148-03	3				\N
6	INFO	marketing	Campanha ABRINT gerou 4 leads	\N	\N	\N	2026-04-03 22:49:30.069148-03	3				\N
7	INFO	leads	Sincronizacao concluida: 30 leads processados	\N	\N	\N	2026-04-03 22:49:30.070141-03	4				\N
8	INFO	integracoes	HubSoft: 8 clientes sincronizados	\N	\N	\N	2026-04-03 22:49:30.070141-03	4				\N
9	WARNING	atendimento	Timeout na questao 3 do fluxo de vendas	\N	\N	\N	2026-04-03 22:49:30.070141-03	4				\N
10	ERROR	integracoes	Falha na conexao com HubSoft: timeout 30s	\N	\N	\N	2026-04-03 22:49:30.071543-03	4				\N
11	INFO	crm	5 oportunidades movidas automaticamente	\N	\N	\N	2026-04-03 22:49:30.071543-03	4				\N
12	WARNING	notificacoes	Canal WhatsApp com atraso de 5min	\N	\N	\N	2026-04-03 22:49:30.072543-03	4				\N
13	ERROR	cadastro	Erro ao gerar PDF do contrato	\N	\N	\N	2026-04-03 22:49:30.072543-03	4				\N
14	CRITICAL	sistema	Banco de dados com latencia alta: 2.5s	\N	\N	\N	2026-04-03 22:49:30.073793-03	4				\N
15	INFO	marketing	Campanha Google Ads detectou 3 leads	\N	\N	\N	2026-04-03 22:49:30.074306-03	4				\N
16	INFO	dashboard	Dashboard carregado em 1.2s	\N	\N	\N	2026-04-03 22:49:30.074306-03	4				\N
17	INFO	cs	NPS enviado para 15 membros do clube	\N	\N	\N	2026-04-03 22:49:30.075363-03	4				\N
18	WARNING	suporte	Ticket #1 com SLA proximo de vencer	\N	\N	\N	2026-04-03 22:49:30.075363-03	4				\N
19	INFO	crm.editar	Oportunidade atualizada via API: estagio, data_entrada_estagio	\N	aurora	127.0.0.1	2026-04-07 15:26:07.203515-03	\N	editar	crm	oportunidade	51
20	INFO	crm.criar	Tarefa criada via API: Ligar para lead teste	\N	aurora	127.0.0.1	2026-04-07 15:26:07.215909-03	\N	criar	crm	tarefa	76
21	INFO	crm.editar	Tarefa atualizada via API: status, data_conclusao, resultado	\N	aurora	127.0.0.1	2026-04-07 15:26:07.221974-03	\N	editar	crm	tarefa	76
22	INFO	admin.criar	criar tenant	\N	aurora	127.0.0.1	2026-04-07 15:54:49.199038-03	3	criar	admin	tenant	\N
23	INFO	admin.criar	criar tenant	\N	aurora	127.0.0.1	2026-04-07 15:55:36.575968-03	3	criar	admin	tenant	\N
24	INFO	admin.gerenciar	gerenciar tenant	\N	aurora	127.0.0.1	2026-04-07 15:55:36.662282-03	3	gerenciar	admin	tenant	\N
25	INFO	admin.gerenciar	gerenciar tenant	\N	aurora	127.0.0.1	2026-04-07 15:55:43.715723-03	3	gerenciar	admin	tenant	\N
26	INFO	admin.gerenciar	gerenciar tenant	\N	aurora	127.0.0.1	2026-04-07 15:55:43.777168-03	3	gerenciar	admin	tenant	\N
27	INFO	auth.login	Login: admin	\N	admin	127.0.0.1	2026-04-07 15:56:14.206008-03	\N	login	auth	usuario	8
28	WARNING	auth.login_falho	Tentativa de login falha: admin@auroraisp.com.br	\N	\N	\N	2026-04-07 21:43:32.200994-03	\N	login_falho	auth	usuario	\N
29	WARNING	auth.login_falho	Tentativa de login falha: aurora	\N	\N	\N	2026-04-07 21:43:32.936576-03	\N	login_falho	auth	usuario	\N
30	INFO	auth.login	Login: admin	\N	admin	127.0.0.1	2026-04-07 21:52:19.774216-03	\N	login	auth	usuario	8
31	INFO	inbox.enviar_mensagem	Mensagem enviada por admin para Lucas Rodrigues	{"canal": "whatsapp"}	\N	\N	2026-04-07 22:07:59.178473-03	7	enviar_mensagem	inbox	conversa	25
32	INFO	inbox.enviar_mensagem	Mensagem enviada por admin para Lucas Rodrigues	{"canal": "whatsapp"}	\N	\N	2026-04-07 22:11:16.6918-03	7	enviar_mensagem	inbox	conversa	25
33	INFO	inbox.enviar_mensagem	Mensagem enviada por admin para Lucas Rodrigues	{"canal": "whatsapp"}	\N	\N	2026-04-07 22:16:31.587702-03	7	enviar_mensagem	inbox	conversa	25
34	INFO	inbox.enviar_mensagem	Mensagem enviada por admin para Lucas Rodrigues	{"canal": "whatsapp"}	\N	\N	2026-04-07 22:17:03.812203-03	7	enviar_mensagem	inbox	conversa	25
35	INFO	inbox.enviar_mensagem	Mensagem enviada por admin para Lucas Rodrigues	{"canal": "whatsapp"}	\N	\N	2026-04-07 22:18:46.70339-03	7	enviar_mensagem	inbox	conversa	25
36	INFO	inbox.enviar_bot	Mensagem bot enviada via API para 555381521653	\N	api:n8n	103.199.187.4	2026-04-07 22:41:21.98813-03	\N	enviar_bot	inbox	conversa	25
37	INFO	inbox.enviar_bot	Mensagem bot enviada via API para 555381521653	\N	api:n8n	103.199.187.4	2026-04-07 22:41:22.053712-03	\N	enviar_bot	inbox	conversa	25
38	INFO	inbox.enviar_bot	Mensagem bot enviada via API para 555381521653	\N	api:n8n	103.199.187.4	2026-04-07 22:41:22.055247-03	\N	enviar_bot	inbox	conversa	25
39	INFO	inbox.enviar_bot	Mensagem bot enviada via API para 555381521653	\N	api:n8n	103.199.187.4	2026-04-07 22:41:42.5503-03	\N	enviar_bot	inbox	conversa	25
40	INFO	inbox.enviar_bot	Mensagem bot enviada via API para 555381521653	\N	api:n8n	103.199.187.4	2026-04-07 22:41:42.586448-03	\N	enviar_bot	inbox	conversa	25
41	INFO	inbox.enviar_bot	Mensagem bot enviada via API para 555381521653	\N	api:n8n	103.199.187.4	2026-04-07 22:41:42.681427-03	\N	enviar_bot	inbox	conversa	25
42	INFO	inbox.enviar_bot	Mensagem bot enviada via API para 555381521653	\N	api:n8n	103.199.187.4	2026-04-07 22:48:05.58142-03	\N	enviar_bot	inbox	conversa	25
43	INFO	inbox.enviar_bot	Mensagem bot enviada via API para 555381521653	\N	api:n8n	103.199.187.4	2026-04-07 22:48:06.718525-03	\N	enviar_bot	inbox	conversa	25
44	INFO	inbox.enviar_bot	Mensagem bot enviada via API para 555381521653	\N	api:n8n	103.199.187.4	2026-04-07 22:48:07.870398-03	\N	enviar_bot	inbox	conversa	25
45	INFO	inbox.enviar_bot	Mensagem bot enviada via API para 555381521653	\N	api:n8n	103.199.187.4	2026-04-07 22:48:09.002965-03	\N	enviar_bot	inbox	conversa	25
46	INFO	inbox.enviar_bot	Mensagem bot enviada via API para 555381521653	\N	api:n8n	103.199.187.4	2026-04-07 22:48:10.136482-03	\N	enviar_bot	inbox	conversa	25
47	INFO	inbox.enviar_bot	Mensagem bot enviada via API para 555381521653	\N	api:n8n	103.199.187.4	2026-04-07 22:48:11.288851-03	\N	enviar_bot	inbox	conversa	25
48	INFO	inbox.enviar_bot	Mensagem bot enviada via API para 555381521653	\N	api:n8n	103.199.187.4	2026-04-07 22:48:12.428844-03	\N	enviar_bot	inbox	conversa	25
49	INFO	marketing.criar	criar automacao	\N	admin	127.0.0.1	2026-04-07 23:59:04.258703-03	7	criar	marketing	automacao	\N
50	INFO	marketing.criar	criar automacao	\N	admin	127.0.0.1	2026-04-07 23:59:10.723697-03	7	criar	marketing	automacao	\N
51	INFO	marketing.salvar_fluxo	salvar_fluxo automacao	\N	admin	127.0.0.1	2026-04-08 00:04:08.500829-03	7	salvar_fluxo	marketing	automacao	\N
52	INFO	marketing.salvar_fluxo	salvar_fluxo automacao	\N	admin	127.0.0.1	2026-04-08 00:04:56.351238-03	7	salvar_fluxo	marketing	automacao	\N
53	INFO	marketing.salvar_fluxo	salvar_fluxo automacao	\N	admin	127.0.0.1	2026-04-08 00:05:02.771325-03	7	salvar_fluxo	marketing	automacao	\N
54	INFO	marketing.salvar_fluxo	salvar_fluxo automacao	\N	admin	127.0.0.1	2026-04-08 00:05:08.305144-03	7	salvar_fluxo	marketing	automacao	\N
55	INFO	marketing.salvar_fluxo	salvar_fluxo automacao	\N	admin	127.0.0.1	2026-04-08 00:05:13.063037-03	7	salvar_fluxo	marketing	automacao	\N
56	INFO	inbox.enviar_bot	Mensagem bot enviada via API para 555381521653	\N	api:n8n	103.199.187.4	2026-04-08 00:09:35.869582-03	\N	enviar_bot	inbox	conversa	25
57	INFO	inbox.enviar_bot	Mensagem bot enviada via API para 555381521653	\N	api:n8n	103.199.187.4	2026-04-08 00:13:36.779067-03	\N	enviar_bot	inbox	conversa	25
58	INFO	inbox.enviar_bot	Mensagem bot enviada via API para 555381521653	\N	api:n8n	103.199.187.4	2026-04-08 00:13:37.949967-03	\N	enviar_bot	inbox	conversa	25
59	INFO	inbox.enviar_bot	Mensagem bot enviada via API para 555381521653	\N	api:n8n	103.199.187.4	2026-04-08 00:13:39.175508-03	\N	enviar_bot	inbox	conversa	25
60	INFO	inbox.enviar_bot	Mensagem bot enviada via API para 555381521653	\N	api:n8n	103.199.187.4	2026-04-08 00:13:40.351534-03	\N	enviar_bot	inbox	conversa	25
61	INFO	crm.mover	Lucas Rodrigues: Novo Lead -> Qualificacao	{"estagio_de": "novo", "estagio_para": "qualificacao"}	admin	127.0.0.1	2026-04-08 00:17:17.306834-03	7	mover	crm	oportunidade	59
62	INFO	crm.mover	Lucas Rodrigues: Qualificacao -> Novo Lead	{"estagio_de": "qualificacao", "estagio_para": "novo"}	admin	127.0.0.1	2026-04-08 00:43:44.454648-03	7	mover	crm	oportunidade	59
63	INFO	config.gerenciar	gerenciar perfil_permissao	\N	admin	127.0.0.1	2026-04-08 00:50:59.630051-03	7	gerenciar	config	perfil_permissao	\N
64	INFO	inbox.enviar_bot	Mensagem bot enviada via API para 555381521653	\N	api:n8n	103.199.187.4	2026-04-08 10:49:18.769465-03	\N	enviar_bot	inbox	conversa	25
65	INFO	inbox.enviar_bot	Mensagem bot enviada via API para 555381521653	\N	api:n8n	103.199.187.4	2026-04-08 10:49:59.098797-03	\N	enviar_bot	inbox	conversa	25
66	INFO	inbox.enviar_bot	Mensagem bot enviada via API para 555381521653	\N	api:n8n	103.199.187.4	2026-04-08 10:50:20.728132-03	\N	enviar_bot	inbox	conversa	25
67	INFO	inbox.enviar_bot	Mensagem bot enviada via API para 555381521653	\N	api:n8n	103.199.187.4	2026-04-08 10:50:21.873842-03	\N	enviar_bot	inbox	conversa	25
68	INFO	inbox.enviar_bot	Mensagem bot enviada via API para 555381521653	\N	api:n8n	103.199.187.4	2026-04-08 10:50:23.034075-03	\N	enviar_bot	inbox	conversa	25
69	INFO	inbox.enviar_bot	Mensagem bot enviada via API para 555381521653	\N	api:n8n	103.199.187.4	2026-04-08 10:50:39.866345-03	\N	enviar_bot	inbox	conversa	25
70	INFO	inbox.enviar_bot	Mensagem bot enviada via API para 555381521653	\N	api:n8n	103.199.187.4	2026-04-08 10:50:41.045382-03	\N	enviar_bot	inbox	conversa	25
71	INFO	inbox.enviar_bot	Mensagem bot enviada via API para 555381521653	\N	api:n8n	103.199.187.4	2026-04-08 10:50:42.213662-03	\N	enviar_bot	inbox	conversa	25
72	WARNING	auth.login_falho	Tentativa de login falha: admin@fatepi.com.br	\N	\N	127.0.0.1	2026-04-08 15:45:05.026447-03	\N	login_falho	auth	usuario	\N
73	WARNING	auth.login_falho	Tentativa de login falha: marketing@consulteplus.com.br	\N	\N	127.0.0.1	2026-04-08 15:45:34.216582-03	\N	login_falho	auth	usuario	\N
74	INFO	auth.login	Login: admin	\N	admin	127.0.0.1	2026-04-08 15:46:23.766464-03	\N	login	auth	usuario	8
75	WARNING	auth.login_falho	Tentativa de login falha: admin@auroraisp.com.br	\N	\N	127.0.0.1	2026-04-08 15:47:13.259602-03	\N	login_falho	auth	usuario	\N
76	INFO	auth.login	Login: aurora	\N	aurora	127.0.0.1	2026-04-08 20:52:22.296245-03	\N	login	auth	usuario	1
77	INFO	admin.gerenciar	gerenciar tenant	\N	aurora	127.0.0.1	2026-04-08 20:52:36.436216-03	3	gerenciar	admin	tenant	\N
78	INFO	admin.gerenciar	gerenciar tenant	\N	aurora	127.0.0.1	2026-04-08 20:52:42.199987-03	3	gerenciar	admin	tenant	\N
79	INFO	admin.gerenciar	gerenciar tenant	\N	aurora	127.0.0.1	2026-04-08 20:52:42.317955-03	3	gerenciar	admin	tenant	\N
80	INFO	crm.editar	Campos atualizados: dados_custom	\N	admin	127.0.0.1	2026-04-08 23:04:14.979238-03	7	editar	crm	oportunidade	60
81	INFO	crm.editar	Campos atualizados: dados_custom	\N	admin	127.0.0.1	2026-04-08 23:04:16.077918-03	7	editar	crm	oportunidade	60
82	INFO	crm.editar	Campos atualizados: telefone	\N	admin	127.0.0.1	2026-04-08 23:04:20.511391-03	7	editar	crm	oportunidade	60
83	INFO	crm.salvar_fluxo	salvar_fluxo fluxo_atendimento	\N	admin	127.0.0.1	2026-04-09 09:01:54.454866-03	7	salvar_fluxo	crm	fluxo_atendimento	\N
84	INFO	crm.salvar_fluxo	salvar_fluxo fluxo_atendimento	\N	admin	127.0.0.1	2026-04-09 09:02:01.61353-03	7	salvar_fluxo	crm	fluxo_atendimento	\N
85	INFO		Acao de demonstracao 1	\N	vendedor2	127.0.0.1	2026-04-09 09:33:52.351676-03	8	editar	crm	lead	3
86	INFO		Acao de demonstracao 2	\N	demo	127.0.0.1	2026-04-09 09:33:52.354185-03	8	visualizar	inbox	lead	13
87	INFO		Acao de demonstracao 3	\N	suporte	127.0.0.1	2026-04-09 09:33:52.354185-03	8	criar	config	lead	8
88	INFO		Acao de demonstracao 4	\N	vendedor2	127.0.0.1	2026-04-09 09:33:52.355185-03	8	visualizar	leads	lead	8
89	INFO		Acao de demonstracao 5	\N	vendedor1	127.0.0.1	2026-04-09 09:33:52.355185-03	8	visualizar	marketing	lead	18
90	INFO		Acao de demonstracao 6	\N	suporte	127.0.0.1	2026-04-09 09:33:52.356184-03	8	visualizar	crm	lead	12
91	INFO		Acao de demonstracao 7	\N	vendedor2	127.0.0.1	2026-04-09 09:33:52.356184-03	8	login	crm	lead	13
92	INFO		Acao de demonstracao 8	\N	suporte	127.0.0.1	2026-04-09 09:33:52.356687-03	8	login	leads	lead	13
93	INFO		Acao de demonstracao 9	\N	vendedor2	127.0.0.1	2026-04-09 09:33:52.356687-03	8	visualizar	crm	lead	5
94	INFO		Acao de demonstracao 10	\N	demo	127.0.0.1	2026-04-09 09:33:52.356687-03	8	excluir	leads	lead	19
95	INFO		Acao de demonstracao 11	\N	suporte	127.0.0.1	2026-04-09 09:33:52.35769-03	8	login	inbox	lead	4
96	INFO		Acao de demonstracao 12	\N	vendedor2	127.0.0.1	2026-04-09 09:33:52.35769-03	8	editar	marketing	lead	10
97	INFO		Acao de demonstracao 13	\N	vendedor2	127.0.0.1	2026-04-09 09:33:52.35769-03	8	editar	auth	lead	4
98	INFO		Acao de demonstracao 14	\N	demo	127.0.0.1	2026-04-09 09:33:52.358691-03	8	editar	leads	lead	4
99	INFO		Acao de demonstracao 15	\N	vendedor1	127.0.0.1	2026-04-09 09:33:52.358691-03	8	editar	auth	lead	14
100	INFO		Acao de demonstracao 16	\N	suporte	127.0.0.1	2026-04-09 09:33:52.358691-03	8	excluir	inbox	lead	7
101	INFO		Acao de demonstracao 17	\N	suporte	127.0.0.1	2026-04-09 09:33:52.358691-03	8	editar	marketing	lead	11
102	INFO		Acao de demonstracao 18	\N	vendedor2	127.0.0.1	2026-04-09 09:33:52.35969-03	8	visualizar	inbox	lead	3
103	INFO		Acao de demonstracao 19	\N	vendedor2	127.0.0.1	2026-04-09 09:33:52.35969-03	8	login	leads	lead	11
104	INFO		Acao de demonstracao 20	\N	suporte	127.0.0.1	2026-04-09 09:33:52.36069-03	8	editar	marketing	lead	20
105	INFO	auth.logout	Logout: admin	\N	admin	127.0.0.1	2026-04-09 09:35:01.570766-03	7	logout	auth	usuario	8
106	INFO	auth.login	Login: demo	\N	demo	127.0.0.1	2026-04-09 09:35:10.76974-03	\N	login	auth	usuario	9
107	INFO	admin.gerenciar	gerenciar tenant	\N	aurora	127.0.0.1	2026-04-09 09:49:30.739339-03	3	gerenciar	admin	tenant	\N
108	INFO	admin.gerenciar	gerenciar tenant	\N	aurora	127.0.0.1	2026-04-09 09:49:36.140447-03	3	gerenciar	admin	tenant	\N
109	INFO	admin.gerenciar	gerenciar tenant	\N	aurora	127.0.0.1	2026-04-09 09:49:36.217294-03	3	gerenciar	admin	tenant	\N
110	INFO	admin.gerenciar	gerenciar tenant	\N	aurora	127.0.0.1	2026-04-09 09:49:36.680078-03	3	gerenciar	admin	tenant	\N
111	INFO	admin.gerenciar	gerenciar tenant	\N	aurora	127.0.0.1	2026-04-09 09:49:36.750578-03	3	gerenciar	admin	tenant	\N
112	INFO	marketing.salvar_fluxo	salvar_fluxo automacao	\N	demo	127.0.0.1	2026-04-09 09:52:49.434516-03	8	salvar_fluxo	marketing	automacao	\N
113	WARNING	marketing.excluir	Automacao excluida: Criar oportunidade	\N	demo	127.0.0.1	2026-04-09 09:52:59.654215-03	8	excluir	marketing	automacao	65
114	WARNING	marketing.excluir	Automacao excluida: Boas-vindas Lead	\N	demo	127.0.0.1	2026-04-09 09:53:02.182728-03	8	excluir	marketing	automacao	64
115	INFO	config.gerenciar	gerenciar perfil_permissao	\N	demo	127.0.0.1	2026-04-09 10:55:51.598598-03	8	gerenciar	config	perfil_permissao	\N
116	INFO	admin.criar	criar tenant	\N	aurora	127.0.0.1	2026-04-09 13:35:18.244829-03	3	criar	admin	tenant	\N
117	INFO	auth.logout	Logout: demo	\N	demo	127.0.0.1	2026-04-09 15:23:10.650288-03	8	logout	auth	usuario	9
118	INFO	auth.login	Login: admin	\N	admin	127.0.0.1	2026-04-09 15:23:23.225396-03	\N	login	auth	usuario	8
119	INFO	inbox.enviar_bot	Mensagem bot enviada via API para 555381521653	\N	api:n8n	103.199.187.4	2026-04-09 16:22:04.803894-03	\N	enviar_bot	inbox	conversa	25
120	INFO	inbox.enviar_bot	Mensagem bot enviada via API para 555381521653	\N	api:n8n	103.199.187.4	2026-04-09 16:22:06.037275-03	\N	enviar_bot	inbox	conversa	25
121	INFO	inbox.resolver	Conversa resolvida: Lucas Rodrigues	\N	admin	127.0.0.1	2026-04-10 03:27:54.326364-03	7	resolver	inbox	conversa	25
122	INFO	inbox.resolver	Conversa resolvida: Teste	\N	admin	127.0.0.1	2026-04-10 03:27:56.489532-03	7	resolver	inbox	conversa	52
123	INFO	inbox.resolver	Conversa resolvida: Lucas	\N	admin	127.0.0.1	2026-04-10 03:27:57.991702-03	7	resolver	inbox	conversa	27
124	INFO	inbox.resolver	Conversa resolvida: Teste	\N	admin	127.0.0.1	2026-04-10 03:27:59.364583-03	7	resolver	inbox	conversa	24
125	INFO	inbox.resolver	Conversa resolvida: Maria Teste Fatepi	\N	admin	127.0.0.1	2026-04-10 03:28:00.589987-03	7	resolver	inbox	conversa	23
126	WARNING	auth.login_falho	Tentativa de login falha: admin@auroraisp.com.br	\N	\N	127.0.0.1	2026-04-10 03:32:04.557797-03	\N	login_falho	auth	usuario	\N
127	INFO	auth.login	Login: aurora	\N	aurora	127.0.0.1	2026-04-10 03:32:19.651184-03	\N	login	auth	usuario	1
128	INFO	admin.gerenciar	gerenciar tenant	\N	aurora	127.0.0.1	2026-04-10 03:32:36.438578-03	3	gerenciar	admin	tenant	\N
129	INFO	admin.gerenciar	gerenciar tenant	\N	aurora	127.0.0.1	2026-04-10 03:32:38.923214-03	3	gerenciar	admin	tenant	\N
130	INFO	config.gerenciar	gerenciar perfil_permissao	\N	admin	127.0.0.1	2026-04-10 03:39:27.726983-03	7	gerenciar	config	perfil_permissao	\N
131	INFO	admin.criar	criar tenant	\N	aurora	127.0.0.1	2026-04-10 03:40:43.843844-03	3	criar	admin	tenant	\N
132	INFO	crm.salvar_fluxo	salvar_fluxo fluxo_atendimento	\N	admin	127.0.0.1	2026-04-10 04:04:23.376502-03	7	salvar_fluxo	crm	fluxo_atendimento	\N
133	INFO	auth.logout	Logout: aurora	\N	aurora	127.0.0.1	2026-04-10 04:14:10.019359-03	3	logout	auth	usuario	1
134	INFO	auth.login	Login: anne_fatepi	\N	anne_fatepi	127.0.0.1	2026-04-10 04:14:26.215407-03	\N	login	auth	usuario	15
135	INFO	crm.salvar_fluxo	salvar_fluxo fluxo_atendimento	\N	admin	127.0.0.1	2026-04-10 04:22:59.214411-03	7	salvar_fluxo	crm	fluxo_atendimento	\N
136	INFO	config.gerenciar	gerenciar perfil_permissao	\N	admin	127.0.0.1	2026-04-10 05:12:15.389981-03	7	gerenciar	config	perfil_permissao	\N
137	INFO	crm.salvar_fluxo	salvar_fluxo fluxo_atendimento	\N	admin	127.0.0.1	2026-04-10 06:49:09.554152-03	7	salvar_fluxo	crm	fluxo_atendimento	\N
138	INFO	inbox.enviar_mensagem	Mensagem enviada por anne_fatepi para Lucas Rodrigues	{"canal": "whatsapp"}	\N	\N	2026-04-10 07:14:54.545029-03	7	enviar_mensagem	inbox	conversa	55
139	INFO	inbox.resolver	Conversa resolvida: Lucas Rodrigues	\N	anne_fatepi	127.0.0.1	2026-04-10 07:16:38.499899-03	7	resolver	inbox	conversa	55
140	INFO	crm.atribuir	Responsavel atribuido: Anne Caroline para Lucas Rodrigues	\N	anne_fatepi	127.0.0.1	2026-04-10 07:27:05.800059-03	7	atribuir	crm	oportunidade	114
141	INFO	crm.salvar_fluxo	salvar_fluxo fluxo_atendimento	\N	admin	127.0.0.1	2026-04-10 10:56:49.869243-03	7	salvar_fluxo	crm	fluxo_atendimento	\N
\.


--
-- Data for Name: logs_integracao; Type: TABLE DATA; Schema: public; Owner: -
--

COPY public.logs_integracao (id, endpoint, metodo, payload_enviado, resposta_recebida, status_code, sucesso, mensagem_erro, tempo_resposta_ms, data_criacao, integracao_id, lead_id, tenant_id) FROM stdin;
\.


--
-- Data for Name: marketing_categoria_template; Type: TABLE DATA; Schema: public; Owner: -
--

COPY public.marketing_categoria_template (id, nome, icone, ordem, tenant_id) FROM stdin;
\.


--
-- Data for Name: marketing_envio_email; Type: TABLE DATA; Schema: public; Owner: -
--

COPY public.marketing_envio_email (id, email_destino, assunto_renderizado, status, tracking_id, enviado_em, aberto_em, clicado_em, erro_detalhe, automacao_id, lead_id, tenant_id, template_id) FROM stdin;
\.


--
-- Data for Name: marketing_template_email; Type: TABLE DATA; Schema: public; Owner: -
--

COPY public.marketing_template_email (id, nome, descricao, assunto, config_json, blocos_json, html_compilado, status, eh_modelo_base, thumbnail, criado_em, atualizado_em, categoria_id, criado_por_id, tenant_id) FROM stdin;
1	teste			{"largura": 600, "cor_fundo": "#f5f5f5", "fonte_padrao": "Arial, Helvetica, sans-serif", "cor_fundo_conteudo": "#ffffff"}	[]		rascunho	f		2026-04-07 00:00:27.055084-03	2026-04-07 00:00:27.055084-03	\N	1	3
\.


--
-- Data for Name: notificacoes_canalnotificacao; Type: TABLE DATA; Schema: public; Owner: -
--

COPY public.notificacoes_canalnotificacao (id, codigo, nome, ativo, configuracao, icone, tenant_id) FROM stdin;
1	whatsapp	WhatsApp	t	{}	fas fa-envelope	4
2	email	E-mail	t	{}	fas fa-envelope	4
3	sistema	Sistema	t	{}	fas fa-envelope	4
4	whatsapp	WhatsApp	t	{}	fas fa-envelope	3
5	email	E-mail	t	{}	fas fa-envelope	3
6	sistema	Sistema	t	{}	fas fa-envelope	3
7	sistema	S	t	{}	fas fa-envelope	5
\.


--
-- Data for Name: notificacoes_notificacao; Type: TABLE DATA; Schema: public; Owner: -
--

COPY public.notificacoes_notificacao (id, destinatario_email, destinatario_telefone, titulo, mensagem, dados_contexto, status, prioridade, tentativas, max_tentativas, data_criacao, data_envio, data_agendamento, n8n_webhook_id, n8n_execution_id, n8n_response, erro_detalhes, canal_id, destinatario_id, tenant_id, tipo_id) FROM stdin;
1	\N	\N	Novo lead: Ana Paula Ferreira	Lead cadastrado via indicacao	{}	enviada	normal	0	3	2026-04-03 22:49:27.239867-03	\N	\N	\N	\N	\N	\N	1	\N	4	1
2	\N	\N	Novo lead: Carlos Eduardo Souza	Lead cadastrado via instagram	{}	enviada	normal	0	3	2026-04-03 22:49:27.24742-03	\N	\N	\N	\N	\N	\N	1	\N	4	1
3	\N	\N	Novo lead: Fernanda Costa Lima	Lead cadastrado via indicacao	{}	enviada	normal	0	3	2026-04-03 22:49:27.249973-03	\N	\N	\N	\N	\N	\N	1	\N	4	1
4	\N	\N	Novo lead: Roberto Silva Neto	Lead cadastrado via facebook	{}	enviada	normal	0	3	2026-04-03 22:49:27.250966-03	\N	\N	\N	\N	\N	\N	1	\N	4	1
5	\N	\N	Novo lead: Juliana Mendes Rocha	Lead cadastrado via indicacao	{}	enviada	normal	0	3	2026-04-03 22:49:27.253352-03	\N	\N	\N	\N	\N	\N	1	\N	4	1
6	\N	\N	Novo lead: Pedro Henrique Almeida	Lead cadastrado via site	{}	enviada	normal	0	3	2026-04-03 22:49:27.254376-03	\N	\N	\N	\N	\N	\N	1	\N	4	1
7	\N	\N	Novo lead: Mariana Barbosa Santos	Lead cadastrado via google	{}	enviada	normal	0	3	2026-04-03 22:49:27.255894-03	\N	\N	\N	\N	\N	\N	1	\N	4	1
8	\N	\N	Novo lead: Lucas Gabriel Oliveira	Lead cadastrado via instagram	{}	enviada	normal	0	3	2026-04-03 22:49:27.256901-03	\N	\N	\N	\N	\N	\N	1	\N	4	1
15	\N	\N	Automação: Regra Automação 0	T1	{}	enviada	normal	0	3	2026-04-05 13:19:30.900153-03	\N	\N	\N	\N	\N	\N	7	\N	5	9
16	\N	\N	Automação: Novo lead: notificar equipe	Novo lead Lucas Rodrigues via whatsapp. Telefone: 555381521653	{}	enviada	normal	0	3	2026-04-06 21:27:03.356791-03	\N	\N	\N	\N	\N	\N	6	\N	3	5
17	\N	\N	Automação: Novo lead: notificar equipe	Novo lead Lead Teste Automacoes via site. Telefone: 5511999990000	{}	enviada	normal	0	3	2026-04-06 21:32:21.395901-03	\N	\N	\N	\N	\N	\N	6	\N	3	5
18	\N	\N	Automação: __TESTE__gatilho_lead_criado	Teste gatilho lead_criado	{}	enviada	normal	0	3	2026-04-06 21:32:21.421627-03	\N	\N	\N	\N	\N	\N	6	\N	3	5
19	\N	\N	Automação: Novo lead: notificar equipe	Novo lead Lead Teste Automacoes via {{lead_origem}}. Telefone: 5511999990000	{}	enviada	normal	0	3	2026-04-06 21:32:21.427149-03	\N	\N	\N	\N	\N	\N	6	\N	3	5
20	\N	\N	Automação: __TESTE__gatilho_lead_qualificado	Teste gatilho lead_qualificado	{}	enviada	normal	0	3	2026-04-06 21:32:21.439112-03	\N	\N	\N	\N	\N	\N	6	\N	3	5
21	\N	\N	Automação: __TESTE__gatilho_oportunidade_movida	Teste gatilho oportunidade_movida	{}	enviada	normal	0	3	2026-04-06 21:32:21.450463-03	\N	\N	\N	\N	\N	\N	6	\N	3	5
22	\N	\N	Automação: __TESTE__gatilho_venda_aprovada	Teste gatilho venda_aprovada	{}	enviada	normal	0	3	2026-04-06 21:32:21.470495-03	\N	\N	\N	\N	\N	\N	6	\N	3	5
23	\N	\N	Automação: __TESTE__gatilho_docs_validados	Teste gatilho docs_validados	{}	enviada	normal	0	3	2026-04-06 21:32:21.482217-03	\N	\N	\N	\N	\N	\N	6	\N	3	5
24	\N	\N	Automação: __TESTE__acao_notificacao_sistema	Teste notificacao para Lead Teste Automacoes	{}	enviada	normal	0	3	2026-04-06 21:32:21.493738-03	\N	\N	\N	\N	\N	\N	6	\N	3	5
25	\N	\N	Automação: __TESTE__gatilho_lead_criado	Teste gatilho lead_criado	{}	enviada	normal	0	3	2026-04-06 21:32:21.497866-03	\N	\N	\N	\N	\N	\N	6	\N	3	5
26	\N	\N	Automação: Novo lead: notificar equipe	Novo lead Lead Teste Automacoes via {{lead_origem}}. Telefone: 5511999990000	{}	enviada	normal	0	3	2026-04-06 21:32:21.504134-03	\N	\N	\N	\N	\N	\N	6	\N	3	5
27	\N	\N	Automação: __TESTE__acao_notificacao_sistema	Teste notificacao para Lead Teste Automacoes	{}	enviada	normal	0	3	2026-04-06 21:32:21.532252-03	\N	\N	\N	\N	\N	\N	6	\N	3	5
28	\N	\N	Automação: __TESTE__gatilho_lead_criado	Teste gatilho lead_criado	{}	enviada	normal	0	3	2026-04-06 21:32:21.538043-03	\N	\N	\N	\N	\N	\N	6	\N	3	5
29	\N	\N	Automação: Novo lead: notificar equipe	Novo lead Lead Teste Automacoes via {{lead_origem}}. Telefone: 5511999990000	{}	enviada	normal	0	3	2026-04-06 21:32:21.543588-03	\N	\N	\N	\N	\N	\N	6	\N	3	5
30	\N	\N	Automação: __TESTE__acao_notificacao_sistema	Teste notificacao para Lead Teste Automacoes	{}	enviada	normal	0	3	2026-04-06 21:32:21.567973-03	\N	\N	\N	\N	\N	\N	6	\N	3	5
31	\N	\N	Automação: __TESTE__gatilho_lead_criado	Teste gatilho lead_criado	{}	enviada	normal	0	3	2026-04-06 21:32:21.573597-03	\N	\N	\N	\N	\N	\N	6	\N	3	5
32	\N	\N	Automação: Novo lead: notificar equipe	Novo lead Lead Teste Automacoes via {{lead_origem}}. Telefone: 5511999990000	{}	enviada	normal	0	3	2026-04-06 21:32:21.57925-03	\N	\N	\N	\N	\N	\N	6	\N	3	5
33	\N	\N	Automação: __TESTE__delay	Pos-delay executado!	{}	enviada	normal	0	3	2026-04-06 21:32:21.58905-03	\N	\N	\N	\N	\N	\N	6	\N	3	5
34	\N	\N	Automação: __TESTE__ratelimit	Rate limit test	{}	enviada	normal	0	3	2026-04-06 21:32:21.612162-03	\N	\N	\N	\N	\N	\N	6	\N	3	5
35	\N	\N	Automação: __TESTE__acao_notificacao_sistema	Teste notificacao para Lead Teste Automacoes	{}	enviada	normal	0	3	2026-04-06 21:32:21.636067-03	\N	\N	\N	\N	\N	\N	6	\N	3	5
36	\N	\N	Automação: __TESTE__gatilho_lead_criado	Teste gatilho lead_criado	{}	enviada	normal	0	3	2026-04-06 21:32:21.644713-03	\N	\N	\N	\N	\N	\N	6	\N	3	5
37	\N	\N	Automação: Novo lead: notificar equipe	Novo lead Lead Teste Automacoes via {{lead_origem}}. Telefone: 5511999990000	{}	enviada	normal	0	3	2026-04-06 21:32:21.650595-03	\N	\N	\N	\N	\N	\N	6	\N	3	5
38	\N	\N	Automação: __TESTE__ratelimit	Rate limit test	{}	enviada	normal	0	3	2026-04-06 21:32:21.661659-03	\N	\N	\N	\N	\N	\N	6	\N	3	5
39	\N	\N	Automação: __TESTE__acao_notificacao_sistema	Teste notificacao para Lead Teste Automacoes	{}	enviada	normal	0	3	2026-04-06 21:32:21.675561-03	\N	\N	\N	\N	\N	\N	6	\N	3	5
40	\N	\N	Automação: __TESTE__gatilho_lead_criado	Teste gatilho lead_criado	{}	enviada	normal	0	3	2026-04-06 21:32:21.681073-03	\N	\N	\N	\N	\N	\N	6	\N	3	5
41	\N	\N	Automação: Novo lead: notificar equipe	Novo lead Lead Teste Automacoes via {{lead_origem}}. Telefone: 5511999990000	{}	enviada	normal	0	3	2026-04-06 21:32:21.685826-03	\N	\N	\N	\N	\N	\N	6	\N	3	5
42	\N	\N	Automação: __TESTE__acao_notificacao_sistema	Teste notificacao para Lead Teste Automacoes	{}	enviada	normal	0	3	2026-04-06 21:32:21.705815-03	\N	\N	\N	\N	\N	\N	6	\N	3	5
43	\N	\N	Automação: __TESTE__gatilho_lead_criado	Teste gatilho lead_criado	{}	enviada	normal	0	3	2026-04-06 21:32:21.710823-03	\N	\N	\N	\N	\N	\N	6	\N	3	5
44	\N	\N	Automação: Novo lead: notificar equipe	Novo lead Lead Teste Automacoes via {{lead_origem}}. Telefone: 5511999990000	{}	enviada	normal	0	3	2026-04-06 21:32:21.719362-03	\N	\N	\N	\N	\N	\N	6	\N	3	5
45	\N	\N	Automação: __TESTE__fluxo_completo	Lead qualificado: Lead Teste Automacoes (score > 5)	{}	enviada	normal	0	3	2026-04-06 21:32:21.754294-03	\N	\N	\N	\N	\N	\N	6	\N	3	5
46	\N	\N	Automação: __TESTE__acao_notificacao_sistema	Teste notificacao para Lead Teste Automacoes	{}	enviada	normal	0	3	2026-04-06 21:32:21.782284-03	\N	\N	\N	\N	\N	\N	6	\N	3	5
47	\N	\N	Automação: __TESTE__gatilho_lead_criado	Teste gatilho lead_criado	{}	enviada	normal	0	3	2026-04-06 21:32:21.789062-03	\N	\N	\N	\N	\N	\N	6	\N	3	5
48	\N	\N	Automação: Novo lead: notificar equipe	Novo lead Lead Teste Automacoes via {{lead_origem}}. Telefone: 5511999990000	{}	enviada	normal	0	3	2026-04-06 21:32:21.795878-03	\N	\N	\N	\N	\N	\N	6	\N	3	5
49	\N	\N	Automação: __TESTE__fluxo_completo	Lead qualificado: Lead Teste Automacoes (score > 5)	{}	enviada	normal	0	3	2026-04-06 21:32:49.393182-03	\N	\N	\N	\N	\N	\N	6	\N	3	5
50	\N	\N	Automação: __TESTE__ratelimit	Rate limit test	{}	enviada	normal	0	3	2026-04-06 21:32:49.416279-03	\N	\N	\N	\N	\N	\N	6	\N	3	5
51	\N	\N	Automação: __TESTE__acao_notificacao_sistema	Teste notificacao para Lead Teste Automacoes	{}	enviada	normal	0	3	2026-04-06 21:32:49.435852-03	\N	\N	\N	\N	\N	\N	6	\N	3	5
52	\N	\N	Automação: __TESTE__gatilho_lead_criado	Teste gatilho lead_criado	{}	enviada	normal	0	3	2026-04-06 21:32:49.440495-03	\N	\N	\N	\N	\N	\N	6	\N	3	5
53	\N	\N	Automação: Novo lead: notificar equipe	Novo lead Lead Teste Automacoes via site. Telefone: 5511999990000	{}	enviada	normal	0	3	2026-04-06 21:32:49.446725-03	\N	\N	\N	\N	\N	\N	6	\N	3	5
54	\N	\N	Automação: __TESTE__gatilho_lead_criado	Teste gatilho lead_criado	{}	enviada	normal	0	3	2026-04-06 21:32:49.476428-03	\N	\N	\N	\N	\N	\N	6	\N	3	5
55	\N	\N	Automação: __TESTE__fluxo_completo	Lead qualificado: Lead Teste Automacoes (score > 5)	{}	enviada	normal	0	3	2026-04-06 21:32:49.484611-03	\N	\N	\N	\N	\N	\N	6	\N	3	5
56	\N	\N	Automação: __TESTE__ratelimit	Rate limit test	{}	enviada	normal	0	3	2026-04-06 21:32:49.495589-03	\N	\N	\N	\N	\N	\N	6	\N	3	5
57	\N	\N	Automação: __TESTE__acao_notificacao_sistema	Teste notificacao para Lead Teste Automacoes	{}	enviada	normal	0	3	2026-04-06 21:32:49.51228-03	\N	\N	\N	\N	\N	\N	6	\N	3	5
58	\N	\N	Automação: __TESTE__gatilho_lead_criado	Teste gatilho lead_criado	{}	enviada	normal	0	3	2026-04-06 21:32:49.516878-03	\N	\N	\N	\N	\N	\N	6	\N	3	5
59	\N	\N	Automação: Novo lead: notificar equipe	Novo lead Lead Teste Automacoes via {{lead_origem}}. Telefone: 5511999990000	{}	enviada	normal	0	3	2026-04-06 21:32:49.523773-03	\N	\N	\N	\N	\N	\N	6	\N	3	5
60	\N	\N	Automação: __TESTE__gatilho_lead_qualificado	Teste gatilho lead_qualificado	{}	enviada	normal	0	3	2026-04-06 21:32:49.537966-03	\N	\N	\N	\N	\N	\N	6	\N	3	5
61	\N	\N	Automação: __TESTE__gatilho_lead_qualificado	Teste gatilho lead_qualificado	{}	enviada	normal	0	3	2026-04-06 21:32:49.543583-03	\N	\N	\N	\N	\N	\N	6	\N	3	5
62	\N	\N	Automação: __TESTE__gatilho_oportunidade_movida	Teste gatilho oportunidade_movida	{}	enviada	normal	0	3	2026-04-06 21:32:49.556905-03	\N	\N	\N	\N	\N	\N	6	\N	3	5
63	\N	\N	Automação: __TESTE__gatilho_oportunidade_movida	Teste gatilho oportunidade_movida	{}	enviada	normal	0	3	2026-04-06 21:32:49.562976-03	\N	\N	\N	\N	\N	\N	6	\N	3	5
64	\N	\N	Automação: __TESTE__gatilho_venda_aprovada	Teste gatilho venda_aprovada	{}	enviada	normal	0	3	2026-04-06 21:32:49.57773-03	\N	\N	\N	\N	\N	\N	6	\N	3	5
65	\N	\N	Automação: __TESTE__gatilho_venda_aprovada	Teste gatilho venda_aprovada	{}	enviada	normal	0	3	2026-04-06 21:32:49.583219-03	\N	\N	\N	\N	\N	\N	6	\N	3	5
66	\N	\N	Automação: __TESTE__gatilho_docs_validados	Teste gatilho docs_validados	{}	enviada	normal	0	3	2026-04-06 21:32:49.595601-03	\N	\N	\N	\N	\N	\N	6	\N	3	5
67	\N	\N	Automação: __TESTE__gatilho_docs_validados	Teste gatilho docs_validados	{}	enviada	normal	0	3	2026-04-06 21:32:49.601734-03	\N	\N	\N	\N	\N	\N	6	\N	3	5
68	\N	\N	Automação: __TESTE__acao_notificacao_sistema	Teste notificacao para Lead Teste Automacoes	{}	enviada	normal	0	3	2026-04-06 21:32:49.618817-03	\N	\N	\N	\N	\N	\N	6	\N	3	5
69	\N	\N	Automação: __TESTE__gatilho_lead_criado	Teste gatilho lead_criado	{}	enviada	normal	0	3	2026-04-06 21:32:49.627716-03	\N	\N	\N	\N	\N	\N	6	\N	3	5
70	\N	\N	Automação: __TESTE__fluxo_completo	Lead qualificado: Lead Teste Automacoes (score > 5)	{}	enviada	normal	0	3	2026-04-06 21:32:49.635532-03	\N	\N	\N	\N	\N	\N	6	\N	3	5
71	\N	\N	Automação: __TESTE__acao_notificacao_sistema	Teste notificacao para Lead Teste Automacoes	{}	enviada	normal	0	3	2026-04-06 21:32:49.651689-03	\N	\N	\N	\N	\N	\N	6	\N	3	5
72	\N	\N	Automação: __TESTE__gatilho_lead_criado	Teste gatilho lead_criado	{}	enviada	normal	0	3	2026-04-06 21:32:49.655704-03	\N	\N	\N	\N	\N	\N	6	\N	3	5
73	\N	\N	Automação: Novo lead: notificar equipe	Novo lead Lead Teste Automacoes via {{lead_origem}}. Telefone: 5511999990000	{}	enviada	normal	0	3	2026-04-06 21:32:49.662414-03	\N	\N	\N	\N	\N	\N	6	\N	3	5
74	\N	\N	Automação: __TESTE__acao_notificacao_sistema	Teste notificacao para Lead Teste Automacoes	{}	enviada	normal	0	3	2026-04-06 21:32:49.681089-03	\N	\N	\N	\N	\N	\N	6	\N	3	5
75	\N	\N	Automação: __TESTE__gatilho_lead_criado	Teste gatilho lead_criado	{}	enviada	normal	0	3	2026-04-06 21:32:49.685694-03	\N	\N	\N	\N	\N	\N	6	\N	3	5
76	\N	\N	Automação: __TESTE__fluxo_completo	Lead qualificado: Lead Teste Automacoes (score > 5)	{}	enviada	normal	0	3	2026-04-06 21:32:49.690238-03	\N	\N	\N	\N	\N	\N	6	\N	3	5
77	\N	\N	Automação: __TESTE__acao_notificacao_sistema	Teste notificacao para Lead Teste Automacoes	{}	enviada	normal	0	3	2026-04-06 21:32:49.703525-03	\N	\N	\N	\N	\N	\N	6	\N	3	5
78	\N	\N	Automação: __TESTE__gatilho_lead_criado	Teste gatilho lead_criado	{}	enviada	normal	0	3	2026-04-06 21:32:49.708642-03	\N	\N	\N	\N	\N	\N	6	\N	3	5
79	\N	\N	Automação: Novo lead: notificar equipe	Novo lead Lead Teste Automacoes via {{lead_origem}}. Telefone: 5511999990000	{}	enviada	normal	0	3	2026-04-06 21:32:49.712642-03	\N	\N	\N	\N	\N	\N	6	\N	3	5
80	\N	\N	Automação: __TESTE__acao_notificacao_sistema	Teste notificacao para Lead Teste Automacoes	{}	enviada	normal	0	3	2026-04-06 21:32:49.730419-03	\N	\N	\N	\N	\N	\N	6	\N	3	5
81	\N	\N	Automação: __TESTE__gatilho_lead_criado	Teste gatilho lead_criado	{}	enviada	normal	0	3	2026-04-06 21:32:49.734486-03	\N	\N	\N	\N	\N	\N	6	\N	3	5
82	\N	\N	Automação: __TESTE__fluxo_completo	Lead qualificado: Lead Teste Automacoes (score > 5)	{}	enviada	normal	0	3	2026-04-06 21:32:49.739673-03	\N	\N	\N	\N	\N	\N	6	\N	3	5
83	\N	\N	Automação: __TESTE__acao_notificacao_sistema	Teste notificacao para Lead Teste Automacoes	{}	enviada	normal	0	3	2026-04-06 21:32:49.752015-03	\N	\N	\N	\N	\N	\N	6	\N	3	5
84	\N	\N	Automação: __TESTE__gatilho_lead_criado	Teste gatilho lead_criado	{}	enviada	normal	0	3	2026-04-06 21:32:49.756247-03	\N	\N	\N	\N	\N	\N	6	\N	3	5
85	\N	\N	Automação: Novo lead: notificar equipe	Novo lead Lead Teste Automacoes via {{lead_origem}}. Telefone: 5511999990000	{}	enviada	normal	0	3	2026-04-06 21:32:49.761245-03	\N	\N	\N	\N	\N	\N	6	\N	3	5
86	\N	\N	Automação: __TESTE__delay	Pos-delay executado!	{}	enviada	normal	0	3	2026-04-06 21:32:49.769036-03	\N	\N	\N	\N	\N	\N	6	\N	3	5
87	\N	\N	Automação: __TESTE__ratelimit	Rate limit test	{}	enviada	normal	0	3	2026-04-06 21:32:49.784828-03	\N	\N	\N	\N	\N	\N	6	\N	3	5
88	\N	\N	Automação: __TESTE__acao_notificacao_sistema	Teste notificacao para Lead Teste Automacoes	{}	enviada	normal	0	3	2026-04-06 21:32:49.797265-03	\N	\N	\N	\N	\N	\N	6	\N	3	5
89	\N	\N	Automação: __TESTE__gatilho_lead_criado	Teste gatilho lead_criado	{}	enviada	normal	0	3	2026-04-06 21:32:49.80122-03	\N	\N	\N	\N	\N	\N	6	\N	3	5
90	\N	\N	Automação: __TESTE__fluxo_completo	Lead qualificado: Lead Teste Automacoes (score > 5)	{}	enviada	normal	0	3	2026-04-06 21:32:49.807498-03	\N	\N	\N	\N	\N	\N	6	\N	3	5
91	\N	\N	Automação: __TESTE__acao_notificacao_sistema	Teste notificacao para Lead Teste Automacoes	{}	enviada	normal	0	3	2026-04-06 21:32:49.820624-03	\N	\N	\N	\N	\N	\N	6	\N	3	5
92	\N	\N	Automação: __TESTE__gatilho_lead_criado	Teste gatilho lead_criado	{}	enviada	normal	0	3	2026-04-06 21:32:49.826204-03	\N	\N	\N	\N	\N	\N	6	\N	3	5
93	\N	\N	Automação: Novo lead: notificar equipe	Novo lead Lead Teste Automacoes via {{lead_origem}}. Telefone: 5511999990000	{}	enviada	normal	0	3	2026-04-06 21:32:49.831974-03	\N	\N	\N	\N	\N	\N	6	\N	3	5
94	\N	\N	Automação: __TESTE__ratelimit	Rate limit test	{}	enviada	normal	0	3	2026-04-06 21:32:49.841086-03	\N	\N	\N	\N	\N	\N	6	\N	3	5
95	\N	\N	Automação: __TESTE__acao_notificacao_sistema	Teste notificacao para Lead Teste Automacoes	{}	enviada	normal	0	3	2026-04-06 21:32:49.852659-03	\N	\N	\N	\N	\N	\N	6	\N	3	5
96	\N	\N	Automação: __TESTE__gatilho_lead_criado	Teste gatilho lead_criado	{}	enviada	normal	0	3	2026-04-06 21:32:49.856654-03	\N	\N	\N	\N	\N	\N	6	\N	3	5
97	\N	\N	Automação: __TESTE__fluxo_completo	Lead qualificado: Lead Teste Automacoes (score > 5)	{}	enviada	normal	0	3	2026-04-06 21:32:49.862551-03	\N	\N	\N	\N	\N	\N	6	\N	3	5
98	\N	\N	Automação: __TESTE__acao_notificacao_sistema	Teste notificacao para Lead Teste Automacoes	{}	enviada	normal	0	3	2026-04-06 21:32:49.877161-03	\N	\N	\N	\N	\N	\N	6	\N	3	5
99	\N	\N	Automação: __TESTE__gatilho_lead_criado	Teste gatilho lead_criado	{}	enviada	normal	0	3	2026-04-06 21:32:49.883291-03	\N	\N	\N	\N	\N	\N	6	\N	3	5
100	\N	\N	Automação: Novo lead: notificar equipe	Novo lead Lead Teste Automacoes via {{lead_origem}}. Telefone: 5511999990000	{}	enviada	normal	0	3	2026-04-06 21:32:49.889305-03	\N	\N	\N	\N	\N	\N	6	\N	3	5
101	\N	\N	Automação: __TESTE__acao_notificacao_sistema	Teste notificacao para Lead Teste Automacoes	{}	enviada	normal	0	3	2026-04-06 21:32:49.916001-03	\N	\N	\N	\N	\N	\N	6	\N	3	5
102	\N	\N	Automação: __TESTE__gatilho_lead_criado	Teste gatilho lead_criado	{}	enviada	normal	0	3	2026-04-06 21:32:49.920541-03	\N	\N	\N	\N	\N	\N	6	\N	3	5
103	\N	\N	Automação: __TESTE__fluxo_completo	Lead qualificado: Lead Teste Automacoes (score > 5)	{}	enviada	normal	0	3	2026-04-06 21:32:49.928631-03	\N	\N	\N	\N	\N	\N	6	\N	3	5
104	\N	\N	Automação: __TESTE__acao_notificacao_sistema	Teste notificacao para Lead Teste Automacoes	{}	enviada	normal	0	3	2026-04-06 21:32:49.940432-03	\N	\N	\N	\N	\N	\N	6	\N	3	5
105	\N	\N	Automação: __TESTE__gatilho_lead_criado	Teste gatilho lead_criado	{}	enviada	normal	0	3	2026-04-06 21:32:49.943667-03	\N	\N	\N	\N	\N	\N	6	\N	3	5
106	\N	\N	Automação: Novo lead: notificar equipe	Novo lead Lead Teste Automacoes via {{lead_origem}}. Telefone: 5511999990000	{}	enviada	normal	0	3	2026-04-06 21:32:49.947502-03	\N	\N	\N	\N	\N	\N	6	\N	3	5
107	\N	\N	Automação: __TESTE__fluxo_completo	Lead qualificado: Lead Teste Automacoes (score > 5)	{}	enviada	normal	0	3	2026-04-06 21:32:49.963131-03	\N	\N	\N	\N	\N	\N	6	\N	3	5
108	\N	\N	Automação: __TESTE__acao_notificacao_sistema	Teste notificacao para Lead Teste Automacoes	{}	enviada	normal	0	3	2026-04-06 21:32:49.975836-03	\N	\N	\N	\N	\N	\N	6	\N	3	5
109	\N	\N	Automação: __TESTE__gatilho_lead_criado	Teste gatilho lead_criado	{}	enviada	normal	0	3	2026-04-06 21:32:49.978836-03	\N	\N	\N	\N	\N	\N	6	\N	3	5
110	\N	\N	Automação: __TESTE__fluxo_completo	Lead qualificado: Lead Teste Automacoes (score > 5)	{}	enviada	normal	0	3	2026-04-06 21:32:49.984528-03	\N	\N	\N	\N	\N	\N	6	\N	3	5
111	\N	\N	Automação: __TESTE__acao_notificacao_sistema	Teste notificacao para Lead Teste Automacoes	{}	enviada	normal	0	3	2026-04-06 21:32:49.996495-03	\N	\N	\N	\N	\N	\N	6	\N	3	5
112	\N	\N	Automação: __TESTE__gatilho_lead_criado	Teste gatilho lead_criado	{}	enviada	normal	0	3	2026-04-06 21:32:50.000975-03	\N	\N	\N	\N	\N	\N	6	\N	3	5
113	\N	\N	Automação: Novo lead: notificar equipe	Novo lead Lead Teste Automacoes via {{lead_origem}}. Telefone: 5511999990000	{}	enviada	normal	0	3	2026-04-06 21:32:50.0079-03	\N	\N	\N	\N	\N	\N	6	\N	3	5
114	\N	\N	Automação: Novo lead: notificar equipe	Novo lead Lead Teste Automacoes via site. Telefone: 5511999990000	{}	enviada	normal	0	3	2026-04-06 22:00:11.93237-03	\N	\N	\N	\N	\N	\N	6	\N	3	5
115	\N	\N	Automação: __TESTE__gatilho_lead_criado	Teste gatilho lead_criado	{}	enviada	normal	0	3	2026-04-06 22:00:12.021059-03	\N	\N	\N	\N	\N	\N	6	\N	3	5
116	\N	\N	Automação: Novo lead: notificar equipe	Novo lead Lead Teste Automacoes via {{lead_origem}}. Telefone: 5511999990000	{}	enviada	normal	0	3	2026-04-06 22:00:12.036082-03	\N	\N	\N	\N	\N	\N	6	\N	3	5
117	\N	\N	Automação: __TESTE__gatilho_lead_qualificado	Teste gatilho lead_qualificado	{}	enviada	normal	0	3	2026-04-06 22:00:12.063795-03	\N	\N	\N	\N	\N	\N	6	\N	3	5
118	\N	\N	Automação: __TESTE__gatilho_oportunidade_movida	Teste gatilho oportunidade_movida	{}	enviada	normal	0	3	2026-04-06 22:00:12.093269-03	\N	\N	\N	\N	\N	\N	6	\N	3	5
119	\N	\N	Automação: __TESTE__gatilho_venda_aprovada	Teste gatilho venda_aprovada	{}	enviada	normal	0	3	2026-04-06 22:00:12.131487-03	\N	\N	\N	\N	\N	\N	6	\N	3	5
120	\N	\N	Automação: __TESTE__gatilho_docs_validados	Teste gatilho docs_validados	{}	enviada	normal	0	3	2026-04-06 22:00:12.170135-03	\N	\N	\N	\N	\N	\N	6	\N	3	5
121	\N	\N	Automação: __TESTE__acao_notificacao_sistema	Teste notificacao para Lead Teste Automacoes	{}	enviada	normal	0	3	2026-04-06 22:00:12.226933-03	\N	\N	\N	\N	\N	\N	6	\N	3	5
122	\N	\N	Automação: __TESTE__gatilho_lead_criado	Teste gatilho lead_criado	{}	enviada	normal	0	3	2026-04-06 22:00:12.252806-03	\N	\N	\N	\N	\N	\N	6	\N	3	5
123	\N	\N	Automação: Novo lead: notificar equipe	Novo lead Lead Teste Automacoes via {{lead_origem}}. Telefone: 5511999990000	{}	enviada	normal	0	3	2026-04-06 22:00:12.27895-03	\N	\N	\N	\N	\N	\N	6	\N	3	5
124	\N	\N	Automação: __TESTE__acao_notificacao_sistema	Teste notificacao para Lead Teste Automacoes	{}	enviada	normal	0	3	2026-04-06 22:00:12.361579-03	\N	\N	\N	\N	\N	\N	6	\N	3	5
125	\N	\N	Automação: __TESTE__gatilho_lead_criado	Teste gatilho lead_criado	{}	enviada	normal	0	3	2026-04-06 22:00:12.380698-03	\N	\N	\N	\N	\N	\N	6	\N	3	5
126	\N	\N	Automação: Novo lead: notificar equipe	Novo lead Lead Teste Automacoes via {{lead_origem}}. Telefone: 5511999990000	{}	enviada	normal	0	3	2026-04-06 22:00:12.39759-03	\N	\N	\N	\N	\N	\N	6	\N	3	5
127	\N	\N	Automação: __TESTE__acao_notificacao_sistema	Teste notificacao para Lead Teste Automacoes	{}	enviada	normal	0	3	2026-04-06 22:00:12.480625-03	\N	\N	\N	\N	\N	\N	6	\N	3	5
128	\N	\N	Automação: __TESTE__gatilho_lead_criado	Teste gatilho lead_criado	{}	enviada	normal	0	3	2026-04-06 22:00:12.502227-03	\N	\N	\N	\N	\N	\N	6	\N	3	5
129	\N	\N	Automação: Novo lead: notificar equipe	Novo lead Lead Teste Automacoes via {{lead_origem}}. Telefone: 5511999990000	{}	enviada	normal	0	3	2026-04-06 22:00:12.527484-03	\N	\N	\N	\N	\N	\N	6	\N	3	5
130	\N	\N	Automação: __TESTE__delay	Pos-delay executado!	{}	enviada	normal	0	3	2026-04-06 22:00:12.580575-03	\N	\N	\N	\N	\N	\N	6	\N	3	5
131	\N	\N	Automação: __TESTE__ratelimit	Rate limit test	{}	enviada	normal	0	3	2026-04-06 22:00:12.627461-03	\N	\N	\N	\N	\N	\N	6	\N	3	5
132	\N	\N	Automação: __TESTE__acao_notificacao_sistema	Teste notificacao para Lead Teste Automacoes	{}	enviada	normal	0	3	2026-04-06 22:00:12.660335-03	\N	\N	\N	\N	\N	\N	6	\N	3	5
133	\N	\N	Automação: __TESTE__gatilho_lead_criado	Teste gatilho lead_criado	{}	enviada	normal	0	3	2026-04-06 22:00:12.672351-03	\N	\N	\N	\N	\N	\N	6	\N	3	5
134	\N	\N	Automação: Novo lead: notificar equipe	Novo lead Lead Teste Automacoes via {{lead_origem}}. Telefone: 5511999990000	{}	enviada	normal	0	3	2026-04-06 22:00:12.684703-03	\N	\N	\N	\N	\N	\N	6	\N	3	5
135	\N	\N	Automação: __TESTE__ratelimit	Rate limit test	{}	enviada	normal	0	3	2026-04-06 22:00:12.71715-03	\N	\N	\N	\N	\N	\N	6	\N	3	5
136	\N	\N	Automação: __TESTE__acao_notificacao_sistema	Teste notificacao para Lead Teste Automacoes	{}	enviada	normal	0	3	2026-04-06 22:00:12.76612-03	\N	\N	\N	\N	\N	\N	6	\N	3	5
137	\N	\N	Automação: __TESTE__gatilho_lead_criado	Teste gatilho lead_criado	{}	enviada	normal	0	3	2026-04-06 22:00:12.787911-03	\N	\N	\N	\N	\N	\N	6	\N	3	5
138	\N	\N	Automação: Novo lead: notificar equipe	Novo lead Lead Teste Automacoes via {{lead_origem}}. Telefone: 5511999990000	{}	enviada	normal	0	3	2026-04-06 22:00:12.80623-03	\N	\N	\N	\N	\N	\N	6	\N	3	5
139	\N	\N	Automação: __TESTE__acao_notificacao_sistema	Teste notificacao para Lead Teste Automacoes	{}	enviada	normal	0	3	2026-04-06 22:00:12.882218-03	\N	\N	\N	\N	\N	\N	6	\N	3	5
140	\N	\N	Automação: __TESTE__gatilho_lead_criado	Teste gatilho lead_criado	{}	enviada	normal	0	3	2026-04-06 22:00:12.896005-03	\N	\N	\N	\N	\N	\N	6	\N	3	5
141	\N	\N	Automação: Novo lead: notificar equipe	Novo lead Lead Teste Automacoes via {{lead_origem}}. Telefone: 5511999990000	{}	enviada	normal	0	3	2026-04-06 22:00:12.909775-03	\N	\N	\N	\N	\N	\N	6	\N	3	5
142	\N	\N	Automação: __TESTE__fluxo_completo	Lead qualificado: Lead Teste Automacoes (score > 5)	{}	enviada	normal	0	3	2026-04-06 22:00:12.94603-03	\N	\N	\N	\N	\N	\N	6	\N	3	5
143	\N	\N	Automação: __TESTE__acao_notificacao_sistema	Teste notificacao para Lead Teste Automacoes	{}	enviada	normal	0	3	2026-04-06 22:00:12.992635-03	\N	\N	\N	\N	\N	\N	6	\N	3	5
144	\N	\N	Automação: __TESTE__gatilho_lead_criado	Teste gatilho lead_criado	{}	enviada	normal	0	3	2026-04-06 22:00:13.012958-03	\N	\N	\N	\N	\N	\N	6	\N	3	5
145	\N	\N	Automação: Novo lead: notificar equipe	Novo lead Lead Teste Automacoes via {{lead_origem}}. Telefone: 5511999990000	{}	enviada	normal	0	3	2026-04-06 22:00:13.033478-03	\N	\N	\N	\N	\N	\N	6	\N	3	5
146	\N	\N	Automação: __TESTE__gatilho_lead_criado	Teste gatilho lead_criado	{}	enviada	normal	0	3	2026-04-06 22:18:24.523023-03	\N	\N	\N	\N	\N	\N	6	\N	3	5
147	\N	\N	Automação: Novo lead: notificar equipe	Novo lead Lead Teste Automacoes via {{lead_origem}}. Telefone: 5511999990000	{}	enviada	normal	0	3	2026-04-06 22:18:24.547442-03	\N	\N	\N	\N	\N	\N	6	\N	3	5
148	\N	\N	Automação: __TESTE__gatilho_lead_qualificado	Teste gatilho lead_qualificado	{}	enviada	normal	0	3	2026-04-06 22:18:24.57375-03	\N	\N	\N	\N	\N	\N	6	\N	3	5
149	\N	\N	Automação: __TESTE__gatilho_oportunidade_movida	Teste gatilho oportunidade_movida	{}	enviada	normal	0	3	2026-04-06 22:18:24.59897-03	\N	\N	\N	\N	\N	\N	6	\N	3	5
150	\N	\N	Automação: __TESTE__gatilho_venda_aprovada	Teste gatilho venda_aprovada	{}	enviada	normal	0	3	2026-04-06 22:18:24.630895-03	\N	\N	\N	\N	\N	\N	6	\N	3	5
151	\N	\N	Automação: __TESTE__gatilho_docs_validados	Teste gatilho docs_validados	{}	enviada	normal	0	3	2026-04-06 22:18:24.655592-03	\N	\N	\N	\N	\N	\N	6	\N	3	5
152	\N	\N	Automação: __TESTE__acao_notificacao_sistema	Teste notificacao para Lead Teste Automacoes	{}	enviada	normal	0	3	2026-04-06 22:18:24.678075-03	\N	\N	\N	\N	\N	\N	6	\N	3	5
153	\N	\N	Automação: __TESTE__gatilho_lead_criado	Teste gatilho lead_criado	{}	enviada	normal	0	3	2026-04-06 22:18:24.691783-03	\N	\N	\N	\N	\N	\N	6	\N	3	5
154	\N	\N	Automação: Novo lead: notificar equipe	Novo lead Lead Teste Automacoes via {{lead_origem}}. Telefone: 5511999990000	{}	enviada	normal	0	3	2026-04-06 22:18:24.70415-03	\N	\N	\N	\N	\N	\N	6	\N	3	5
155	\N	\N	Automação: __TESTE__acao_notificacao_sistema	Teste notificacao para Lead Teste Automacoes	{}	enviada	normal	0	3	2026-04-06 22:18:24.740659-03	\N	\N	\N	\N	\N	\N	6	\N	3	5
156	\N	\N	Automação: __TESTE__gatilho_lead_criado	Teste gatilho lead_criado	{}	enviada	normal	0	3	2026-04-06 22:18:24.750622-03	\N	\N	\N	\N	\N	\N	6	\N	3	5
157	\N	\N	Automação: Novo lead: notificar equipe	Novo lead Lead Teste Automacoes via {{lead_origem}}. Telefone: 5511999990000	{}	enviada	normal	0	3	2026-04-06 22:18:24.761159-03	\N	\N	\N	\N	\N	\N	6	\N	3	5
158	\N	\N	Automação: __TESTE__acao_notificacao_sistema	Teste notificacao para Lead Teste Automacoes	{}	enviada	normal	0	3	2026-04-06 22:18:24.804896-03	\N	\N	\N	\N	\N	\N	6	\N	3	5
159	\N	\N	Automação: __TESTE__gatilho_lead_criado	Teste gatilho lead_criado	{}	enviada	normal	0	3	2026-04-06 22:18:24.815012-03	\N	\N	\N	\N	\N	\N	6	\N	3	5
160	\N	\N	Automação: Novo lead: notificar equipe	Novo lead Lead Teste Automacoes via {{lead_origem}}. Telefone: 5511999990000	{}	enviada	normal	0	3	2026-04-06 22:18:24.824588-03	\N	\N	\N	\N	\N	\N	6	\N	3	5
161	\N	\N	Automação: __TESTE__delay	Pos-delay executado!	{}	enviada	normal	0	3	2026-04-06 22:18:24.847959-03	\N	\N	\N	\N	\N	\N	6	\N	3	5
162	\N	\N	Automação: __TESTE__ratelimit	Rate limit test	{}	enviada	normal	0	3	2026-04-06 22:18:24.884471-03	\N	\N	\N	\N	\N	\N	6	\N	3	5
163	\N	\N	Automação: __TESTE__acao_notificacao_sistema	Teste notificacao para Lead Teste Automacoes	{}	enviada	normal	0	3	2026-04-06 22:18:24.911567-03	\N	\N	\N	\N	\N	\N	6	\N	3	5
164	\N	\N	Automação: __TESTE__gatilho_lead_criado	Teste gatilho lead_criado	{}	enviada	normal	0	3	2026-04-06 22:18:24.9228-03	\N	\N	\N	\N	\N	\N	6	\N	3	5
165	\N	\N	Automação: Novo lead: notificar equipe	Novo lead Lead Teste Automacoes via {{lead_origem}}. Telefone: 5511999990000	{}	enviada	normal	0	3	2026-04-06 22:18:24.932305-03	\N	\N	\N	\N	\N	\N	6	\N	3	5
166	\N	\N	Automação: __TESTE__ratelimit	Rate limit test	{}	enviada	normal	0	3	2026-04-06 22:18:24.951543-03	\N	\N	\N	\N	\N	\N	6	\N	3	5
167	\N	\N	Automação: __TESTE__acao_notificacao_sistema	Teste notificacao para Lead Teste Automacoes	{}	enviada	normal	0	3	2026-04-06 22:18:24.981755-03	\N	\N	\N	\N	\N	\N	6	\N	3	5
168	\N	\N	Automação: __TESTE__gatilho_lead_criado	Teste gatilho lead_criado	{}	enviada	normal	0	3	2026-04-06 22:18:24.991544-03	\N	\N	\N	\N	\N	\N	6	\N	3	5
169	\N	\N	Automação: Novo lead: notificar equipe	Novo lead Lead Teste Automacoes via {{lead_origem}}. Telefone: 5511999990000	{}	enviada	normal	0	3	2026-04-06 22:18:25.00163-03	\N	\N	\N	\N	\N	\N	6	\N	3	5
170	\N	\N	Automação: __TESTE__acao_notificacao_sistema	Teste notificacao para Lead Teste Automacoes	{}	enviada	normal	0	3	2026-04-06 22:18:25.03771-03	\N	\N	\N	\N	\N	\N	6	\N	3	5
171	\N	\N	Automação: __TESTE__gatilho_lead_criado	Teste gatilho lead_criado	{}	enviada	normal	0	3	2026-04-06 22:18:25.047238-03	\N	\N	\N	\N	\N	\N	6	\N	3	5
172	\N	\N	Automação: Novo lead: notificar equipe	Novo lead Lead Teste Automacoes via {{lead_origem}}. Telefone: 5511999990000	{}	enviada	normal	0	3	2026-04-06 22:18:25.0566-03	\N	\N	\N	\N	\N	\N	6	\N	3	5
173	\N	\N	Automação: __TESTE__fluxo_completo	Lead qualificado: Lead Teste Automacoes (score > 5)	{}	enviada	normal	0	3	2026-04-06 22:18:25.085698-03	\N	\N	\N	\N	\N	\N	6	\N	3	5
174	\N	\N	Automação: __TESTE__acao_notificacao_sistema	Teste notificacao para Lead Teste Automacoes	{}	enviada	normal	0	3	2026-04-06 22:18:25.111757-03	\N	\N	\N	\N	\N	\N	6	\N	3	5
175	\N	\N	Automação: __TESTE__gatilho_lead_criado	Teste gatilho lead_criado	{}	enviada	normal	0	3	2026-04-06 22:18:25.121967-03	\N	\N	\N	\N	\N	\N	6	\N	3	5
176	\N	\N	Automação: Novo lead: notificar equipe	Novo lead Lead Teste Automacoes via {{lead_origem}}. Telefone: 5511999990000	{}	enviada	normal	0	3	2026-04-06 22:18:25.133314-03	\N	\N	\N	\N	\N	\N	6	\N	3	5
177	\N	\N	Automação: __E2E__gatilho_signal	E2E: Lead Lead Signal E2E criado via signal	{}	enviada	normal	0	3	2026-04-06 22:31:22.917948-03	\N	\N	\N	\N	\N	\N	6	\N	3	5
178	\N	\N	Automação: __E2E__condicao_branch	E2E: Branch TRUE	{}	enviada	normal	0	3	2026-04-06 22:31:23.154525-03	\N	\N	\N	\N	\N	\N	6	\N	3	5
179	\N	\N	Automação: __E2E__gatilho_signal	E2E: Lead Lead E2E Automacoes criado via signal	{}	enviada	normal	0	3	2026-04-06 22:31:23.170213-03	\N	\N	\N	\N	\N	\N	6	\N	3	5
180	\N	\N	Automação: __E2E__acao_notif	E2E: Notificacao para Lead E2E Automacoes	{}	enviada	normal	0	3	2026-04-06 22:31:23.197501-03	\N	\N	\N	\N	\N	\N	6	\N	3	5
181	\N	\N	Automação: __E2E__condicao_branch	E2E: Branch TRUE	{}	enviada	normal	0	3	2026-04-06 22:31:23.214141-03	\N	\N	\N	\N	\N	\N	6	\N	3	5
182	\N	\N	Automação: __E2E__gatilho_signal	E2E: Lead Lead E2E Automacoes criado via signal	{}	enviada	normal	0	3	2026-04-06 22:31:23.229569-03	\N	\N	\N	\N	\N	\N	6	\N	3	5
183	\N	\N	Automação: __E2E__acao_notif	E2E: Notificacao para Lead E2E Automacoes	{}	enviada	normal	0	3	2026-04-06 22:31:23.287744-03	\N	\N	\N	\N	\N	\N	6	\N	3	5
184	\N	\N	Automação: __E2E__condicao_branch	E2E: Branch TRUE	{}	enviada	normal	0	3	2026-04-06 22:31:23.308134-03	\N	\N	\N	\N	\N	\N	6	\N	3	5
185	\N	\N	Automação: __E2E__gatilho_signal	E2E: Lead Lead E2E Automacoes criado via signal	{}	enviada	normal	0	3	2026-04-06 22:31:23.325524-03	\N	\N	\N	\N	\N	\N	6	\N	3	5
186	\N	\N	Automação: __E2E__acao_notif	E2E: Notificacao para Lead E2E Automacoes	{}	enviada	normal	0	3	2026-04-06 22:31:23.396331-03	\N	\N	\N	\N	\N	\N	6	\N	3	5
187	\N	\N	Automação: __E2E__condicao_branch	E2E: Branch TRUE	{}	enviada	normal	0	3	2026-04-06 22:31:23.415555-03	\N	\N	\N	\N	\N	\N	6	\N	3	5
188	\N	\N	Automação: __E2E__gatilho_signal	E2E: Lead Lead E2E Automacoes criado via signal	{}	enviada	normal	0	3	2026-04-06 22:31:23.431898-03	\N	\N	\N	\N	\N	\N	6	\N	3	5
189	\N	\N	Automação: __E2E__delay	E2E: Pos-delay executado	{}	enviada	normal	0	3	2026-04-06 22:31:23.457862-03	\N	\N	\N	\N	\N	\N	6	\N	3	5
190	\N	\N	Automação: __E2E__ratelimit	E2E: Rate limit	{}	enviada	normal	0	3	2026-04-06 22:31:23.507123-03	\N	\N	\N	\N	\N	\N	6	\N	3	5
191	\N	\N	Automação: __E2E__acao_notif	E2E: Notificacao para Lead E2E Automacoes	{}	enviada	normal	0	3	2026-04-06 22:31:23.551838-03	\N	\N	\N	\N	\N	\N	6	\N	3	5
192	\N	\N	Automação: __E2E__condicao_branch	E2E: Branch TRUE	{}	enviada	normal	0	3	2026-04-06 22:31:23.569088-03	\N	\N	\N	\N	\N	\N	6	\N	3	5
193	\N	\N	Automação: __E2E__gatilho_signal	E2E: Lead Lead E2E Automacoes criado via signal	{}	enviada	normal	0	3	2026-04-06 22:31:23.585079-03	\N	\N	\N	\N	\N	\N	6	\N	3	5
194	\N	\N	Automação: __E2E__ratelimit	E2E: Rate limit	{}	enviada	normal	0	3	2026-04-06 22:31:23.615842-03	\N	\N	\N	\N	\N	\N	6	\N	3	5
195	\N	\N	Automação: __E2E__acao_notif	E2E: Notificacao para Lead E2E Automacoes	{}	enviada	normal	0	3	2026-04-06 22:31:23.658053-03	\N	\N	\N	\N	\N	\N	6	\N	3	5
196	\N	\N	Automação: __E2E__condicao_branch	E2E: Branch TRUE	{}	enviada	normal	0	3	2026-04-06 22:31:23.678989-03	\N	\N	\N	\N	\N	\N	6	\N	3	5
197	\N	\N	Automação: __E2E__gatilho_signal	E2E: Lead Lead E2E Automacoes criado via signal	{}	enviada	normal	0	3	2026-04-06 22:31:23.693854-03	\N	\N	\N	\N	\N	\N	6	\N	3	5
198	\N	\N	Automação: __E2E__acao_notif	E2E: Notificacao para Lead E2E Automacoes	{}	enviada	normal	0	3	2026-04-06 22:31:23.756893-03	\N	\N	\N	\N	\N	\N	6	\N	3	5
199	\N	\N	Automação: __E2E__condicao_branch	E2E: Branch TRUE	{}	enviada	normal	0	3	2026-04-06 22:31:23.780942-03	\N	\N	\N	\N	\N	\N	6	\N	3	5
200	\N	\N	Automação: __E2E__gatilho_signal	E2E: Lead Lead E2E Automacoes criado via signal	{}	enviada	normal	0	3	2026-04-06 22:31:23.799138-03	\N	\N	\N	\N	\N	\N	6	\N	3	5
201	\N	\N	Automação: __E2E__acao_notif	E2E: Notificacao para Lead E2E Automacoes	{}	enviada	normal	0	3	2026-04-06 22:31:23.888132-03	\N	\N	\N	\N	\N	\N	6	\N	3	5
202	\N	\N	Automação: __E2E__condicao_branch	E2E: Branch TRUE	{}	enviada	normal	0	3	2026-04-06 22:31:23.909357-03	\N	\N	\N	\N	\N	\N	6	\N	3	5
203	\N	\N	Automação: __E2E__gatilho_signal	E2E: Lead Lead E2E Automacoes criado via signal	{}	enviada	normal	0	3	2026-04-06 22:31:23.926569-03	\N	\N	\N	\N	\N	\N	6	\N	3	5
204	\N	\N	Automacao: __E2E__gatilho_signal	E2E: Lead Lead Signal E2E criado via signal	{}	enviada	normal	0	3	2026-04-06 23:01:36.967398-03	\N	\N	\N	\N	\N	\N	6	\N	3	5
205	\N	\N	Automacao: __E2E__condicao_branch	E2E: Branch TRUE	{}	enviada	normal	0	3	2026-04-06 23:01:37.215954-03	\N	\N	\N	\N	\N	\N	6	\N	3	5
206	\N	\N	Automacao: __E2E__gatilho_signal	E2E: Lead Lead E2E Automacoes criado via signal	{}	enviada	normal	0	3	2026-04-06 23:01:37.244035-03	\N	\N	\N	\N	\N	\N	6	\N	3	5
207	\N	\N	Automacao: __E2E__acao_notif	E2E: Notificacao para Lead E2E Automacoes	{}	enviada	normal	0	3	2026-04-06 23:01:37.285541-03	\N	\N	\N	\N	\N	\N	6	\N	3	5
208	\N	\N	Automacao: __E2E__condicao_branch	E2E: Branch TRUE	{}	enviada	normal	0	3	2026-04-06 23:01:37.309633-03	\N	\N	\N	\N	\N	\N	6	\N	3	5
209	\N	\N	Automacao: __E2E__gatilho_signal	E2E: Lead Lead E2E Automacoes criado via signal	{}	enviada	normal	0	3	2026-04-06 23:01:37.327906-03	\N	\N	\N	\N	\N	\N	6	\N	3	5
210	\N	\N	Automacao: __E2E__acao_notif	E2E: Notificacao para Lead E2E Automacoes	{}	enviada	normal	0	3	2026-04-06 23:01:37.405352-03	\N	\N	\N	\N	\N	\N	6	\N	3	5
211	\N	\N	Automacao: __E2E__condicao_branch	E2E: Branch TRUE	{}	enviada	normal	0	3	2026-04-06 23:01:37.428098-03	\N	\N	\N	\N	\N	\N	6	\N	3	5
212	\N	\N	Automacao: __E2E__gatilho_signal	E2E: Lead Lead E2E Automacoes criado via signal	{}	enviada	normal	0	3	2026-04-06 23:01:37.445049-03	\N	\N	\N	\N	\N	\N	6	\N	3	5
213	\N	\N	Automacao: __E2E__acao_notif	E2E: Notificacao para Lead E2E Automacoes	{}	enviada	normal	0	3	2026-04-06 23:01:37.518394-03	\N	\N	\N	\N	\N	\N	6	\N	3	5
214	\N	\N	Automacao: __E2E__condicao_branch	E2E: Branch TRUE	{}	enviada	normal	0	3	2026-04-06 23:01:37.538851-03	\N	\N	\N	\N	\N	\N	6	\N	3	5
215	\N	\N	Automacao: __E2E__gatilho_signal	E2E: Lead Lead E2E Automacoes criado via signal	{}	enviada	normal	0	3	2026-04-06 23:01:37.555184-03	\N	\N	\N	\N	\N	\N	6	\N	3	5
216	\N	\N	Automacao: __E2E__delay	E2E: Pos-delay executado	{}	enviada	normal	0	3	2026-04-06 23:01:37.589126-03	\N	\N	\N	\N	\N	\N	6	\N	3	5
217	\N	\N	Automacao: __E2E__ratelimit	E2E: Rate limit	{}	enviada	normal	0	3	2026-04-06 23:01:37.64305-03	\N	\N	\N	\N	\N	\N	6	\N	3	5
218	\N	\N	Automacao: __E2E__acao_notif	E2E: Notificacao para Lead E2E Automacoes	{}	enviada	normal	0	3	2026-04-06 23:01:37.687866-03	\N	\N	\N	\N	\N	\N	6	\N	3	5
219	\N	\N	Automacao: __E2E__condicao_branch	E2E: Branch TRUE	{}	enviada	normal	0	3	2026-04-06 23:01:37.711232-03	\N	\N	\N	\N	\N	\N	6	\N	3	5
220	\N	\N	Automacao: __E2E__gatilho_signal	E2E: Lead Lead E2E Automacoes criado via signal	{}	enviada	normal	0	3	2026-04-06 23:01:37.727661-03	\N	\N	\N	\N	\N	\N	6	\N	3	5
221	\N	\N	Automacao: __E2E__ratelimit	E2E: Rate limit	{}	enviada	normal	0	3	2026-04-06 23:01:37.758083-03	\N	\N	\N	\N	\N	\N	6	\N	3	5
222	\N	\N	Automacao: __E2E__acao_notif	E2E: Notificacao para Lead E2E Automacoes	{}	enviada	normal	0	3	2026-04-06 23:01:37.806064-03	\N	\N	\N	\N	\N	\N	6	\N	3	5
223	\N	\N	Automacao: __E2E__condicao_branch	E2E: Branch TRUE	{}	enviada	normal	0	3	2026-04-06 23:01:37.831164-03	\N	\N	\N	\N	\N	\N	6	\N	3	5
224	\N	\N	Automacao: __E2E__gatilho_signal	E2E: Lead Lead E2E Automacoes criado via signal	{}	enviada	normal	0	3	2026-04-06 23:01:37.849116-03	\N	\N	\N	\N	\N	\N	6	\N	3	5
225	\N	\N	Automacao: __E2E__acao_notif	E2E: Notificacao para Lead E2E Automacoes	{}	enviada	normal	0	3	2026-04-06 23:01:37.918981-03	\N	\N	\N	\N	\N	\N	6	\N	3	5
226	\N	\N	Automacao: __E2E__condicao_branch	E2E: Branch TRUE	{}	enviada	normal	0	3	2026-04-06 23:01:37.944015-03	\N	\N	\N	\N	\N	\N	6	\N	3	5
227	\N	\N	Automacao: __E2E__gatilho_signal	E2E: Lead Lead E2E Automacoes criado via signal	{}	enviada	normal	0	3	2026-04-06 23:01:37.961299-03	\N	\N	\N	\N	\N	\N	6	\N	3	5
228	\N	\N	Automacao: __E2E__acao_notif	E2E: Notificacao para Lead E2E Automacoes	{}	enviada	normal	0	3	2026-04-06 23:01:38.092235-03	\N	\N	\N	\N	\N	\N	6	\N	3	5
229	\N	\N	Automacao: __E2E__condicao_branch	E2E: Branch TRUE	{}	enviada	normal	0	3	2026-04-06 23:01:38.119074-03	\N	\N	\N	\N	\N	\N	6	\N	3	5
230	\N	\N	Automacao: __E2E__gatilho_signal	E2E: Lead Lead E2E Automacoes criado via signal	{}	enviada	normal	0	3	2026-04-06 23:01:38.139496-03	\N	\N	\N	\N	\N	\N	6	\N	3	5
\.


--
-- Data for Name: notificacoes_preferencianotificacao; Type: TABLE DATA; Schema: public; Owner: -
--

COPY public.notificacoes_preferencianotificacao (id, ativo, horario_inicio, horario_fim, dias_semana, canal_preferido_id, tenant_id, usuario_id, tipo_notificacao_id) FROM stdin;
\.


--
-- Data for Name: notificacoes_templatenotificacao; Type: TABLE DATA; Schema: public; Owner: -
--

COPY public.notificacoes_templatenotificacao (id, nome, assunto, corpo_html, corpo_texto, variaveis, ativo, canal_id, tenant_id, tipo_notificacao_id) FROM stdin;
\.


--
-- Data for Name: notificacoes_tiponotificacao; Type: TABLE DATA; Schema: public; Owner: -
--

COPY public.notificacoes_tiponotificacao (id, codigo, nome, descricao, ativo, template_padrao, prioridade_padrao, whatsapp_config, tenant_id) FROM stdin;
1	lead_novo	Novo Lead		t		normal	{}	4
2	venda_aprovada	Venda Aprovada		t		alta	{}	4
3	docs_pendentes	Documentos Pendentes		t		normal	{}	4
4	erro_integracao	Erro de Integracao		t		alta	{}	4
5	lead_novo	Novo Lead		t		normal	{}	3
6	venda_aprovada	Venda Aprovada		t		alta	{}	3
7	docs_pendentes	Documentos Pendentes		t		normal	{}	3
8	erro_integracao	Erro de Integracao		t		alta	{}	3
9	lead_novo	T	T	t	T	normal	{}	5
\.


--
-- Data for Name: nps_configuracaonps; Type: TABLE DATA; Schema: public; Owner: -
--

COPY public.nps_configuracaonps (id, periodicidade_dias, canal_envio, mensagem_template, ativo, tenant_id) FROM stdin;
\.


--
-- Data for Name: nps_pesquisanps; Type: TABLE DATA; Schema: public; Owner: -
--

COPY public.nps_pesquisanps (id, nota, comentario, categoria, canal_resposta, data_envio, data_resposta, respondida, cliente_id, membro_id, tenant_id) FROM stdin;
\.


--
-- Data for Name: opcoes_vencimento; Type: TABLE DATA; Schema: public; Owner: -
--

COPY public.opcoes_vencimento (id, dia_vencimento, descricao, ordem_exibicao, ativo, tenant_id) FROM stdin;
1	5	Dia 5 de cada mes	0	t	4
2	10	Dia 10 de cada mes	0	t	4
3	15	Dia 15 de cada mes	0	t	4
4	20	Dia 20 de cada mes	0	t	4
5	25	Dia 25 de cada mes	0	t	4
6	5	Dia 5 de cada mes	0	t	3
7	10	Dia 10 de cada mes	0	t	3
8	15	Dia 15 de cada mes	0	t	3
\.


--
-- Data for Name: parceiros_categoriaparceiro; Type: TABLE DATA; Schema: public; Owner: -
--

COPY public.parceiros_categoriaparceiro (id, nome, slug, icone, ordem, ativo, tenant_id) FROM stdin;
1	Alimentacao	alimentacao	fa-utensils	0	t	4
2	Saude	saude	fa-heartbeat	0	t	4
3	Educacao	educacao	fa-graduation-cap	0	t	4
4	Lazer	lazer	fa-ticket-alt	0	t	4
5	Software	software	fa-laptop-code	0	t	3
6	Infraestrutura	infraestrutura	fa-server	0	t	3
7	Consultoria	consultoria	fa-handshake	0	t	3
8	Treinamento	treinamento	fa-chalkboard-teacher	0	t	3
\.


--
-- Data for Name: parceiros_cupomdesconto; Type: TABLE DATA; Schema: public; Owner: -
--

COPY public.parceiros_cupomdesconto (id, titulo, descricao, imagem, codigo, tipo_desconto, valor_desconto, modalidade, custo_pontos, quantidade_total, quantidade_resgatada, limite_por_membro, data_inicio, data_fim, ativo, status_aprovacao, motivo_rejeicao, data_cadastro, nivel_minimo_id, tenant_id, parceiro_id) FROM stdin;
1	10% OFF na Pizzaria do Chico	Desconto exclusivo para membros Megalink		MEGAPIZZ	percentual	10.00	pontos	50	0	0	1	2026-04-04 00:00:00-03	2026-07-03 00:00:00-03	t	aprovado		2026-04-03 22:49:27.421245-03	\N	4	1
2	10% OFF na Farmacia Saude+	Desconto exclusivo para membros Megalink		MEGAFARM	percentual	10.00	pontos	50	0	0	1	2026-04-04 00:00:00-03	2026-07-03 00:00:00-03	t	aprovado		2026-04-03 22:49:27.428184-03	\N	4	2
3	10% OFF na Escola Futuro	Desconto exclusivo para membros Megalink		MEGAESCO	percentual	10.00	pontos	50	0	0	1	2026-04-04 00:00:00-03	2026-07-03 00:00:00-03	t	aprovado		2026-04-03 22:49:27.433782-03	\N	4	3
4	10% OFF na Cinema Teresina	Desconto exclusivo para membros Megalink		MEGACINE	percentual	10.00	pontos	50	0	0	1	2026-04-04 00:00:00-03	2026-07-03 00:00:00-03	t	aprovado		2026-04-03 22:49:27.437305-03	\N	4	4
5	10% OFF na Academia FitMax	Desconto exclusivo para membros Megalink		MEGAACAD	percentual	10.00	pontos	50	0	0	1	2026-04-04 00:00:00-03	2026-07-03 00:00:00-03	t	aprovado		2026-04-03 22:49:27.441316-03	\N	4	5
6	10% OFF - MikroTik Brasil	Desconto exclusivo para clientes Aurora		AURORAMIK	percentual	10.00	pontos	50	0	0	1	2026-04-04 00:00:00-03	2026-07-03 00:00:00-03	t	aprovado		2026-04-03 22:49:29.986489-03	\N	3	6
7	10% OFF - HubSoft ERP	Desconto exclusivo para clientes Aurora		AURORAHUB	percentual	10.00	pontos	50	0	0	1	2026-04-04 00:00:00-03	2026-07-03 00:00:00-03	t	aprovado		2026-04-03 22:49:29.989631-03	\N	3	7
8	10% OFF - FibraConsult	Desconto exclusivo para clientes Aurora		AURORAFIB	percentual	10.00	pontos	50	0	0	1	2026-04-04 00:00:00-03	2026-07-03 00:00:00-03	t	aprovado		2026-04-03 22:49:29.993288-03	\N	3	8
9	10% OFF - ISP Academy	Desconto exclusivo para clientes Aurora		AURORAISP	percentual	10.00	pontos	50	0	0	1	2026-04-04 00:00:00-03	2026-07-03 00:00:00-03	t	aprovado		2026-04-03 22:49:29.997459-03	\N	3	9
10	10% OFF - CloudCore Hosting	Desconto exclusivo para clientes Aurora		AURORACLO	percentual	10.00	pontos	50	0	0	1	2026-04-04 00:00:00-03	2026-07-03 00:00:00-03	t	aprovado		2026-04-03 22:49:30.000132-03	\N	3	10
\.


--
-- Data for Name: parceiros_cupomdesconto_cidades_permitidas; Type: TABLE DATA; Schema: public; Owner: -
--

COPY public.parceiros_cupomdesconto_cidades_permitidas (id, cupomdesconto_id, cidade_id) FROM stdin;
\.


--
-- Data for Name: parceiros_parceiro; Type: TABLE DATA; Schema: public; Owner: -
--

COPY public.parceiros_parceiro (id, nome, logo, descricao, contato_nome, contato_telefone, contato_email, ativo, data_cadastro, categoria_id, tenant_id, usuario_id) FROM stdin;
1	Pizzaria do Chico				86988001001		t	2026-04-03 22:49:27.368922-03	1	4	\N
2	Farmacia Saude+				86988002002		t	2026-04-03 22:49:27.372465-03	2	4	\N
3	Escola Futuro				86988003003		t	2026-04-03 22:49:27.374503-03	3	4	\N
4	Cinema Teresina				86988004004		t	2026-04-03 22:49:27.378554-03	4	4	\N
5	Academia FitMax				86988005005		t	2026-04-03 22:49:27.379551-03	2	4	\N
6	MikroTik Brasil				11988001001		t	2026-04-03 22:49:29.985485-03	6	3	\N
7	HubSoft ERP				11988002002		t	2026-04-03 22:49:29.988487-03	5	3	\N
8	FibraConsult				11988003003		t	2026-04-03 22:49:29.991645-03	7	3	\N
9	ISP Academy				11988004004		t	2026-04-03 22:49:29.995392-03	8	3	\N
10	CloudCore Hosting				11988005005		t	2026-04-03 22:49:29.999067-03	6	3	\N
\.


--
-- Data for Name: parceiros_parceiro_cidades; Type: TABLE DATA; Schema: public; Owner: -
--

COPY public.parceiros_parceiro_cidades (id, parceiro_id, cidade_id) FROM stdin;
\.


--
-- Data for Name: parceiros_resgatecupom; Type: TABLE DATA; Schema: public; Owner: -
--

COPY public.parceiros_resgatecupom (id, codigo_unico, pontos_gastos, status, valor_compra, data_resgate, data_utilizacao, cupom_id, membro_id, tenant_id) FROM stdin;
\.


--
-- Data for Name: planos_internet; Type: TABLE DATA; Schema: public; Owner: -
--

COPY public.planos_internet (id, nome, descricao, velocidade_download, velocidade_upload, valor_mensal, id_sistema_externo, wifi_6, suporte_prioritario, suporte_24h, upload_simetrico, ordem_exibicao, destaque, ativo, data_criacao, data_atualizacao, tenant_id) FROM stdin;
1	Fibra 100MB		100	50	79.90	\N	f	f	t	t	0		t	2026-04-03 22:49:26.136954-03	2026-04-03 22:49:26.136954-03	4
2	Fibra 200MB		200	100	99.90	\N	f	f	t	t	0		t	2026-04-03 22:49:26.142764-03	2026-04-03 22:49:26.142764-03	4
3	Fibra 400MB		400	200	129.90	\N	f	f	t	t	0		t	2026-04-03 22:49:26.14667-03	2026-04-03 22:49:26.14667-03	4
4	Fibra 600MB		600	300	149.90	\N	f	f	t	t	0		t	2026-04-03 22:49:26.147962-03	2026-04-03 22:49:26.147962-03	4
5	Fibra 1GB		1000	500	199.90	\N	f	f	t	t	0		t	2026-04-03 22:49:26.150006-03	2026-04-03 22:49:26.150006-03	4
6	Comercial Start		0	0	297.00	\N	f	f	t	t	0		t	2026-04-03 22:49:29.411648-03	2026-04-03 22:49:29.411648-03	3
7	Comercial Pro		0	0	497.00	\N	f	f	t	t	0		t	2026-04-03 22:49:29.415898-03	2026-04-03 22:49:29.415898-03	3
8	Marketing Start		0	0	397.00	\N	f	f	t	t	0		t	2026-04-03 22:49:29.418425-03	2026-04-03 22:49:29.418425-03	3
9	Marketing Pro		0	0	697.00	\N	f	f	t	t	0		t	2026-04-03 22:49:29.421286-03	2026-04-03 22:49:29.421286-03	3
10	CS Start		0	0	197.00	\N	f	f	t	t	0		t	2026-04-03 22:49:29.422791-03	2026-04-03 22:49:29.422791-03	3
\.


--
-- Data for Name: prospectos; Type: TABLE DATA; Schema: public; Owner: -
--

COPY public.prospectos (id, nome_prospecto, id_prospecto_hubsoft, status, data_criacao, data_processamento, tentativas_processamento, tempo_processamento, erro_processamento, data_inicio_processamento, data_fim_processamento, usuario_processamento, score_conversao, prioridade, dados_processamento, resultado_processamento, lead_id, tenant_id) FROM stdin;
1		\N	processado	2026-04-03 22:49:26.616579-03	\N	0	\N	\N	\N	\N	\N	\N	1	\N	\N	1	4
2		\N	processado	2026-04-03 22:49:26.621295-03	\N	0	\N	\N	\N	\N	\N	\N	1	\N	\N	2	4
3		\N	processado	2026-04-03 22:49:26.62431-03	\N	0	\N	\N	\N	\N	\N	\N	1	\N	\N	3	4
4		\N	processado	2026-04-03 22:49:26.626316-03	\N	0	\N	\N	\N	\N	\N	\N	1	\N	\N	4	4
5		\N	processado	2026-04-03 22:49:26.628557-03	\N	0	\N	\N	\N	\N	\N	\N	1	\N	\N	5	4
6		\N	processado	2026-04-03 22:49:26.629557-03	\N	0	\N	\N	\N	\N	\N	\N	1	\N	\N	6	4
7		\N	processado	2026-04-03 22:49:26.632672-03	\N	0	\N	\N	\N	\N	\N	\N	1	\N	\N	7	4
8		\N	processado	2026-04-03 22:49:26.634763-03	\N	0	\N	\N	\N	\N	\N	\N	1	\N	\N	8	4
9		\N	processado	2026-04-03 22:49:26.636677-03	\N	0	\N	\N	\N	\N	\N	\N	1	\N	\N	9	4
10		\N	processado	2026-04-03 22:49:26.637678-03	\N	0	\N	\N	\N	\N	\N	\N	1	\N	\N	10	4
11		\N	processado	2026-04-03 22:49:26.640186-03	\N	0	\N	\N	\N	\N	\N	\N	1	\N	\N	11	4
12		\N	processado	2026-04-03 22:49:26.64219-03	\N	0	\N	\N	\N	\N	\N	\N	1	\N	\N	12	4
13		\N	processado	2026-04-03 22:49:26.642694-03	\N	0	\N	\N	\N	\N	\N	\N	1	\N	\N	13	4
14		\N	processado	2026-04-03 22:49:26.644736-03	\N	0	\N	\N	\N	\N	\N	\N	1	\N	\N	14	4
15		\N	processado	2026-04-03 22:49:26.645958-03	\N	0	\N	\N	\N	\N	\N	\N	1	\N	\N	15	4
\.


--
-- Data for Name: questoes_fluxo; Type: TABLE DATA; Schema: public; Owner: -
--

COPY public.questoes_fluxo (id, indice, titulo, descricao, tipo_questao, tipo_validacao, opcoes_resposta, resposta_padrao, regex_validacao, tamanho_minimo, tamanho_maximo, valor_minimo, valor_maximo, valor_dependencia, roteamento_respostas, prompt_ia_validacao, criterios_ia, max_tentativas, estrategia_erro, mensagem_erro_padrao, mensagem_tentativa_esgotada, instrucoes_resposta_correta, ativo, permite_voltar, permite_editar, ordem_exibicao, webhook_n8n_validacao, webhook_n8n_pos_resposta, opcoes_dinamicas_fonte, query_opcoes_dinamicas, variaveis_contexto, template_questao, fluxo_id, questao_dependencia_id, questao_erro_redirecionamento_id, questao_padrao_proxima_id, tenant_id) FROM stdin;
\.


--
-- Data for Name: respostas_questao; Type: TABLE DATA; Schema: public; Owner: -
--

COPY public.respostas_questao (id, resposta, resposta_processada, valida, mensagem_erro, tentativas, data_resposta, tempo_resposta, ip_origem, user_agent, dados_extras, atendimento_id, questao_id, tenant_id) FROM stdin;
\.


--
-- Data for Name: retencao_acaoretencao; Type: TABLE DATA; Schema: public; Owner: -
--

COPY public.retencao_acaoretencao (id, tipo_acao, descricao, executada, data_criacao, data_execucao, responsavel_id, tenant_id, alerta_id) FROM stdin;
\.


--
-- Data for Name: retencao_alertachurn; Type: TABLE DATA; Schema: public; Owner: -
--

COPY public.retencao_alertachurn (id, tipo, severidade, descricao, resolvido, data_criacao, data_resolucao, cliente_id, tenant_id) FROM stdin;
\.


--
-- Data for Name: retencao_scorecliente; Type: TABLE DATA; Schema: public; Owner: -
--

COPY public.retencao_scorecliente (id, score, fatores, ultima_atualizacao, cliente_id, tenant_id) FROM stdin;
\.


--
-- Data for Name: roleta_bannerclube; Type: TABLE DATA; Schema: public; Owner: -
--

COPY public.roleta_bannerclube (id, titulo, imagem, link, ordem, ativo, tenant_id) FROM stdin;
\.


--
-- Data for Name: roleta_cidade; Type: TABLE DATA; Schema: public; Owner: -
--

COPY public.roleta_cidade (id, nome, ativo, tenant_id) FROM stdin;
\.


--
-- Data for Name: roleta_extratopontuacao; Type: TABLE DATA; Schema: public; Owner: -
--

COPY public.roleta_extratopontuacao (id, pontos_saldo_ganhos, pontos_xp_ganhos, descricao_extra, data_recebimento, tenant_id, membro_id, regra_id) FROM stdin;
1	10	5	Pagamento mensal em dia	2026-04-03 22:49:27.325695-03	4	1	1
2	10	5	Pagamento mensal em dia	2026-04-03 22:49:27.332643-03	4	2	1
3	10	5	Pagamento mensal em dia	2026-04-03 22:49:27.334926-03	4	3	1
4	10	5	Pagamento mensal em dia	2026-04-03 22:49:27.336671-03	4	4	1
5	10	5	Pagamento mensal em dia	2026-04-03 22:49:27.337673-03	4	5	1
6	10	5	Pagamento mensal em dia	2026-04-03 22:49:27.341188-03	4	6	1
7	10	5	Pagamento mensal em dia	2026-04-03 22:49:27.3426-03	4	7	1
8	10	5	Pagamento mensal em dia	2026-04-03 22:49:27.344121-03	4	8	1
9	10	5	Pagamento mensal em dia	2026-04-03 22:49:27.345131-03	4	9	1
10	10	5	Pagamento mensal em dia	2026-04-03 22:49:27.346129-03	4	10	1
11	5	10	Telefone verificado via OTP	2026-04-02 01:49:27.524258-03	4	9	5
12	5	10	Telefone verificado via OTP	2026-03-30 08:49:27.527307-03	4	7	5
13	5	10	Telefone verificado via OTP	2026-03-31 06:49:27.529818-03	4	1	5
14	5	10	Telefone verificado via OTP	2026-04-01 11:49:27.532846-03	4	13	5
15	5	10	Telefone verificado via OTP	2026-04-01 04:49:27.535373-03	4	15	5
16	5	10	Telefone verificado via OTP	2026-03-29 06:49:27.537363-03	4	12	5
17	5	10	Telefone verificado via OTP	2026-04-01 05:49:27.540364-03	4	6	5
18	5	10	Telefone verificado via OTP	2026-03-30 08:49:27.543442-03	4	2	5
19	5	10	Telefone verificado via OTP	2026-04-01 11:49:27.545958-03	4	14	5
20	5	10	Telefone verificado via OTP	2026-03-31 09:49:27.549509-03	4	5	5
21	5	10	Telefone verificado via OTP	2026-03-28 03:49:27.552507-03	4	4	5
22	5	10	Telefone verificado via OTP	2026-04-02 10:49:27.555532-03	4	3	5
23	5	10	Telefone verificado via OTP	2026-03-28 01:49:27.558043-03	4	10	5
24	5	10	Telefone verificado via OTP	2026-04-03 09:49:27.560052-03	4	8	5
25	5	10	Telefone verificado via OTP	2026-04-03 01:49:27.562611-03	4	11	5
26	10	5	Mensalidade em dia	2026-04-03 22:49:29.965549-03	3	16	6
27	10	5	Mensalidade em dia	2026-04-03 22:49:29.968213-03	3	17	6
28	10	5	Mensalidade em dia	2026-04-03 22:49:29.969256-03	3	18	6
29	10	5	Mensalidade em dia	2026-04-03 22:49:29.969859-03	3	19	6
30	10	5	Mensalidade em dia	2026-04-03 22:49:29.970926-03	3	20	6
31	10	5	Mensalidade em dia	2026-04-03 22:49:29.972563-03	3	21	6
32	10	5	Mensalidade em dia	2026-04-03 22:49:29.972563-03	3	22	6
33	10	5	Mensalidade em dia	2026-04-03 22:49:29.97408-03	3	23	6
34	5	10	Telefone verificado via OTP	2026-03-29 02:49:30.015771-03	3	16	10
35	5	10	Telefone verificado via OTP	2026-03-30 02:49:30.017849-03	3	17	10
36	5	10	Telefone verificado via OTP	2026-04-02 09:49:30.018574-03	3	18	10
37	5	10	Telefone verificado via OTP	2026-03-28 02:49:30.02021-03	3	19	10
38	5	10	Telefone verificado via OTP	2026-03-29 07:49:30.021354-03	3	20	10
39	5	10	Telefone verificado via OTP	2026-03-28 06:49:30.024183-03	3	21	10
40	5	10	Telefone verificado via OTP	2026-03-28 02:49:30.026472-03	3	22	10
41	5	10	Telefone verificado via OTP	2026-04-03 09:49:30.027477-03	3	23	10
\.


--
-- Data for Name: roleta_landingconfig; Type: TABLE DATA; Schema: public; Owner: -
--

COPY public.roleta_landingconfig (id, titulo, subtitulo, whatsapp_numero, whatsapp_mensagem, texto_como_funciona, texto_rodape, cor_primaria, cor_secundaria, logo, ativo, tenant_id) FROM stdin;
\.


--
-- Data for Name: roleta_membroclube; Type: TABLE DATA; Schema: public; Owner: -
--

COPY public.roleta_membroclube (id, nome, cpf, email, telefone, cep, endereco, bairro, cidade, estado, saldo, xp_total, data_cadastro, id_cliente_hubsoft, validado, codigo_indicacao, tenant_id) FROM stdin;
9	Camila Rodrigues	17433529622	camila95@gmail.com	86999753203	64000-000	\N	\N	Teresina	PI	284	1866	2026-04-02 02:49:27.496498-03	\N	t	06F19AF8	4
7	Mariana Barbosa Santos	19581742794	mariana24@gmail.com	86999914270	64000-000	\N	\N	Teresina	PI	204	453	2026-04-03 11:49:27.497506-03	\N	t	8FC5E82A	4
1	Ana Paula Ferreira	21272820791	ana66@gmail.com	86999653600	64000-000	\N	\N	Teresina	PI	138	1082	2026-03-29 09:49:27.497506-03	\N	t	17A06335	4
13	Beatriz Carvalho	28678298462	beatriz38@gmail.com	86999986853	64000-000	\N	\N	Teresina	PI	294	127	2026-04-01 10:49:27.499013-03	\N	t	7FEA6F00	4
15	Larissa Souza	31667850520	larissa47@gmail.com	86999669669	64000-000	\N	\N	Teresina	PI	212	189	2026-04-01 03:49:27.500021-03	\N	t	EF84E5E8	4
12	Rafael Moreira	34965097299	rafael5@gmail.com	86999327622	64000-000	\N	\N	Teresina	PI	73	28	2026-04-01 09:49:27.501022-03	\N	t	3E872FC2	4
6	Pedro Henrique Almeida	44780257848	pedro43@gmail.com	86999682597	64000-000	\N	\N	Teresina	PI	45	867	2026-04-02 05:49:27.502567-03	\N	t	CFF5438B	4
2	Carlos Eduardo Souza	50985242867	carlos39@gmail.com	86999046059	64000-000	\N	\N	Teresina	PI	202	1664	2026-04-01 14:49:27.504101-03	\N	t	FB145525	4
14	Anderson Pereira Pinto	59548495235	anderson71@gmail.com	86999296731	64000-000	\N	\N	Teresina	PI	214	520	2026-04-02 13:49:27.505111-03	\N	t	C613F109	4
5	Juliana Mendes Rocha	59627397570	juliana16@gmail.com	86999719905	64000-000	\N	\N	Teresina	PI	240	230	2026-04-01 05:49:27.507642-03	\N	t	97F332A6	4
4	Roberto Silva Neto	70690987742	roberto28@gmail.com	86999857800	64000-000	\N	\N	Teresina	PI	167	792	2026-03-30 03:49:27.508639-03	\N	t	38F4453C	4
3	Fernanda Costa Lima	79930585862	fernanda78@gmail.com	86999617558	64000-000	\N	\N	Teresina	PI	64	93	2026-04-02 00:49:27.51164-03	\N	t	60D60AA9	4
10	Thiago Nascimento	80158336991	thiago67@gmail.com	86999934255	64000-000	\N	\N	Teresina	PI	263	822	2026-03-31 14:49:27.512651-03	\N	t	11D67444	4
8	Lucas Gabriel Oliveira	82943890286	lucas87@gmail.com	86999028761	64000-000	\N	\N	Teresina	PI	46	905	2026-03-31 11:49:27.514173-03	\N	t	025F900B	4
11	Patricia Gomes Duarte	84725257182	patricia79@gmail.com	86999681192	64000-000	\N	\N	Teresina	PI	78	1992	2026-04-01 10:49:27.515184-03	\N	t	2800CB2E	4
19	FibraMax ISP	11122233000155	suporte@fibramax.com.br	31999004004	01000-000	\N	\N	Belo Horizonte	MG	420	2476	2026-03-31 04:49:30.00839-03	\N	t	082FEA9B	3
26	DataLink Telecom	11223344000166	contato@datalink.com.br	62999011011	01000-000	\N	\N	Goiania	GO	90	767	2026-03-29 14:49:30.009324-03	\N	t	5D66E468	3
16	Megalink Internet	12345678000101	contato@megalink.com.br	86999001001	01000-000	\N	\N	Teresina	PI	99	1023	2026-03-28 01:49:30.009324-03	\N	t	57D7DBCB	3
23	RapiNet Fibra	22233344000133	admin@rapinet.com.br	71999008008	01000-000	\N	\N	Salvador	BA	353	157	2026-04-03 11:49:30.009324-03	\N	t	027956AF	3
22	SpeedLink Telecom	33344455000144	contato@speedlink.com.br	61999007007	01000-000	\N	\N	Brasilia	DF	123	1043	2026-03-28 11:49:30.010287-03	\N	t	BF410E1C	3
20	ConectaJa	44455566000177	contato@conectaja.com.br	41999005005	01000-000	\N	\N	Curitiba	PR	109	1994	2026-04-03 02:49:30.010287-03	\N	t	96519C64	3
18	VeloxNet	55566677000188	admin@veloxnet.com.br	21999003003	01000-000	\N	\N	Rio de Janeiro	RJ	434	2388	2026-03-31 10:49:30.011796-03	\N	t	5C54F468	3
27	FibraNet Sul	55667788000155	admin@fibranetsul.com.br	48999012012	01000-000	\N	\N	Florianopolis	SC	391	2312	2026-04-01 00:49:30.011796-03	\N	t	C83325A7	3
24	TopNet ISP	66677788000122	suporte@topnet.com.br	81999009009	01000-000	\N	\N	Recife	PE	426	892	2026-04-01 13:49:30.011796-03	\N	t	66E629AA	3
21	TurboNet	77788899000166	admin@turbonet.com.br	51999006006	01000-000	\N	\N	Porto Alegre	RS	214	2264	2026-04-03 08:49:30.012801-03	\N	t	633758DD	3
17	NetFibra Telecom	98765432000199	contato@netfibra.com.br	11999002002	01000-000	\N	\N	Sao Paulo	SP	342	1323	2026-03-28 11:49:30.013436-03	\N	t	2CFEEFFE	3
25	AlphaFibra	99988877000111	admin@alphafibra.com.br	85999010010	01000-000	\N	\N	Fortaleza	CE	499	1778	2026-03-30 08:49:30.013436-03	\N	t	19CD4D1D	3
\.


--
-- Data for Name: roleta_nivelclube; Type: TABLE DATA; Schema: public; Owner: -
--

COPY public.roleta_nivelclube (id, nome, xp_necessario, ordem, tenant_id) FROM stdin;
1	Bronze	0	1	4
2	Prata	500	1	4
3	Ouro	1500	1	4
4	Diamante	5000	1	4
5	Bronze	0	1	3
6	Prata	500	1	3
7	Ouro	1500	1	3
8	Diamante	5000	1	3
\.


--
-- Data for Name: roleta_participanteroleta; Type: TABLE DATA; Schema: public; Owner: -
--

COPY public.roleta_participanteroleta (id, nome, cpf, email, telefone, cep, endereco, bairro, cidade, estado, premio, canal_origem, perfil_cliente, id_cliente_hubsoft, saldo, status, data_criacao, membro_id, tenant_id) FROM stdin;
1	Camila Rodrigues	17433529622	camila95@gmail.com	86999753203	\N	\N	\N	Teresina	PI	Não foi dessa vez	Online	nao	\N	284	reservado	2026-03-30 01:49:27.576852-03	9	4
2	Camila Rodrigues	17433529622	camila95@gmail.com	86999753203	\N	\N	\N	Teresina	PI	Não foi dessa vez	Online	nao	\N	284	reservado	2026-03-31 09:49:27.581365-03	9	4
3	Camila Rodrigues	17433529622	camila95@gmail.com	86999753203	\N	\N	\N	Teresina	PI	Não foi dessa vez	Online	nao	\N	284	reservado	2026-03-28 06:49:27.583451-03	9	4
4	Camila Rodrigues	17433529622	camila95@gmail.com	86999753203	\N	\N	\N	Teresina	PI	Desconto 10% no plano	Online	nao	\N	284	ganhou	2026-03-30 09:49:27.586698-03	9	4
5	Mariana Barbosa Santos	19581742794	mariana24@gmail.com	86999914270	\N	\N	\N	Teresina	PI	Não foi dessa vez	Online	nao	\N	204	reservado	2026-03-31 01:49:27.588734-03	7	4
6	Mariana Barbosa Santos	19581742794	mariana24@gmail.com	86999914270	\N	\N	\N	Teresina	PI	Desconto 10% no plano	Online	nao	\N	204	ganhou	2026-04-01 04:49:27.591278-03	7	4
7	Ana Paula Ferreira	21272820791	ana66@gmail.com	86999653600	\N	\N	\N	Teresina	PI	Não foi dessa vez	Online	nao	\N	138	reservado	2026-03-29 11:49:27.592785-03	1	4
8	Ana Paula Ferreira	21272820791	ana66@gmail.com	86999653600	\N	\N	\N	Teresina	PI	Não foi dessa vez	Online	nao	\N	138	reservado	2026-03-28 00:49:27.595328-03	1	4
9	Beatriz Carvalho	28678298462	beatriz38@gmail.com	86999986853	\N	\N	\N	Teresina	PI	Não foi dessa vez	Online	nao	\N	294	reservado	2026-04-02 05:49:27.597432-03	13	4
10	Beatriz Carvalho	28678298462	beatriz38@gmail.com	86999986853	\N	\N	\N	Teresina	PI	Camiseta Megalink	Online	nao	\N	294	ganhou	2026-04-03 02:49:27.599427-03	13	4
11	Larissa Souza	31667850520	larissa47@gmail.com	86999669669	\N	\N	\N	Teresina	PI	Não foi dessa vez	Online	nao	\N	212	reservado	2026-03-29 13:49:27.601431-03	15	4
12	Larissa Souza	31667850520	larissa47@gmail.com	86999669669	\N	\N	\N	Teresina	PI	Não foi dessa vez	Online	nao	\N	212	reservado	2026-03-30 07:49:27.602938-03	15	4
13	Rafael Moreira	34965097299	rafael5@gmail.com	86999327622	\N	\N	\N	Teresina	PI	Não foi dessa vez	Online	nao	\N	73	reservado	2026-03-28 13:49:27.60498-03	12	4
14	Rafael Moreira	34965097299	rafael5@gmail.com	86999327622	\N	\N	\N	Teresina	PI	Não foi dessa vez	Online	nao	\N	73	reservado	2026-03-30 11:49:27.606507-03	12	4
15	Rafael Moreira	34965097299	rafael5@gmail.com	86999327622	\N	\N	\N	Teresina	PI	Camiseta Megalink	Online	nao	\N	73	ganhou	2026-04-03 02:49:27.608508-03	12	4
16	Pedro Henrique Almeida	44780257848	pedro43@gmail.com	86999682597	\N	\N	\N	Teresina	PI	Upgrade 1 mes gratis	Online	nao	\N	45	ganhou	2026-03-28 04:49:27.610015-03	6	4
17	Pedro Henrique Almeida	44780257848	pedro43@gmail.com	86999682597	\N	\N	\N	Teresina	PI	Não foi dessa vez	Online	nao	\N	45	reservado	2026-03-31 08:49:27.613539-03	6	4
18	Pedro Henrique Almeida	44780257848	pedro43@gmail.com	86999682597	\N	\N	\N	Teresina	PI	Não foi dessa vez	Online	nao	\N	45	reservado	2026-04-03 01:49:27.616073-03	6	4
19	Pedro Henrique Almeida	44780257848	pedro43@gmail.com	86999682597	\N	\N	\N	Teresina	PI	Cupom R$20 parceiro	Online	nao	\N	45	ganhou	2026-04-02 13:49:27.617602-03	6	4
20	Carlos Eduardo Souza	50985242867	carlos39@gmail.com	86999046059	\N	\N	\N	Teresina	PI	Não foi dessa vez	Online	nao	\N	202	reservado	2026-03-31 13:49:27.620111-03	2	4
21	Carlos Eduardo Souza	50985242867	carlos39@gmail.com	86999046059	\N	\N	\N	Teresina	PI	Não foi dessa vez	Online	nao	\N	202	reservado	2026-03-28 05:49:27.622632-03	2	4
22	Carlos Eduardo Souza	50985242867	carlos39@gmail.com	86999046059	\N	\N	\N	Teresina	PI	Não foi dessa vez	Online	nao	\N	202	reservado	2026-04-03 01:49:27.624161-03	2	4
23	Carlos Eduardo Souza	50985242867	carlos39@gmail.com	86999046059	\N	\N	\N	Teresina	PI	Não foi dessa vez	Online	nao	\N	202	reservado	2026-04-01 12:49:27.625167-03	2	4
24	Anderson Pereira Pinto	59548495235	anderson71@gmail.com	86999296731	\N	\N	\N	Teresina	PI	Não foi dessa vez	Online	nao	\N	214	reservado	2026-03-29 05:49:27.627987-03	14	4
25	Juliana Mendes Rocha	59627397570	juliana16@gmail.com	86999719905	\N	\N	\N	Teresina	PI	Não foi dessa vez	Online	nao	\N	240	reservado	2026-04-01 10:49:27.629991-03	5	4
26	Juliana Mendes Rocha	59627397570	juliana16@gmail.com	86999719905	\N	\N	\N	Teresina	PI	Não foi dessa vez	Online	nao	\N	240	reservado	2026-03-31 14:49:27.631-03	5	4
27	Juliana Mendes Rocha	59627397570	juliana16@gmail.com	86999719905	\N	\N	\N	Teresina	PI	Desconto 10% no plano	Online	nao	\N	240	ganhou	2026-04-02 11:49:27.63453-03	5	4
28	Roberto Silva Neto	70690987742	roberto28@gmail.com	86999857800	\N	\N	\N	Teresina	PI	Não foi dessa vez	Online	nao	\N	167	reservado	2026-04-02 02:49:27.636599-03	4	4
29	Roberto Silva Neto	70690987742	roberto28@gmail.com	86999857800	\N	\N	\N	Teresina	PI	Cupom R$20 parceiro	Online	nao	\N	167	ganhou	2026-03-30 09:49:27.637597-03	4	4
30	Roberto Silva Neto	70690987742	roberto28@gmail.com	86999857800	\N	\N	\N	Teresina	PI	Não foi dessa vez	Online	nao	\N	167	reservado	2026-03-31 06:49:27.639704-03	4	4
31	Roberto Silva Neto	70690987742	roberto28@gmail.com	86999857800	\N	\N	\N	Teresina	PI	Não foi dessa vez	Online	nao	\N	167	reservado	2026-03-30 13:49:27.642707-03	4	4
32	Fernanda Costa Lima	79930585862	fernanda78@gmail.com	86999617558	\N	\N	\N	Teresina	PI	Não foi dessa vez	Online	nao	\N	64	reservado	2026-03-29 05:49:27.644227-03	3	4
33	Fernanda Costa Lima	79930585862	fernanda78@gmail.com	86999617558	\N	\N	\N	Teresina	PI	Não foi dessa vez	Online	nao	\N	64	reservado	2026-04-02 12:49:27.645758-03	3	4
34	Fernanda Costa Lima	79930585862	fernanda78@gmail.com	86999617558	\N	\N	\N	Teresina	PI	Não foi dessa vez	Online	nao	\N	64	reservado	2026-04-01 05:49:27.647758-03	3	4
35	Thiago Nascimento	80158336991	thiago67@gmail.com	86999934255	\N	\N	\N	Teresina	PI	Cupom R$20 parceiro	Online	nao	\N	263	ganhou	2026-04-01 04:49:27.649756-03	10	4
36	Lucas Gabriel Oliveira	82943890286	lucas87@gmail.com	86999028761	\N	\N	\N	Teresina	PI	Não foi dessa vez	Online	nao	\N	46	reservado	2026-04-03 00:49:27.65179-03	8	4
37	Patricia Gomes Duarte	84725257182	patricia79@gmail.com	86999681192	\N	\N	\N	Teresina	PI	Não foi dessa vez	Online	nao	\N	78	reservado	2026-03-30 09:49:27.654329-03	11	4
38	Patricia Gomes Duarte	84725257182	patricia79@gmail.com	86999681192	\N	\N	\N	Teresina	PI	Não foi dessa vez	Online	nao	\N	78	reservado	2026-03-30 10:49:27.656096-03	11	4
39	Megalink Internet	12345678000101	contato@megalink.com.br	86999001001	\N	\N	\N	Teresina	PI	Upgrade 1 mes gratis	Online	nao	\N	99	ganhou	2026-03-28 07:49:30.028967-03	16	3
40	Megalink Internet	12345678000101	contato@megalink.com.br	86999001001	\N	\N	\N	Teresina	PI	Não foi dessa vez	Online	nao	\N	99	reservado	2026-03-31 09:49:30.030987-03	16	3
41	NetFibra Telecom	98765432000199	contato@netfibra.com.br	11999002002	\N	\N	\N	Sao Paulo	SP	Não foi dessa vez	Online	nao	\N	342	reservado	2026-03-28 11:49:30.034131-03	17	3
42	NetFibra Telecom	98765432000199	contato@netfibra.com.br	11999002002	\N	\N	\N	Sao Paulo	SP	Não foi dessa vez	Online	nao	\N	342	reservado	2026-04-01 00:49:30.036137-03	17	3
43	NetFibra Telecom	98765432000199	contato@netfibra.com.br	11999002002	\N	\N	\N	Sao Paulo	SP	Não foi dessa vez	Online	nao	\N	342	reservado	2026-03-30 12:49:30.037163-03	17	3
44	VeloxNet	55566677000188	admin@veloxnet.com.br	21999003003	\N	\N	\N	Rio de Janeiro	RJ	Não foi dessa vez	Online	nao	\N	434	reservado	2026-03-29 01:49:30.038167-03	18	3
45	VeloxNet	55566677000188	admin@veloxnet.com.br	21999003003	\N	\N	\N	Rio de Janeiro	RJ	Desconto 10% no plano	Online	nao	\N	434	ganhou	2026-04-03 12:49:30.039167-03	18	3
46	VeloxNet	55566677000188	admin@veloxnet.com.br	21999003003	\N	\N	\N	Rio de Janeiro	RJ	Upgrade 1 mes gratis	Online	nao	\N	434	ganhou	2026-03-29 10:49:30.040173-03	18	3
47	FibraMax ISP	11122233000155	suporte@fibramax.com.br	31999004004	\N	\N	\N	Belo Horizonte	MG	Não foi dessa vez	Online	nao	\N	420	reservado	2026-04-02 02:49:30.041167-03	19	3
48	ConectaJa	44455566000177	contato@conectaja.com.br	41999005005	\N	\N	\N	Curitiba	PR	Não foi dessa vez	Online	nao	\N	109	reservado	2026-03-30 12:49:30.041167-03	20	3
49	TurboNet	77788899000166	admin@turbonet.com.br	51999006006	\N	\N	\N	Porto Alegre	RS	Não foi dessa vez	Online	nao	\N	214	reservado	2026-04-01 14:49:30.042674-03	21	3
50	TurboNet	77788899000166	admin@turbonet.com.br	51999006006	\N	\N	\N	Porto Alegre	RS	Não foi dessa vez	Online	nao	\N	214	reservado	2026-03-30 10:49:30.044195-03	21	3
51	SpeedLink Telecom	33344455000144	contato@speedlink.com.br	61999007007	\N	\N	\N	Brasilia	DF	Não foi dessa vez	Online	nao	\N	123	reservado	2026-03-29 10:49:30.0452-03	22	3
52	SpeedLink Telecom	33344455000144	contato@speedlink.com.br	61999007007	\N	\N	\N	Brasilia	DF	Não foi dessa vez	Online	nao	\N	123	reservado	2026-03-31 09:49:30.046201-03	22	3
53	RapiNet Fibra	22233344000133	admin@rapinet.com.br	71999008008	\N	\N	\N	Salvador	BA	Não foi dessa vez	Online	nao	\N	353	reservado	2026-03-29 03:49:30.047199-03	23	3
54	RapiNet Fibra	22233344000133	admin@rapinet.com.br	71999008008	\N	\N	\N	Salvador	BA	Camiseta Megalink	Online	nao	\N	353	ganhou	2026-03-29 01:49:30.048199-03	23	3
55	RapiNet Fibra	22233344000133	admin@rapinet.com.br	71999008008	\N	\N	\N	Salvador	BA	Não foi dessa vez	Online	nao	\N	353	reservado	2026-04-02 13:49:30.049202-03	23	3
56	TopNet ISP	66677788000122	suporte@topnet.com.br	81999009009	\N	\N	\N	Recife	PE	Não foi dessa vez	Online	nao	\N	426	reservado	2026-04-01 00:49:30.051202-03	24	3
57	TopNet ISP	66677788000122	suporte@topnet.com.br	81999009009	\N	\N	\N	Recife	PE	Não foi dessa vez	Online	nao	\N	426	reservado	2026-04-01 14:49:30.051202-03	24	3
58	TopNet ISP	66677788000122	suporte@topnet.com.br	81999009009	\N	\N	\N	Recife	PE	Desconto 10% no plano	Online	nao	\N	426	ganhou	2026-04-02 05:49:30.052707-03	24	3
59	AlphaFibra	99988877000111	admin@alphafibra.com.br	85999010010	\N	\N	\N	Fortaleza	CE	Upgrade 1 mes gratis	Online	nao	\N	499	ganhou	2026-03-29 12:49:30.054199-03	25	3
60	DataLink Telecom	11223344000166	contato@datalink.com.br	62999011011	\N	\N	\N	Goiania	GO	Não foi dessa vez	Online	nao	\N	90	reservado	2026-04-03 11:49:30.055207-03	26	3
61	FibraNet Sul	55667788000155	admin@fibranetsul.com.br	48999012012	\N	\N	\N	Florianopolis	SC	Não foi dessa vez	Online	nao	\N	391	reservado	2026-04-03 12:49:30.056209-03	27	3
62	FibraNet Sul	55667788000155	admin@fibranetsul.com.br	48999012012	\N	\N	\N	Florianopolis	SC	Não foi dessa vez	Online	nao	\N	391	reservado	2026-04-01 05:49:30.058207-03	27	3
\.


--
-- Data for Name: roleta_premioroleta; Type: TABLE DATA; Schema: public; Owner: -
--

COPY public.roleta_premioroleta (id, nome, quantidade, posicoes, probabilidade, mensagem_vitoria, tenant_id) FROM stdin;
1	Desconto 10% no plano	5	1	5	Você ganhou um prêmio!	4
2	Cupom R$20 parceiro	10	1	10	Você ganhou um prêmio!	4
3	Upgrade 1 mes gratis	2	1	2	Você ganhou um prêmio!	4
4	Camiseta Megalink	3	1	3	Você ganhou um prêmio!	4
5	Desconto 10% no plano	5	1	5	Você ganhou um prêmio!	3
6	Cupom R$20 parceiro	10	1	10	Você ganhou um prêmio!	3
7	Upgrade 1 mes gratis	2	1	2	Você ganhou um prêmio!	3
8	Camiseta Megalink	3	1	3	Você ganhou um prêmio!	3
\.


--
-- Data for Name: roleta_premioroleta_cidades_permitidas; Type: TABLE DATA; Schema: public; Owner: -
--

COPY public.roleta_premioroleta_cidades_permitidas (id, premioroleta_id, cidade_id) FROM stdin;
\.


--
-- Data for Name: roleta_regrapontuacao; Type: TABLE DATA; Schema: public; Owner: -
--

COPY public.roleta_regrapontuacao (id, gatilho, nome_exibicao, pontos_saldo, pontos_xp, limite_por_membro, ativo, visivel_na_roleta, tenant_id) FROM stdin;
1	pagamento_em_dia	Pagamento em dia	10	5	1	t	t	4
2	fatura_adiantada	Fatura adiantada	20	10	1	t	t	4
3	indicacao_aceita	Indicacao aceita	50	25	1	t	t	4
4	app_instalado	App instalado	15	8	1	t	t	4
5	telefone_verificado	Telefone Verificado	5	10	1	t	t	4
6	pagamento_em_dia	Pagamento em dia	10	5	1	t	t	3
7	fatura_adiantada	Fatura adiantada	20	10	1	t	t	3
8	indicacao_aceita	Indicacao aceita	50	25	1	t	t	3
9	app_instalado	App instalado	15	8	1	t	t	3
10	telefone_verificado	Telefone Verificado	5	10	1	t	t	3
\.


--
-- Data for Name: roleta_roletaconfig; Type: TABLE DATA; Schema: public; Owner: -
--

COPY public.roleta_roletaconfig (id, custo_giro, xp_por_giro, nome_clube, limite_giros_por_membro, periodo_limite, tenant_id) FROM stdin;
\.


--
-- Data for Name: roleta_rouletteasset; Type: TABLE DATA; Schema: public; Owner: -
--

COPY public.roleta_rouletteasset (id, tipo, ordem, imagem, ativo, tenant_id) FROM stdin;
\.


--
-- Data for Name: servicos_cliente_hubsoft; Type: TABLE DATA; Schema: public; Owner: -
--

COPY public.servicos_cliente_hubsoft (id, id_cliente_servico, uuid_cliente_servico, id_servico, numero_plano, nome, valor, tecnologia, velocidade_download, velocidade_upload, status, status_prefixo, data_habilitacao, data_venda, data_inicio_contrato, data_fim_contrato, vigencia_meses, data_cadastro_servico, data_atualizacao_servico, id_cliente_servico_autenticacao, login, senha, mac_addr, phy_addr, vlan, ipv4, ipv6, id_motivo_cancelamento, data_cancelamento, motivo_cancelamento, id_vendedor, vendedor_nome, vendedor_email, dados_completos, data_sync, cliente_id, tenant_id) FROM stdin;
\.


--
-- Data for Name: sistema_feature_plano; Type: TABLE DATA; Schema: public; Owner: -
--

COPY public.sistema_feature_plano (id, nome, slug, categoria, descricao, ativo, plano_id) FROM stdin;
\.


--
-- Data for Name: sistema_funcionalidade; Type: TABLE DATA; Schema: public; Owner: -
--

COPY public.sistema_funcionalidade (id, modulo, codigo, nome, descricao, ordem) FROM stdin;
1	comercial	comercial.ver_dashboard	Ver Dashboard	Acesso ao dashboard comercial	1
2	comercial	comercial.ver_pipeline	Ver Pipeline	Visualizar pipeline Kanban e oportunidades	2
3	comercial	comercial.mover_oportunidade	Mover Oportunidades	Arrastar oportunidades entre estágios	3
4	comercial	comercial.ver_todas_oportunidades	Ver Todas as Oportunidades	Ver oportunidades de todos os vendedores (escopo equipe/todos)	4
5	comercial	comercial.criar_tarefa	Criar e Editar Tarefas	Criar, editar e concluir tarefas no CRM	5
6	comercial	comercial.ver_desempenho	Ver Relatórios de Desempenho	Acessar dashboard de performance por vendedor	6
7	comercial	comercial.gerenciar_metas	Gerenciar Metas	Criar, editar e excluir metas de vendas	7
8	comercial	comercial.gerenciar_equipes	Gerenciar Equipes	Criar equipes e atribuir membros	8
9	comercial	comercial.configurar_pipeline	Configurar Pipelines	Criar/editar pipelines, estágios, webhooks e configurações do CRM	9
10	marketing	marketing.ver_leads	Ver Leads	Visualizar lista de leads e detalhes	1
11	marketing	marketing.gerenciar_campanhas	Gerenciar Campanhas	Criar, editar e excluir campanhas de tráfego	2
12	marketing	marketing.ver_segmentos	Ver Segmentos	Visualizar segmentos e membros	3
13	marketing	marketing.gerenciar_segmentos	Gerenciar Segmentos	Criar, editar segmentos e regras de filtro	4
14	marketing	marketing.ver_automacoes	Ver Automações	Visualizar lista de automações e histórico	5
15	marketing	marketing.gerenciar_automacoes	Gerenciar Automações	Criar, editar e configurar automações no editor visual	6
16	marketing	marketing.configurar	Configurar Marketing	Landing page, ativar/desativar automações, integrações	7
17	cs	cs.ver_dashboard	Ver Dashboard CS	Acesso ao dashboard do Clube	1
18	cs	cs.gerenciar_membros	Gerenciar Membros	Ver, editar saldo e extrato de membros	2
19	cs	cs.gerenciar_cupons	Gerenciar Cupons e Parceiros	CRUD de parceiros, cupons e resgates	3
20	cs	cs.aprovar_cupons	Aprovar/Rejeitar Cupons	Aprovar ou rejeitar cupons de parceiros	4
21	cs	cs.gerenciar_indicacoes	Gerenciar Indicações	Ver, alterar status e converter indicações	5
22	cs	cs.configurar	Configurar CS	Regras de pontuação, níveis, banners, carteirinhas, landing page	6
23	inbox	inbox.ver_minhas	Ver Minhas Conversas	Ver apenas conversas atribuídas a mim	1
24	inbox	inbox.ver_equipe	Ver Conversas da Equipe	Ver conversas de toda a equipe (escopo supervisor)	2
25	inbox	inbox.ver_todas	Ver Todas as Conversas	Ver todas as conversas do tenant	3
26	inbox	inbox.responder	Responder Conversas	Enviar mensagens e notas privadas	4
27	inbox	inbox.transferir_agente	Transferir para Agente	Transferir conversa para outro agente	5
28	inbox	inbox.transferir_equipe	Transferir entre Equipes	Transferir conversa para outra equipe/fila	6
29	inbox	inbox.resolver	Resolver e Reabrir	Resolver, marcar pendente ou reabrir conversas	7
30	inbox	inbox.configurar	Configurar Inbox	Equipes, filas, horários, canais, respostas rápidas, widget	8
31	configuracoes	config.gerenciar_usuarios	Gerenciar Usuários	Criar, editar e excluir usuários do sistema	1
32	configuracoes	config.gerenciar_perfis	Gerenciar Perfis de Permissão	Criar e editar perfis de permissão	2
33	configuracoes	config.gerenciar_planos	Gerenciar Planos e Vencimentos	CRUD de planos de internet e opções de vencimento	3
34	configuracoes	config.gerenciar_fluxos	Gerenciar Fluxos de Atendimento	Configurar fluxos e questões do bot	4
35	configuracoes	config.gerenciar_notificacoes	Gerenciar Notificações	Configurar tipos e canais de notificação	5
\.


--
-- Data for Name: sistema_perfil_permissao; Type: TABLE DATA; Schema: public; Owner: -
--

COPY public.sistema_perfil_permissao (id, nome, descricao, criado_em, tenant_id) FROM stdin;
2	Vendedor	Acesso básico ao CRM e Inbox. Vê apenas suas oportunidades e conversas.	2026-04-05 21:59:32.095387-03	3
3	Supervisor Comercial	Vê oportunidades da equipe, relatórios de desempenho e pode gerenciar metas.	2026-04-05 21:59:32.100593-03	3
4	Gerente Comercial	Acesso total ao Comercial. Configura pipelines, equipes e metas.	2026-04-05 21:59:32.102876-03	3
5	Analista Marketing	Gerencia leads, campanhas e segmentos. Visualiza automações.	2026-04-05 21:59:32.104661-03	3
6	Gerente Marketing	Acesso total ao Marketing. Cria automações e configura landing page.	2026-04-05 21:59:32.10717-03	3
7	Operador CS	Gerencia membros do clube, cupons, parceiros e indicações.	2026-04-05 21:59:32.109293-03	3
8	Gerente CS	Acesso total ao CS. Aprova cupons e configura regras do clube.	2026-04-05 21:59:32.110298-03	3
9	Agente Suporte	Atende conversas no Inbox. Vê apenas suas conversas.	2026-04-05 21:59:32.112091-03	3
10	Supervisor Suporte	Vê conversas da equipe, transfere entre equipes.	2026-04-05 21:59:32.114148-03	3
11	Gerente Suporte	Acesso total ao Inbox. Configura equipes, filas e canais.	2026-04-05 21:59:32.116154-03	3
12	Admin	Acesso total a todos os módulos e configurações.	2026-04-05 21:59:32.117657-03	3
13	Vendedor	Acesso básico ao CRM e Inbox. Vê apenas suas oportunidades e conversas.	2026-04-05 21:59:32.119167-03	4
14	Supervisor Comercial	Vê oportunidades da equipe, relatórios de desempenho e pode gerenciar metas.	2026-04-05 21:59:32.122193-03	4
15	Gerente Comercial	Acesso total ao Comercial. Configura pipelines, equipes e metas.	2026-04-05 21:59:32.123198-03	4
16	Analista Marketing	Gerencia leads, campanhas e segmentos. Visualiza automações.	2026-04-05 21:59:32.125486-03	4
17	Gerente Marketing	Acesso total ao Marketing. Cria automações e configura landing page.	2026-04-05 21:59:32.12649-03	4
18	Operador CS	Gerencia membros do clube, cupons, parceiros e indicações.	2026-04-05 21:59:32.129001-03	4
19	Gerente CS	Acesso total ao CS. Aprova cupons e configura regras do clube.	2026-04-05 21:59:32.131965-03	4
20	Agente Suporte	Atende conversas no Inbox. Vê apenas suas conversas.	2026-04-05 21:59:32.133469-03	4
21	Supervisor Suporte	Vê conversas da equipe, transfere entre equipes.	2026-04-05 21:59:32.134979-03	4
22	Gerente Suporte	Acesso total ao Inbox. Configura equipes, filas e canais.	2026-04-05 21:59:32.136985-03	4
23	Admin	Acesso total a todos os módulos e configurações.	2026-04-05 21:59:32.137985-03	4
24	Vendedor	Acesso básico ao CRM e Inbox. Vê apenas suas oportunidades e conversas.	2026-04-05 21:59:32.141203-03	5
25	Supervisor Comercial	Vê oportunidades da equipe, relatórios de desempenho e pode gerenciar metas.	2026-04-05 21:59:32.143208-03	5
26	Gerente Comercial	Acesso total ao Comercial. Configura pipelines, equipes e metas.	2026-04-05 21:59:32.145208-03	5
27	Analista Marketing	Gerencia leads, campanhas e segmentos. Visualiza automações.	2026-04-05 21:59:32.148005-03	5
28	Gerente Marketing	Acesso total ao Marketing. Cria automações e configura landing page.	2026-04-05 21:59:32.149525-03	5
29	Operador CS	Gerencia membros do clube, cupons, parceiros e indicações.	2026-04-05 21:59:32.15153-03	5
30	Gerente CS	Acesso total ao CS. Aprova cupons e configura regras do clube.	2026-04-05 21:59:32.152813-03	5
31	Agente Suporte	Atende conversas no Inbox. Vê apenas suas conversas.	2026-04-05 21:59:32.154811-03	5
32	Supervisor Suporte	Vê conversas da equipe, transfere entre equipes.	2026-04-05 21:59:32.156207-03	5
33	Gerente Suporte	Acesso total ao Inbox. Configura equipes, filas e canais.	2026-04-05 21:59:32.158212-03	5
34	Admin	Acesso total a todos os módulos e configurações.	2026-04-05 21:59:32.160418-03	5
35	Vendedor	Acesso básico ao CRM e Inbox. Vê apenas suas oportunidades e conversas.	2026-04-08 00:49:26.943396-03	7
36	Supervisor Comercial	Vê oportunidades da equipe, relatórios de desempenho e pode gerenciar metas.	2026-04-08 00:49:26.959563-03	7
37	Gerente Comercial	Acesso total ao Comercial. Configura pipelines, equipes e metas.	2026-04-08 00:49:26.96224-03	7
38	Analista Marketing	Gerencia leads, campanhas e segmentos. Visualiza automações.	2026-04-08 00:49:26.96476-03	7
39	Gerente Marketing	Acesso total ao Marketing. Cria automações e configura landing page.	2026-04-08 00:49:26.966374-03	7
40	Operador CS	Gerencia membros do clube, cupons, parceiros e indicações.	2026-04-08 00:49:26.968395-03	7
41	Gerente CS	Acesso total ao CS. Aprova cupons e configura regras do clube.	2026-04-08 00:49:26.970614-03	7
42	Agente Suporte	Atende conversas no Inbox. Vê apenas suas conversas.	2026-04-08 00:49:26.972779-03	7
43	Supervisor Suporte	Vê conversas da equipe, transfere entre equipes.	2026-04-08 00:49:26.973796-03	7
44	Gerente Suporte	Acesso total ao Inbox. Configura equipes, filas e canais.	2026-04-08 00:49:26.975792-03	7
45	Admin	Acesso total a todos os módulos e configurações.	2026-04-08 00:49:26.986328-03	7
46	Vendedor	Acesso básico ao CRM e Inbox. Vê apenas suas oportunidades e conversas.	2026-04-09 09:29:45.40742-03	8
47	Supervisor Comercial	Vê oportunidades da equipe, relatórios de desempenho e pode gerenciar metas.	2026-04-09 09:29:45.417465-03	8
48	Gerente Comercial	Acesso total ao Comercial. Configura pipelines, equipes e metas.	2026-04-09 09:29:45.420482-03	8
49	Analista Marketing	Gerencia leads, campanhas e segmentos. Visualiza automações.	2026-04-09 09:29:45.422986-03	8
50	Gerente Marketing	Acesso total ao Marketing. Cria automações e configura landing page.	2026-04-09 09:29:45.42499-03	8
51	Operador CS	Gerencia membros do clube, cupons, parceiros e indicações.	2026-04-09 09:29:45.426388-03	8
52	Gerente CS	Acesso total ao CS. Aprova cupons e configura regras do clube.	2026-04-09 09:29:45.427594-03	8
53	Agente Suporte	Atende conversas no Inbox. Vê apenas suas conversas.	2026-04-09 09:29:45.429972-03	8
54	Supervisor Suporte	Vê conversas da equipe, transfere entre equipes.	2026-04-09 09:29:45.430615-03	8
55	Gerente Suporte	Acesso total ao Inbox. Configura equipes, filas e canais.	2026-04-09 09:29:45.433123-03	8
56	Admin	Acesso total a todos os módulos e configurações.	2026-04-09 09:29:45.435219-03	8
\.


--
-- Data for Name: sistema_perfil_permissao_funcionalidades; Type: TABLE DATA; Schema: public; Owner: -
--

COPY public.sistema_perfil_permissao_funcionalidades (id, perfilpermissao_id, funcionalidade_id) FROM stdin;
1	2	1
2	2	2
3	2	3
4	2	5
5	2	23
6	2	26
7	2	27
8	2	29
9	3	1
10	3	2
11	3	3
12	3	4
13	3	5
14	3	6
15	3	7
16	3	23
17	3	24
18	3	26
19	3	27
20	3	28
21	3	29
22	4	1
23	4	2
24	4	3
25	4	4
26	4	5
27	4	6
28	4	7
29	4	8
30	4	9
31	4	23
32	4	24
33	4	25
34	4	26
35	4	27
36	4	28
37	4	29
38	5	10
39	5	11
40	5	12
41	5	13
42	5	14
43	6	10
44	6	11
45	6	12
46	6	13
47	6	14
48	6	15
49	6	16
50	7	17
51	7	18
52	7	19
53	7	21
54	8	17
55	8	18
56	8	19
57	8	20
58	8	21
59	8	22
60	9	26
61	9	27
62	9	29
63	9	23
64	10	23
65	10	24
66	10	26
67	10	27
68	10	28
69	10	29
70	11	23
71	11	24
72	11	25
73	11	26
74	11	27
75	11	28
76	11	29
77	11	30
78	12	1
79	12	2
80	12	3
81	12	4
82	12	5
83	12	6
84	12	7
85	12	8
86	12	9
87	12	10
88	12	11
89	12	12
90	12	13
91	12	14
92	12	15
93	12	16
94	12	17
95	12	18
96	12	19
97	12	20
98	12	21
99	12	22
100	12	23
101	12	24
102	12	25
103	12	26
104	12	27
105	12	28
106	12	29
107	12	30
108	12	31
109	12	32
110	12	33
111	12	34
112	12	35
113	13	1
114	13	2
115	13	3
116	13	5
117	13	23
118	13	26
119	13	27
120	13	29
121	14	1
122	14	2
123	14	3
124	14	4
125	14	5
126	14	6
127	14	7
128	14	23
129	14	24
130	14	26
131	14	27
132	14	28
133	14	29
134	15	1
135	15	2
136	15	3
137	15	4
138	15	5
139	15	6
140	15	7
141	15	8
142	15	9
143	15	23
144	15	24
145	15	25
146	15	26
147	15	27
148	15	28
149	15	29
150	16	10
151	16	11
152	16	12
153	16	13
154	16	14
155	17	10
156	17	11
157	17	12
158	17	13
159	17	14
160	17	15
161	17	16
162	18	17
163	18	18
164	18	19
165	18	21
166	19	17
167	19	18
168	19	19
169	19	20
170	19	21
171	19	22
172	20	26
173	20	27
174	20	29
175	20	23
176	21	23
177	21	24
178	21	26
179	21	27
180	21	28
181	21	29
182	22	23
183	22	24
184	22	25
185	22	26
186	22	27
187	22	28
188	22	29
189	22	30
190	23	1
191	23	2
192	23	3
193	23	4
194	23	5
195	23	6
196	23	7
197	23	8
198	23	9
199	23	10
200	23	11
201	23	12
202	23	13
203	23	14
204	23	15
205	23	16
206	23	17
207	23	18
208	23	19
209	23	20
210	23	21
211	23	22
212	23	23
213	23	24
214	23	25
215	23	26
216	23	27
217	23	28
218	23	29
219	23	30
220	23	31
221	23	32
222	23	33
223	23	34
224	23	35
225	24	1
226	24	2
227	24	3
228	24	5
229	24	23
230	24	26
231	24	27
232	24	29
233	25	1
234	25	2
235	25	3
236	25	4
237	25	5
238	25	6
239	25	7
240	25	23
241	25	24
242	25	26
243	25	27
244	25	28
245	25	29
246	26	1
247	26	2
248	26	3
249	26	4
250	26	5
251	26	6
252	26	7
253	26	8
254	26	9
255	26	23
256	26	24
257	26	25
258	26	26
259	26	27
260	26	28
261	26	29
262	27	10
263	27	11
264	27	12
265	27	13
266	27	14
267	28	10
268	28	11
269	28	12
270	28	13
271	28	14
272	28	15
273	28	16
274	29	17
275	29	18
276	29	19
277	29	21
278	30	17
279	30	18
280	30	19
281	30	20
282	30	21
283	30	22
284	31	26
285	31	27
286	31	29
287	31	23
288	32	23
289	32	24
290	32	26
291	32	27
292	32	28
293	32	29
294	33	23
295	33	24
296	33	25
297	33	26
298	33	27
299	33	28
300	33	29
301	33	30
302	34	1
303	34	2
304	34	3
305	34	4
306	34	5
307	34	6
308	34	7
309	34	8
310	34	9
311	34	10
312	34	11
313	34	12
314	34	13
315	34	14
316	34	15
317	34	16
318	34	17
319	34	18
320	34	19
321	34	20
322	34	21
323	34	22
324	34	23
325	34	24
326	34	25
327	34	26
328	34	27
329	34	28
330	34	29
331	34	30
332	34	31
333	34	32
334	34	33
335	34	34
336	34	35
337	35	1
338	35	2
339	35	3
340	35	5
341	35	23
342	35	26
343	35	27
344	35	29
345	36	1
346	36	2
347	36	3
348	36	4
349	36	5
350	36	6
351	36	7
352	36	23
353	36	24
354	36	26
355	36	27
356	36	28
357	36	29
358	37	1
359	37	2
360	37	3
361	37	4
362	37	5
363	37	6
364	37	7
365	37	8
366	37	9
367	37	23
368	37	24
369	37	25
370	37	26
371	37	27
372	37	28
373	37	29
374	38	10
375	38	11
376	38	12
377	38	13
378	38	14
379	39	10
380	39	11
381	39	12
382	39	13
383	39	14
384	39	15
385	39	16
386	40	17
387	40	18
388	40	19
389	40	21
390	41	17
391	41	18
392	41	19
393	41	20
394	41	21
395	41	22
396	42	26
397	42	27
398	42	29
399	42	23
400	43	23
401	43	24
402	43	26
403	43	27
404	43	28
405	43	29
406	44	23
407	44	24
408	44	25
409	44	26
410	44	27
411	44	28
412	44	29
413	44	30
414	45	1
415	45	2
416	45	3
417	45	4
418	45	5
419	45	6
420	45	7
421	45	8
422	45	9
423	45	10
424	45	11
425	45	12
426	45	13
427	45	14
428	45	15
429	45	16
430	45	17
431	45	18
432	45	19
433	45	20
434	45	21
435	45	22
436	45	23
437	45	24
438	45	25
439	45	26
440	45	27
441	45	28
442	45	29
443	45	30
444	45	31
445	45	32
446	45	33
447	45	34
448	45	35
449	46	1
450	46	2
451	46	3
452	46	5
453	46	23
454	46	26
455	46	27
456	46	29
457	47	1
458	47	2
459	47	3
460	47	4
461	47	5
462	47	6
463	47	7
464	47	23
465	47	24
466	47	26
467	47	27
468	47	28
469	47	29
470	48	1
471	48	2
472	48	3
473	48	4
474	48	5
475	48	6
476	48	7
477	48	8
478	48	9
479	48	23
480	48	24
481	48	25
482	48	26
483	48	27
484	48	28
485	48	29
486	49	10
487	49	11
488	49	12
489	49	13
490	49	14
491	50	10
492	50	11
493	50	12
494	50	13
495	50	14
496	50	15
497	50	16
498	51	17
499	51	18
500	51	19
501	51	21
502	52	17
503	52	18
504	52	19
505	52	20
506	52	21
507	52	22
508	53	26
509	53	27
510	53	29
511	53	23
512	54	23
513	54	24
514	54	26
515	54	27
516	54	28
517	54	29
518	55	23
519	55	24
520	55	25
521	55	26
522	55	27
523	55	28
524	55	29
525	55	30
526	56	1
527	56	2
528	56	3
529	56	4
530	56	5
531	56	6
532	56	7
533	56	8
534	56	9
535	56	10
536	56	11
537	56	12
538	56	13
539	56	14
540	56	15
541	56	16
542	56	17
543	56	18
544	56	19
545	56	20
546	56	21
547	56	22
548	56	23
549	56	24
550	56	25
551	56	26
552	56	27
553	56	28
554	56	29
555	56	30
556	56	31
557	56	32
558	56	33
559	56	34
560	56	35
561	2	6
562	13	6
563	24	6
564	35	6
565	46	6
\.


--
-- Data for Name: sistema_perfil_usuario; Type: TABLE DATA; Schema: public; Owner: -
--

COPY public.sistema_perfil_usuario (id, telefone, user_id, tenant_id) FROM stdin;
2	\N	2	4
3	\N	3	4
4	\N	4	4
5	\N	5	3
6	\N	6	3
7	\N	7	3
1	53981521653	1	3
8	\N	8	7
9	\N	9	8
10	\N	10	8
11	\N	11	8
12	\N	12	8
13	\N	13	7
14	\N	14	7
15	\N	15	7
16	\N	16	7
17	\N	17	7
\.


--
-- Data for Name: sistema_permissao_usuario; Type: TABLE DATA; Schema: public; Owner: -
--

COPY public.sistema_permissao_usuario (id, tenant_id, user_id, perfil_id) FROM stdin;
1	4	2	23
2	4	3	23
3	4	4	23
4	3	5	12
5	3	6	12
6	3	7	12
7	3	1	12
8	7	8	45
9	8	9	56
10	8	10	56
11	8	11	56
12	8	12	56
13	7	13	45
14	7	14	45
15	7	15	35
16	7	16	35
17	7	17	35
\.


--
-- Data for Name: sistema_plano; Type: TABLE DATA; Schema: public; Owner: -
--

COPY public.sistema_plano (id, nome, modulo, tier, descricao, preco_mensal, preco_transacional, unidade_transacional, ordem, destaque, ativo, criado_em, atualizado_em) FROM stdin;
\.


--
-- Data for Name: sistema_tenant; Type: TABLE DATA; Schema: public; Owner: -
--

COPY public.sistema_tenant (id, nome, cnpj, slug, modulo_comercial, modulo_marketing, modulo_cs, plano_comercial, plano_marketing, plano_cs, hubsoft_url, hubsoft_token, em_trial, trial_inicio, trial_fim, ativo, criado_em, atualizado_em, plano_comercial_ref_id, plano_cs_ref_id, plano_marketing_ref_id) FROM stdin;
3	Aurora HQ	\N	aurora-hq	t	t	t	pro	start	start	\N	\N	f	\N	\N	t	2026-04-03 22:47:07.885616-03	2026-04-03 22:47:07.885616-03	\N	\N	\N
4	Megalink Internet	\N	megalink	t	t	t	pro	start	start	\N	\N	f	\N	\N	t	2026-04-03 22:49:24.853264-03	2026-04-03 22:49:24.853264-03	\N	\N	\N
5	Provedor 0	\N	provedor-0	t	f	f	start	starter	starter	\N	\N	f	\N	\N	t	2026-04-05 13:19:30.824814-03	2026-04-05 13:19:30.824814-03	\N	\N	\N
7	Fatepi/Faespi	01.993.025/0001-04	fatepifaespi	t	t	f	pro	pro	pro	\N	\N	f	\N	\N	t	2026-04-07 15:55:35.63162-03	2026-04-08 20:52:42.178621-03	\N	\N	\N
8	Demo ISP	\N	demo	t	t	f	pro	pro	pro	\N	\N	f	\N	\N	t	2026-04-09 09:29:44.11434-03	2026-04-09 09:49:36.678983-03	\N	\N	\N
\.


--
-- Data for Name: status_configuravel; Type: TABLE DATA; Schema: public; Owner: -
--

COPY public.status_configuravel (id, grupo, codigo, rotulo, ativo, ordem, tenant_id) FROM stdin;
\.


--
-- Data for Name: suporte_artigos_conhecimento; Type: TABLE DATA; Schema: public; Owner: -
--

COPY public.suporte_artigos_conhecimento (id, titulo, slug, conteudo, resumo, tags, publicado, destaque, visualizacoes, util_sim, util_nao, criado_em, atualizado_em, autor_id, tenant_id, categoria_id) FROM stdin;
2	Modulo Comercial	modulo-comercial	O modulo Comercial cobre todo o funil de vendas do provedor.\n\nFLUXO:\nLead chega (WhatsApp/Site) > Bot qualifica > Cadastro > Documentos > Contrato > Ativacao no ERP\n\nSUB-APPS:\n- Leads: captura, qualificacao, score automatico, 60+ campos\n- Atendimento: bot conversacional, fluxos com questoes, validacao IA\n- Cadastro: landing page publica, planos, vencimentos, validacao CEP, contrato digital\n- Viabilidade: consulta cobertura tecnica por CEP\n- CRM (Pro): pipeline Kanban, tarefas, metas, equipes, segmentos\n\nCASE:\n1.000 leads/mes, 400 vendas digitais/mes, 2 pessoas fazem o que 8 faziam. Economia de R$ 284.400/ano.	Fluxo completo do lead ao contrato	comercial, leads, crm, cadastro, vendas	t	t	0	0	0	2026-04-06 11:17:54.380888-03	2026-04-06 11:17:54.380888-03	1	3	1
3	Modulo Marketing e Automacoes	modulo-marketing-e-automacoes	AUTOMACOES\n- Editor visual drag-and-drop (Drawflow)\n- 14 gatilhos: lead criado, oportunidade movida, tarefa vencida, etc\n- 8 acoes: WhatsApp, e-mail, notificacao, tarefa CRM, mover estagio, dar pontos, webhook\n- Condicoes if/else, delays reais, rate limiting\n\nCOMO FUNCIONA\n- Signals (tempo real): lead_criado, oportunidade_movida, docs_validados\n- Cron (a cada 5 min): lead_sem_contato, tarefa_vencida, disparo por segmento\n\nCAMPANHAS\n- Deteccao automatica por palavra-chave\n- ROI por campanha\n\nSEGMENTOS\n- Dinamicos (score >= 7, origem = whatsapp)\n- Manuais\n- Preview em tempo real	Editor visual, gatilhos, acoes e segmentos	marketing, automacoes, campanhas, segmentos	t	t	0	0	0	2026-04-06 11:17:54.383388-03	2026-04-06 11:17:54.383388-03	1	3	1
7	Integracao com HubSoft	integracao-com-hubsoft	CONSOME DO HUBSOFT\n- Consultar cliente por CPF\n- Planos disponiveis\n- Status do contrato\n- Situacao financeira\n\nENVIA PARA O HUBSOFT\n- Novo prospecto/lead\n- Documentos\n- Contrato aceito\n\nCONFIGURACAO\n1. Configuracoes > Integracoes > Nova > HubSoft\n2. Preencha URL, Client ID, Secret, Username, Password\n3. Clique Testar para validar	API REST OAuth2, o que consome e envia	hubsoft, erp, integracao, api	t	f	0	0	0	2026-04-06 11:17:54.393091-03	2026-04-06 11:17:54.393091-03	1	3	2
8	Integracao com Uazapi (WhatsApp)	integracao-com-uazapi-whatsapp	CONFIGURACAO\n1. Configuracoes > Integracoes > Nova > Uazapi\n2. URL: https://suainstancia.uazapi.com\n3. Token em Config Extras: {"token": "seu-token"}\n4. Testar conexao\n\nWEBHOOK\nNo painel Uazapi, configure:\nURL: https://seudominio.com/inbox/api/webhook/uazapi/{canal_id}/\nEventos: messages\n\nENDPOINTS: texto, midia, menu interativo, localizacao, contato, PIX	Configurar WhatsApp via Uazapi	uazapi, whatsapp, webhook	t	f	0	0	0	2026-04-06 11:17:54.395125-03	2026-04-06 11:17:54.395125-03	1	3	2
5	Objecoes Comuns e Como Contornar	objecoes-comuns-e-como-contornar	## Guia de Contorno de Objecoes\n\n### "Ja tenho um sistema / Ja uso o [concorrente]"\n\n**O que o provedor quer dizer:** "Nao quero trocar tudo de novo."\n\n**Resposta:**\n"A Aurora nao substitui seu ERP. Na verdade, integramos com ele. Se voce usa HubSoft, a integracao e nativa: o lead entra pelo WhatsApp e sai como contrato ativado la dentro. Se usa MK ou IXC, integramos via API. A Aurora e uma camada de inteligencia em cima do que voce ja usa."\n\n**Se mencionar concorrente especifico (ex: ISPRO AI):**\n"Conhego o [concorrente]. A diferenca e que a Aurora ja esta em producao real, com case comprovado. Temos um provedor fazendo 400 vendas digitais/mes. Alem disso, a integracao com HubSoft e nativa e profunda, nao e apenas webhook."\n\n---\n\n### "E muito caro" / "Nao tenho orcamento"\n\n**O que o provedor quer dizer:** "Nao vejo o retorno." ou "Preciso justificar internamente."\n\n**Resposta:**\n"Entendo. Vamos fazer as contas juntos. Quanto voce gasta por mes com a equipe comercial? [esperar]"\n\n"Um vendedor CLT custa em media R$ 2.500/mes com encargos. Se a Aurora automatiza o trabalho de 3 vendedores, sao R$ 7.500/mes de economia. O plano Comercial Pro custa R$ 897/mes + R$ 7 por venda. Se voce faz 100 vendas/mes, o custo total e R$ 1.597. O ROI e de quase 5x."\n\n"E o Starter comeca em R$ 297/mes. Sem taxa por venda. Para comecar a testar, e menos que um terco de um salario."\n\n**Tabela rapida de ROI:**\n\n| Vendas/mes | Custo Aurora (Pro) | Economia estimada | ROI |\n|------------|-------------------|-------------------|-----|\n| 50 | R$ 1.247 | R$ 5.000 | 4x |\n| 100 | R$ 1.597 | R$ 7.500 | 4.7x |\n| 200 | R$ 2.297 | R$ 12.500 | 5.4x |\n| 400 | R$ 3.697 | R$ 17.500 | 4.7x |\n\n---\n\n### "Nao tenho tempo para implementar"\n\n**O que o provedor quer dizer:** "Parece complicado."\n\n**Resposta:**\n"A implementacao leva de 2 a 4 horas, e a gente faz junto. Configuramos o tenant, integramos com o ERP, ativamos o bot e o CRM. Em uma tarde voce ja esta operando."\n\n"O que voce precisa nos passar: credenciais do ERP, numero do WhatsApp, logo e cores. A gente cuida do resto."\n\n---\n\n### "Ja tentei algo parecido e nao funcionou"\n\n**O que o provedor quer dizer:** "Fui frustrado antes, tenho medo de investir de novo."\n\n**Resposta:**\n"Faz sentido. A maioria das ferramentas do mercado nao integra de verdade com o ERP. O lead fica preso num CRM separado e alguem precisa digitar tudo no HubSoft manualmente. Na Aurora, o fluxo e end-to-end: lead chega, bot qualifica, documentos sao coletados, contrato e gerado e ativado no ERP. Sem retrabalho."\n\n"Posso te mostrar numa demo de 30 minutos exatamente como funciona. Se nao fizer sentido, voce nao perde nada."\n\n---\n\n### "Preciso pensar" / "Vou avaliar"\n\n**O que o provedor quer dizer:** "Ainda nao estou convencido o suficiente."\n\n**Resposta:**\n"Claro, faz todo sentido avaliar com calma. Posso te enviar um resumo por WhatsApp com os pontos que conversamos e os numeros do ROI?"\n\n"E se quiser, posso preparar uma demo personalizada com o logo da [provedor] para voce ver como ficaria na pratica. Sem compromisso. Qual o melhor dia essa semana?"\n\n---\n\n### "Meu provedor e pequeno"\n\n**O que o provedor quer dizer:** "Acho que e so para provedores grandes."\n\n**Resposta:**\n"O plano Starter foi feito exatamente para provedores menores. R$ 297/mes, sem limite de leads, sem taxa por venda. Se voce faz 10 vendas por mes e cada uma economiza 30 minutos de trabalho manual, ja faz sentido."\n\n"E a medida que voce cresce, o sistema escala junto. Comeca com Starter, depois migra para Start ou Pro quando precisar de CRM e automacoes mais avancadas."\n\n---\n\n### "Nao uso HubSoft"\n\n**O que o provedor quer dizer:** "Sera que funciona pro meu ERP?"\n\n**Resposta:**\n"A integracao mais profunda e com o HubSoft, mas a Aurora tambem funciona com MK Solutions, IXCSoft e outros ERPs que tenham API REST. Precisamos avaliar caso a caso qual o nivel de integracao possivel."\n\n"Mesmo sem integracao com ERP, os modulos de CRM, marketing e clube de beneficios funcionam de forma independente. A integracao com ERP automatiza a ativacao do contrato, mas nao e obrigatoria para comecar."\n\n---\n\n### "Minha equipe nao vai usar"\n\n**O que o provedor quer dizer:** "Tenho medo de resistencia interna."\n\n**Resposta:**\n"A Aurora e mais simples que um WhatsApp Web. O vendedor abre o Inbox, ve as conversas, responde. O CRM e um Kanban visual, arrasta o card e pronto. Nao precisa de treinamento longo."\n\n"Alem disso, o bot faz a parte mais chata (qualificacao, coleta de documentos). O vendedor so entra quando o lead ja esta quente e com tudo preenchido."\n\n"E as metricas de desempenho motivam a equipe: ranking, metas, dashboard. Vira uma competicao saudavel."	Respostas detalhadas para as principais objecoes de provedores	vendas, objecoes, contorno, argumentos, negociacao	t	t	0	0	0	2026-04-06 11:17:54.388036-03	2026-04-06 11:46:57.986229-03	1	3	3
1	Visao Geral da AuroraISP	visao-geral-da-auroraisp	## O que e a AuroraISP?\n\nA AuroraISP e um hub de tecnologia com inteligencia artificial desenvolvido exclusivamente para provedores de internet. A plataforma conecta todas as etapas da jornada do cliente: da captacao do lead ate a fidelizacao pos-venda.\n\n**Tagline:** Vende mais. Perde menos. Fideliza sempre.\n**Subtitulo:** Do lead ao cliente fidelizado com inteligencia.\n\n## Modulos do Hub\n\nA Aurora e dividida em 3 grandes modulos, cada um com planos Start e Pro:\n\n### 1. Modulo Comercial\nCobre todo o funil de vendas do provedor, do primeiro contato no WhatsApp ate o contrato ativado no ERP.\n\n**Sub-apps incluidos:**\n- **Leads:** captura multicanal, qualificacao automatica, score inteligente, 60+ campos\n- **Atendimento:** bot conversacional com fluxos configuráveis, 20+ tipos de questao, validacao por IA\n- **Cadastro Digital:** landing page publica personalizada, selecao de planos, vencimentos, validacao de CEP, upload de documentos, contrato digital com aceite\n- **Viabilidade Tecnica:** consulta de cobertura por CEP com integracao ao ERP\n- **CRM (plano Pro):** pipeline Kanban visual com drag-and-drop, oportunidades, tarefas com prazos, metas por vendedor, equipes de vendas, segmentos dinamicos, alertas de churn\n\n**Numeros:** 28 models, 80+ views, 70+ endpoints, 22 templates.\n\n### 2. Modulo Marketing\nMotor de automacao inteligente do hub. Permite criar campanhas, segmentar a base e automatizar comunicacoes.\n\n**Sub-apps incluidos:**\n- **Campanhas:** deteccao automatica por palavra-chave (UTM), ROI por campanha, rastreamento de origem\n- **Segmentos:** dinamicos (score >= 7, origem = whatsapp) e manuais, preview em tempo real, contagem automatica\n- **Automacoes:** editor visual drag-and-drop (Drawflow), 14 gatilhos, 8 acoes, condicoes if/else, delays reais, rate limiting\n\n**Gatilhos disponiveis:** lead criado, lead qualificado, oportunidade criada, oportunidade movida de estagio, documentos validados, contrato aceito, venda finalizada, tarefa vencida, lead sem contato, membro clube criado, indicacao convertida, disparo por segmento, webhook recebido, agendamento (cron).\n\n**Acoes disponiveis:** enviar WhatsApp, enviar e-mail, criar notificacao, criar tarefa no CRM, mover estagio do pipeline, dar pontos no clube, disparar webhook, atribuir responsavel.\n\n**Numeros:** 11 models, 22 views, 22 APIs, 60+ testes.\n\n### 3. Modulo Customer Success (CS)\nSistema completo de fidelizacao e retencao de clientes.\n\n**Sub-apps incluidos:**\n- **Clube de Beneficios:** gamificacao com roleta premiada, sistema de pontos (saldo + XP), missoes, niveis (Iniciante, Bronze, Prata, Ouro, Diamante), landing page publica\n- **Parceiros:** rede de parceiros com cupons de desconto (gratuitos, por pontos, por nivel), fluxo de aprovacao\n- **Indicacoes:** programa "indique e ganhe" com rastreamento automatico e pontuacao na conversao\n- **Carteirinha Digital:** cartao de membro com QR code, templates visuais configuraveis, atribuicao automatica por regras\n- **NPS:** pesquisas de satisfacao (em desenvolvimento)\n- **Retencao:** prevencao de churn com health score e alertas (em desenvolvimento)\n\n**Numeros:** 24 models, 55+ views, 40+ APIs, 30+ templates.\n\n## Diferencial Central\n\n**Integracao nativa e profunda com HubSoft.** Nenhum concorrente oferece essa integracao. O lead entra pelo WhatsApp e sai como contrato ativado no ERP, sem intervencao manual.\n\nA Aurora tambem suporta integracao com MK Solutions, IXCSoft e outros ERPs via API REST.\n\n## Para quem e indicada (ICP)\n\n- Provedores regionais de internet\n- Que utilizam HubSoft (ou outro ERP com API)\n- 500 a 50.000 clientes ativos\n- 2 a 20 vendedores na equipe\n- Que buscam digitalizar e escalar a operacao comercial\n\n## Case de producao\n\nProvedor com 30.000 clientes:\n- 1.000 leads/mes capturados automaticamente\n- 400 vendas digitais/mes sem intervencao humana\n- 2 pessoas fazem o que 8 faziam antes\n- Economia de R$ 284.400/ano em pessoal\n- Ticket medio: R$ 99,90	O que e a Aurora, quais modulos oferece, diferencial competitivo e para quem e indicada	aurora, produto, modulos, visao-geral, hub	t	t	0	0	0	2026-04-06 11:17:54.377234-03	2026-04-06 11:46:57.954497-03	1	3	1
10	Arquitetura do Sistema	arquitetura-do-sistema	## Stack Tecnologica\n\n| Componente | Tecnologia |\n|-----------|-----------|\n| Backend | Python 3.11, Django 5.2 |\n| API | Django REST Framework (DRF) |\n| Banco de dados | PostgreSQL |\n| Servidor web | Gunicorn + Nginx |\n| Tarefas | Cron jobs + Django signals |\n| Mensageria | Uazapi (WhatsApp), SMTP (e-mail) |\n| Orquestracao | N8N |\n| Frontend | Django Templates + JavaScript vanilla |\n| Editor visual | Drawflow.js (automacoes) |\n| PDF | WeasyPrint (contratos) |\n| Realtime | Django Channels (WebSocket) |\n| CI/CD | GitHub Actions |\n\n## Estrutura de Apps (15 apps)\n\n```\napps/\n├── sistema/          → Tenant, PerfilUsuario, configs SaaS, base.html, middleware, decorators\n├── comercial/\n│   ├── leads/        → LeadProspecto, score, qualificacao\n│   ├── atendimento/  → Bot conversacional, fluxos, questoes\n│   ├── cadastro/     → Landing page, planos, contrato digital\n│   ├── viabilidade/  → Cobertura por CEP\n│   └── crm/          → Pipeline, oportunidades, tarefas, metas, equipes\n├── marketing/\n│   ├── campanhas/    → Campanhas de trafego, deteccao\n│   └── automacoes/   → Editor visual, gatilhos, acoes, engine\n├── cs/\n│   ├── clube/        → Gamificacao, roleta, pontos, niveis\n│   ├── parceiros/    → Rede de parceiros, cupons\n│   ├── indicacoes/   → Programa de indicacoes\n│   └── carteirinha/  → Cartao digital com QR code\n├── inbox/            → Chat omnichannel, providers, widget\n├── suporte/          → Tickets SLA, base de conhecimento\n├── integracoes/      → ERP, WhatsApp, N8N, services\n├── dashboard/        → Dashboard principal\n├── notificacoes/     → Sistema de notificacoes\n└── admin_aurora/     → Painel de gestao do SaaS\n```\n\n## Multi-Tenancy\n\nO sistema utiliza multi-tenancy logico (banco compartilhado, dados isolados).\n\n**Componentes:**\n- **Tenant model:** representa cada provedor (nome, slug, modulos ativos, plano)\n- **TenantMixin:** mixin para todos os models, adiciona FK para Tenant\n- **TenantManager:** manager que filtra automaticamente pelo tenant do request\n- **TenantMiddleware:** identifica o tenant pela URL/sessao e seta no request\n\n**Isolamento:** todo model que herda TenantMixin so retorna dados do tenant atual. Isso e transparente para as views — basta usar `Model.objects` normalmente.\n\n## API REST\n\nAPIs organizadas em 3 camadas:\n\n### 1. APIs Internas (AJAX)\n- Autenticacao: SessionAuth (cookie do Django)\n- Usadas pelo frontend para operacoes do Inbox, CRM, etc\n- Prefixo: varia por app\n\n### 2. APIs V1 (DRF)\n- Autenticacao: TokenAuth\n- Documentacao: Swagger em /api/docs/\n- Prefixo: /api/v1/\n- Usadas por integrações externas\n\n### 3. APIs N8N\n- Autenticacao: TokenAuth (header Authorization)\n- Prefixo: /api/n8n/\n- Usadas pelos workflows do N8N\n\n## Provider Pattern (Mensageria)\n\nA mensageria usa o padrao Provider para suportar multiplos provedores de WhatsApp:\n\n```\nBaseProvider (ABC)\n├── UazapiProvider    → Uazapi (ativo)\n├── WebhookProvider   → Webhook generico (N8N)\n├── EvolutionProvider → Evolution API (futuro)\n├── MetaCloudProvider → Meta Cloud API (futuro)\n└── TwilioProvider    → Twilio (futuro)\n```\n\nCada provider implementa: enviar_texto, enviar_imagem, enviar_documento, enviar_audio, parse_webhook.\n\nPara adicionar um novo provider: criar um arquivo em `apps/inbox/providers/`, implementar os metodos e registrar. Zero mudancas no core.\n\n## Permissoes\n\n3 camadas:\n1. **Modulo:** acesso sim/nao por modulo\n2. **Funcionalidade:** 35 checkboxes granulares\n3. **Escopo:** meus dados / equipe / todos\n\nEnforcement via PermissaoMiddleware (URL-based) + template tags + decorators.\n\n## Seguranca\n\n- Secrets em variaveis de ambiente (nunca no codigo)\n- EncryptedCharField para credenciais sensiveis\n- PIIFilter no logging (remove CPF, telefone dos logs)\n- @api_token_required para APIs externas\n- @login_required para painel\n- @permissao_required para controle granular\n- Validacao de uploads (tipo, tamanho)\n- Isolamento de tenant em uploads\n- CSRF protection em todos os forms\n- Rate limiting em APIs publicas	Stack tecnologica, apps, multi-tenancy, APIs e infraestrutura	tecnico, arquitetura, stack, django, api, multi-tenancy	t	f	0	0	0	2026-04-06 11:17:54.399205-03	2026-04-06 11:46:58.005184-03	1	3	5
9	Checklist de implementacao	checklist-de-implementacao	1. TENANT: criar tenant, usuario admin, rodar seeds\n2. AMBIENTE: variaveis de ambiente, migrations, SSL\n3. DADOS: planos, vencimentos, pipeline, niveis clube\n4. INTEGRACOES: ERP, WhatsApp, token API\n5. USUARIOS: perfis de permissao, equipe vendas\n6. VISUAL: logo, cores, landing page, contrato\n7. GO-LIVE: validar, testar, backups	Passo a passo para ativar novo provedor	onboarding, implementacao, checklist	t	f	2	0	0	2026-04-06 11:17:54.397157-03	2026-04-06 11:17:54.397157-03	1	3	4
4	Pitch de Vendas	pitch-de-vendas	ABERTURA\n"Ola! Sou [nome] da AuroraISP. A gente ajuda provedores de internet a vender mais, perder menos e fidelizar clientes."\n\nPERGUNTAS DE QUALIFICACAO\n1. Quantos clientes ativos voce tem?\n2. Quantos vendedores na equipe?\n3. Qual ERP usa? (HubSoft, MK, IXC?)\n4. Como e o processo de venda hoje?\n5. Quantos leads por mes recebe?\n\nSOLUCAO (adaptar por dor)\n- Lead no WhatsApp > bot qualifica > documentos > contrato > HubSoft\n- CRM Kanban com pipeline visual, metas e desempenho\n- Cadastro digital com landing page propria\n\nCASE\n"Um provedor com 30.000 clientes: 1.000 leads/mes, 400 vendas digitais/mes. Economia de R$ 284.400/ano."\n\nPROXIMO PASSO\n"Posso agendar uma demo de 30 minutos?"	Script e argumentos para apresentar a Aurora a provedores	vendas, pitch, script	t	t	1	0	0	2026-04-06 11:17:54.385519-03	2026-04-06 11:17:54.385519-03	1	3	3
12	Modulo Comercial — Guia Completo	modulo-comercial-guia-completo	## Visao Geral\n\nO Modulo Comercial cobre todo o funil de vendas do provedor de internet, desde a captura do lead ate a ativacao do contrato no ERP. E composto por 5 sub-apps integrados.\n\n## Fluxo Principal\n\n```\nLead chega (WhatsApp/Site/Campanha)\n  → Bot qualifica automaticamente\n    → Cadastro digital (plano, documentos, contrato)\n      → Validacao e aprovacao\n        → Ativacao no ERP (HubSoft/MK/IXC)\n```\n\n## 1. Leads\n\nO app de Leads e o ponto de entrada de todos os contatos comerciais.\n\n**Funcionalidades:**\n- Captura multicanal: WhatsApp, site, landing page, importacao manual\n- Score automatico de qualificacao (0 a 10)\n- 60+ campos por lead (dados pessoais, endereco, plano, documentos)\n- Status: novo, em_atendimento, qualificado, cadastro, documentos, contrato, finalizado, cancelado\n- Gestao de imagens/documentos (RG, CPF, comprovante)\n- Historico completo de interacoes\n\n**Campos principais:** nome, telefone, email, cpf, data_nascimento, cep, endereco completo, plano_interesse, vencimento, score, origem, campanha, responsavel, observacoes.\n\n**Score de qualificacao:** calculado automaticamente com base em: preenchimento de dados, validacao de CPF, confirmacao de interesse, viabilidade tecnica, tempo de resposta.\n\n## 2. Atendimento (Bot)\n\nO bot conversacional automatiza o primeiro contato e qualificacao do lead.\n\n**Funcionalidades:**\n- Fluxos configuráveis com 20+ tipos de questao\n- Tipos de questao: texto, numero, CPF, CNPJ, email, telefone, CEP, data, sim/nao, escolha unica, escolha multipla, foto, documento, localizacao\n- Validacao inteligente por IA (verifica se a resposta faz sentido)\n- Roteamento para humano quando necessario\n- Integração com N8N para webhooks\n\n**Fluxo do bot:**\n1. Recepciona o lead (mensagem de boas-vindas)\n2. Faz perguntas de qualificacao na ordem configurada\n3. Valida cada resposta (formato + IA)\n4. Preenche automaticamente os campos do lead\n5. Move o lead para o proximo estagio\n6. Notifica o vendedor responsavel\n\n## 3. Cadastro Digital\n\nLanding page publica para o cliente completar seu cadastro.\n\n**Funcionalidades:**\n- Pagina personalizada com logo e cores do provedor\n- Selecao de plano de internet (sincronizado com ERP)\n- Escolha de dia de vencimento\n- Validacao de CEP e preenchimento automatico de endereco\n- Upload de documentos (RG, CPF, comprovante de residencia)\n- Contrato digital com aceite via checkbox\n- Gera link unico por lead\n\n**Configuracoes visuais:** cor primaria, cor secundaria, logo, banner, texto de boas-vindas, campos obrigatorios, tipos de documento aceitos, template do contrato.\n\n## 4. Viabilidade Tecnica\n\nVerifica se o provedor atende determinado endereco.\n\n**Funcionalidades:**\n- Consulta por CEP\n- Integracao com base do ERP para verificar cobertura\n- Retorno de planos disponiveis na regiao\n- Bloqueio automatico de cadastro se nao houver viabilidade\n\n## 5. CRM (Plano Pro)\n\nPipeline visual completo para gestao de oportunidades comerciais.\n\n**Funcionalidades:**\n- Pipeline Kanban com drag-and-drop entre estagios\n- Estagios padrao: Novo Lead, Primeiro Contato, Qualificacao, Proposta Enviada, Negociacao, Fechado/Ganho, Fechado/Perdido\n- Oportunidades com valor estimado, probabilidade, data prevista\n- Tarefas vinculadas a oportunidades (com prazo, responsavel, status)\n- Notas internas por oportunidade\n- Equipes de vendas com supervisor\n- Metas por vendedor (mensal, por quantidade ou valor)\n- Dashboard de desempenho com graficos\n- Segmentos dinamicos (filtros salvos para segmentar oportunidades)\n- Alertas de churn (oportunidades paradas por X dias)\n\n**Metricas disponíveis:** taxa de conversao por estagio, ticket medio, tempo medio de fechamento, meta atingida (%), ranking de vendedores, oportunidades por origem.\n\n## Integracao com ERP\n\nO modulo comercial sincroniza com o ERP do provedor:\n- **Consome:** planos disponiveis, status de clientes, viabilidade por CEP\n- **Envia:** novo prospecto/lead, documentos, contrato aceito, status de processamento\n\nA sincronizacao pode ser via API REST (HubSoft, MK, IXC) ou via N8N (webhooks).	Fluxo completo do lead ao contrato: Leads, Atendimento, Cadastro, Viabilidade e CRM	comercial, leads, crm, cadastro, vendas, atendimento, viabilidade, pipeline	t	t	0	0	0	2026-04-06 11:46:57.965065-03	2026-04-06 11:46:57.965065-03	1	3	1
13	Modulo Marketing e Automacoes — Guia Completo	modulo-marketing-e-automacoes-guia-completo	## Visao Geral\n\nO Modulo Marketing e o motor de automacao inteligente da Aurora. Permite criar campanhas com rastreamento de ROI, segmentar leads dinamicamente e construir fluxos automatizados com editor visual.\n\n## 1. Campanhas\n\nGerenciamento de campanhas de trafego com rastreamento automatico de leads.\n\n**Funcionalidades:**\n- Criacao de campanhas com nome, plataforma, investimento e periodo\n- Deteccao automatica: quando um lead menciona uma palavra-chave, e vinculado a campanha\n- Calculo automatico de ROI (receita gerada vs investimento)\n- Dashboard com metricas: leads captados, custo por lead, conversoes, ROI\n\n**Plataformas suportadas:** Meta Ads (Facebook/Instagram), Google Ads, TikTok Ads, Indicacao, Organico.\n\n**Como funciona a deteccao:**\n1. Configure palavras-chave na campanha (ex: "promo200", "black-friday")\n2. Quando um lead chega pelo WhatsApp e menciona a palavra-chave\n3. O sistema automaticamente vincula o lead a campanha\n4. As metricas da campanha sao atualizadas em tempo real\n\n## 2. Segmentos\n\nAgrupamento dinamico de leads com base em criterios configuráveis.\n\n**Funcionalidades:**\n- Segmentos dinamicos: atualizam automaticamente conforme leads mudam\n- Segmentos manuais: selecao fixa de leads\n- Preview em tempo real (contagem de leads que atendem aos criterios)\n- Uso em automacoes (gatilho "disparo por segmento")\n\n**Campos disponiveis para filtro:**\n- score (>=, <=, =)\n- origem (whatsapp, site, indicacao, campanha)\n- status (novo, qualificado, finalizado, etc)\n- data_criacao (ultimos X dias)\n- cidade, estado\n- plano_interesse\n- responsavel\n- estagio do CRM\n- dias sem contato\n\n**Exemplo:** "Leads com score >= 7, origem WhatsApp, criados nos ultimos 30 dias, sem contato ha 3 dias" → segmento "Leads Quentes Sem Retorno".\n\n## 3. Automacoes (Editor Visual)\n\nO coracao do modulo. Permite criar fluxos de automacao com interface drag-and-drop.\n\n### Como funciona o editor\n\nO editor utiliza a biblioteca Drawflow para criar fluxos visuais:\n1. **Arraste** nodos da barra lateral para o canvas\n2. **Conecte** os nodos arrastando de uma saida para uma entrada\n3. **Configure** cada nodo clicando nele (gatilho, condicao ou acao)\n4. **Salve** e ative o fluxo\n\n### Tipos de nodos\n\n**Gatilhos (triggers)** — o que inicia a automacao:\n| Gatilho | Descricao | Tipo |\n|---------|-----------|------|\n| lead_criado | Novo lead no sistema | Signal (tempo real) |\n| lead_qualificado | Lead atinge score minimo | Signal |\n| oportunidade_criada | Nova oportunidade no CRM | Signal |\n| oportunidade_movida | Oportunidade muda de estagio | Signal |\n| documentos_validados | Docs do lead aprovados | Signal |\n| contrato_aceito | Cliente aceita contrato digital | Signal |\n| venda_finalizada | Venda confirmada no ERP | Signal |\n| membro_clube_criado | Novo membro no clube | Signal |\n| indicacao_convertida | Indicacao virou cliente | Signal |\n| lead_sem_contato | Lead sem interacao ha X dias | Cron (cada 5 min) |\n| tarefa_vencida | Tarefa do CRM passou do prazo | Cron |\n| disparo_por_segmento | Leads que entram num segmento | Cron |\n| webhook_recebido | Webhook externo recebido | Signal |\n| agendamento | Execucao em horario fixo | Cron |\n\n**Condicoes (conditions)** — filtros if/else:\n- Campo: qualquer campo do lead, oportunidade ou contexto\n- Operadores: igual, diferente, maior, menor, contem, nao contem\n- Saidas: "Sim" (condicao atendida) e "Nao" (nao atendida)\n\n**Acoes (actions)** — o que a automacao faz:\n| Acao | Descricao | Configuracao |\n|------|-----------|-------------|\n| enviar_whatsapp | Envia mensagem no WhatsApp | telefone, mensagem (suporta variaveis) |\n| enviar_email | Envia e-mail | destinatario, assunto, corpo |\n| criar_notificacao | Notifica usuario do sistema | titulo, mensagem, destinatario |\n| criar_tarefa_crm | Cria tarefa no CRM | titulo, descricao, responsavel, prazo |\n| mover_estagio | Move oportunidade no pipeline | estagio_destino |\n| dar_pontos_clube | Adiciona pontos ao membro | quantidade, tipo (saldo/xp), motivo |\n| disparar_webhook | Envia dados para URL externa | url, metodo, payload |\n| atribuir_responsavel | Atribui vendedor ao lead | equipe (round-robin automatico) |\n\n### Variaveis disponiveis nas mensagens\n\nDentro de mensagens de WhatsApp e e-mail, voce pode usar variaveis:\n- `{lead_nome}` — nome do lead\n- `{lead_telefone}` — telefone\n- `{lead_email}` — e-mail\n- `{lead_plano}` — plano de interesse\n- `{oportunidade_valor}` — valor da oportunidade\n- `{estagio_nome}` — estagio atual no pipeline\n- `{responsavel}` — nome do vendedor responsavel\n\n### Execucao\n\nA engine de automacoes funciona em duas camadas:\n- **Signals (tempo real):** quando um evento ocorre (lead criado, oportunidade movida), o Django signal dispara imediatamente\n- **Cron (a cada 5 minutos):** verifica condicoes temporais (lead sem contato, tarefa vencida, segmentos)\n\nCada execucao gera um log com: automacao, nodo executado, resultado, dados de entrada, timestamp. Execucoes com erro ficam marcadas para analise.\n\n### Rate Limiting\n\nO sistema controla para nao executar a mesma automacao para o mesmo lead mais de uma vez (ControleExecucao). Isso evita spam e loops infinitos.	Campanhas, segmentos dinamicos e editor visual de automacoes com gatilhos e acoes	marketing, automacoes, campanhas, segmentos, gatilhos, acoes, drawflow	t	t	0	0	0	2026-04-06 11:46:57.970758-03	2026-04-06 11:46:57.970758-03	1	3	1
14	Modulo Customer Success — Guia Completo	modulo-customer-success-guia-completo	## Visao Geral\n\nO Modulo Customer Success (CS) e o sistema de fidelizacao e retencao de clientes da Aurora. Transforma clientes em promotores da marca atraves de gamificacao, beneficios exclusivos e programas de indicacao.\n\n## 1. Clube de Beneficios\n\nSistema de gamificacao completo para engajar clientes do provedor.\n\n### Como funciona\n\n1. Cliente acessa a landing page do clube (link no boleto, WhatsApp, etc)\n2. Se cadastra informando nome e CPF\n3. Recebe SMS/WhatsApp com codigo OTP para validacao\n4. Ao entrar, pode girar a roleta, resgatar cupons, indicar amigos\n\n### Sistema de Pontos\n\nO clube usa dois tipos de pontos:\n- **Saldo:** moeda virtual que o cliente gasta (resgatar premios, cupons)\n- **XP (Experiencia):** acumula e nunca diminui, serve para subir de nivel\n\n**Regras de pontuacao configuráveis:**\n- Cadastro no clube: X pontos\n- Confirmar telefone (OTP): X pontos\n- Indicacao que converte: X pontos\n- Compra de plano upgrade: X pontos\n- Aniversario: X pontos\n- Missoes especiais: X pontos\n\n### Niveis\n\n5 niveis padrao (configuráveis por provedor):\n| Nivel | XP Minimo | Beneficios |\n|-------|-----------|-----------|\n| Iniciante | 0 | Acesso basico ao clube |\n| Bronze | 100 | Cupons exclusivos nivel Bronze |\n| Prata | 500 | Cupons Prata + 1 giro extra na roleta |\n| Ouro | 1.500 | Cupons Ouro + 2 giros extras |\n| Diamante | 5.000 | Todos os cupons + 3 giros extras + prioridade suporte |\n\n### Roleta Premiada\n\nMecanica de gamificacao visual com roleta que gira e sorteia premios.\n\n**Configuracoes:**\n- Premios com nome, descricao, probabilidade e imagem\n- Giros diarios (padrao: 1 por dia, mais por nivel)\n- Cooldown entre giros\n- Assets visuais customizaveis (fundo, seta, centro)\n\n**Tipos de premio:** desconto em mensalidade, cupom de parceiro, pontos bonus, brinde fisico, upgrade temporario.\n\n### Landing Page Publica\n\nCada provedor tem sua landing page do clube personalizada:\n- URL: `seudominio.com/clube/`\n- Logo, cores e banners do provedor\n- Secoes: banner principal, beneficios, parceiros em destaque, como funciona\n- Formulario de cadastro integrado\n\n### Dashboard do Membro\n\nApos login, o membro acessa:\n- Saldo de pontos e XP\n- Nivel atual e progresso para o proximo\n- Roleta (se tiver giros disponiveis)\n- Cupons disponiveis para resgate\n- Historico de pontos (extrato)\n- Indicacoes realizadas e status\n- Carteirinha digital\n\n## 2. Parceiros\n\nRede de parceiros locais que oferecem descontos aos membros do clube.\n\n### Como funciona\n\n1. Provedor cadastra parceiros (restaurantes, academias, lojas)\n2. Cada parceiro pode ter multiplos cupons de desconto\n3. Membros do clube resgatam cupons pelo app/site\n4. Parceiro valida o cupom pelo codigo unico\n\n### Tipos de cupom\n\n- **Gratuito:** qualquer membro pode resgatar\n- **Por pontos:** custa X pontos de saldo\n- **Por nivel:** disponivel apenas para membros de determinado nivel ou superior\n\n### Gestao de parceiros\n\n- Categorias: alimentacao, saude, educacao, lazer, servicos, varejo\n- Dados: nome, CNPJ, contato, endereco, logo, descricao\n- Status: pendente, ativo, inativo\n- Cupons vinculados com validade, quantidade maxima e regras\n\n## 3. Indicacoes\n\nPrograma "indique e ganhe" para aquisicao organica de clientes.\n\n### Fluxo\n\n1. Membro compartilha seu link/codigo de indicacao\n2. Indicado se cadastra usando o link\n3. Sistema rastreia a indicacao automaticamente\n4. Quando o indicado se torna cliente ativo, ambos ganham pontos\n\n### Configuracoes\n\n- Pontos para quem indica (ex: 200 pontos)\n- Pontos para quem foi indicado (ex: 100 pontos)\n- Limite de indicacoes por membro (ou ilimitado)\n- Condicao de conversao: cadastro, primeiro pagamento, X dias ativo\n\n### Rastreamento\n\n- Status da indicacao: pendente, convertida, expirada, cancelada\n- Dashboard com: total de indicacoes, convertidas, taxa de conversao, top indicadores\n\n## 4. Carteirinha Digital\n\nCartao de membro digital com QR code para identificacao.\n\n### Funcionalidades\n\n- Template visual configuravel (cores, layout, campos exibidos)\n- QR code unico por membro (valida identidade)\n- Dados exibidos: nome, nivel, foto, validade, numero do membro\n- Regras de atribuicao automatica (ex: todos os membros Bronze+)\n- Visualizacao em tela cheia no celular (funciona como cartao fisico)\n\n## 5. NPS e Retencao (Em Desenvolvimento)\n\n### NPS\n- Envio automatico de pesquisa de satisfacao\n- Calculo do Net Promoter Score\n- Alertas para detratores\n\n### Retencao\n- Health Score por cliente (baseado em: pagamentos, suporte, engajamento)\n- Alertas automaticos para clientes em risco\n- Acoes preventivas via automacao (desconto, contato proativo)	Clube de Beneficios, Parceiros, Indicacoes, Carteirinha Digital e retencao	cs, clube, parceiros, indicacoes, carteirinha, fidelizacao, gamificacao, pontos	t	t	0	0	0	2026-04-06 11:46:57.974045-03	2026-04-06 11:46:57.974045-03	1	3	1
15	Inbox e Atendimento Omnichannel	inbox-e-atendimento-omnichannel	## Visao Geral\n\nO Inbox e a central de atendimento unificada da Aurora. Reune todas as conversas de todos os canais em uma unica interface, permitindo que agentes atendam clientes de forma eficiente.\n\n## Interface (3 paineis)\n\n### Painel Esquerdo: Lista de Conversas\n- Filtros por status: Todas, Abertas, Pendentes, Resolvidas\n- Filtros por atribuicao: Minhas, Nao atribuidas, Todas\n- Busca por nome, telefone ou conteudo\n- Ordenacao por data (mais recente primeiro)\n- Badge com contagem de nao lidas\n- Preview da ultima mensagem\n\n### Painel Central: Chat\n- Historico completo de mensagens\n- Identificacao visual: mensagens do cliente (esquerda), do agente (direita), do bot (centro)\n- Envio de texto, emojis, arquivos (imagem, video, audio, PDF, documentos)\n- Respostas rapidas (digite "/" para selecionar)\n- Notas privadas (visiveis apenas para agentes)\n- Indicador de "digitando..."\n\n### Painel Direito: Contexto\n- Dados do contato (nome, telefone, e-mail)\n- Acoes da conversa: atribuir agente, equipe, prioridade, etiquetas\n- Informacoes do lead/CRM (se vinculado)\n- Notas internas do contato\n- Ticket de suporte vinculado\n- Busca na base de conhecimento\n- Conversas anteriores do mesmo contato\n\n## Funcionalidades Principais\n\n### Atribuicao de Conversas\n- Manual: selecionar agente no dropdown\n- "Atribuir a mim": um clique para assumir a conversa\n- Por equipe: atribuir a uma equipe (distribuicao automatica)\n- Automatica: regras de roteamento por fila\n\n### Status da Conversa\n- **Aberta:** conversa ativa, aguardando resolucao\n- **Pendente:** aguardando resposta do cliente ou acao externa\n- **Resolvida:** atendimento concluido (sai da lista principal)\n\n### Transferencia\n- Para outro agente (com motivo opcional)\n- Para outra equipe\n- Para outra fila\n- Historico de transferencias mantido\n\n### Prioridade\n4 niveis: Baixa, Normal, Alta, Urgente\n\n### Etiquetas\nTags coloridas para categorizar conversas (ex: "financeiro", "tecnico", "cancelamento")\n\n### Respostas Rapidas\nTemplates pre-configurados que o agente acessa digitando "/":\n- Saudacao padrao\n- Informacoes de planos\n- Procedimentos tecnicos\n- Encerramento\n\n## Canais Suportados\n\n| Canal | Provider | Status |\n|-------|----------|--------|\n| WhatsApp | Uazapi | Ativo |\n| WhatsApp | Evolution API | Planejado |\n| WhatsApp | Meta Cloud API | Planejado |\n| WhatsApp | Twilio | Planejado |\n| E-mail | SMTP/IMAP | Planejado |\n| Chat (Widget) | Proprio | Ativo |\n\n## Widget de Chat\n\nWidget embedavel no site do provedor para atendimento em tempo real.\n\n**Funcionalidades:**\n- 3 abas: Inicio, Mensagens, Ajuda\n- Rastreamento de visitantes\n- Customizacao visual (cores, textos, logo)\n- Validacao de CORS (seguranca)\n- Polling a cada 5 segundos para novas mensagens\n- Zero dependencias externas (JS puro)\n\n**Instalacao:** copiar um snippet de script no site do provedor.\n\n## Tickets de Suporte\n\nSistema formal de tickets com SLA para demandas que exigem acompanhamento.\n\n### Ciclo de vida\n```\nAberto → Em Andamento → Aguardando Cliente → Resolvido → Fechado\n```\n\n### SLA\n- Configuravel por plano do provedor (Starter, Start, Pro)\n- Tempo de primeira resposta (em horas)\n- Tempo de resolucao (em horas)\n- Alerta automatico quando SLA esta proximo de ser violado\n\n### Criacao de ticket\n- A partir de uma conversa do Inbox (1 clique)\n- Manualmente pelo painel de suporte\n- Via API (integracoes externas)\n\n## Base de Conhecimento\n\nCentral de artigos e documentacao para autoatendimento.\n\n**Funcionalidades:**\n- Categorias com icones e cores\n- Artigos com conteudo rico, tags e resumo\n- Busca por titulo, conteudo e tags\n- Artigos em destaque na pagina principal\n- Feedback por artigo (util sim/nao)\n- Contador de visualizacoes\n- Integrado ao Inbox (agente pesquisa artigos durante atendimento)\n- Pagina de gerenciamento (criar, editar, remover categorias e artigos)	Central de atendimento multicanal com WhatsApp, tickets, base de conhecimento e widget	inbox, atendimento, suporte, whatsapp, tickets, omnichannel, widget	t	f	0	0	0	2026-04-06 11:46:57.980021-03	2026-04-06 11:46:57.980021-03	1	3	1
11	Sistema de Permissoes	sistema-de-permissoes	## Visao Geral\n\nA Aurora possui um sistema de permissoes em 3 camadas que permite controlar exatamente o que cada usuario pode acessar.\n\n## As 3 Camadas\n\n### Camada 1: Modulo\nControle de acesso por modulo do sistema (Comercial, Marketing, CS, etc). Se o usuario nao tem acesso ao modulo, nao ve nada daquela area.\n\n### Camada 2: Funcionalidade\nDentro de cada modulo, 35 funcionalidades granulares que podem ser ligadas ou desligadas individualmente.\n\n### Camada 3: Escopo\nDentro de cada funcionalidade, o escopo de dados visiveis:\n- **Meus dados:** apenas registros proprios\n- **Equipe:** registros da sua equipe\n- **Todos:** todos os registros do tenant\n\n## Funcionalidades por Modulo\n\n### Comercial (9 funcionalidades)\n- Ver dashboard comercial\n- Ver pipeline/Kanban\n- Gerenciar oportunidades\n- Ver desempenho de vendedores\n- Gerenciar metas\n- Gerenciar equipes de vendas\n- Gerenciar leads\n- Gerenciar atendimentos (bot)\n- Configurar modulo comercial\n\n### Marketing (7 funcionalidades)\n- Ver leads/contatos\n- Gerenciar campanhas\n- Gerenciar segmentos\n- Gerenciar automacoes\n- Ver relatorios de marketing\n- Configurar modulo marketing\n- Gerenciar fluxos de atendimento\n\n### Customer Success (6 funcionalidades)\n- Ver dashboard CS\n- Gerenciar membros do clube\n- Gerenciar cupons/parceiros\n- Aprovar parceiros\n- Gerenciar indicacoes\n- Configurar modulo CS\n\n### Inbox / Suporte (8 funcionalidades)\n- Ver conversas (minhas)\n- Ver conversas (equipe)\n- Ver conversas (todas)\n- Responder conversas\n- Transferir conversas\n- Resolver conversas\n- Gerenciar tickets\n- Configurar inbox/suporte\n\n### Configuracoes (5 funcionalidades)\n- Gerenciar usuarios\n- Gerenciar perfis de permissao\n- Gerenciar planos e funcionalidades\n- Gerenciar fluxos de atendimento\n- Configurar notificacoes\n\n## Perfis Padrao\n\nA Aurora vem com 11 perfis pre-configurados:\n\n| Perfil | Modulo | Descricao |\n|--------|--------|-----------|\n| Vendedor | Comercial | Ve apenas seus leads e oportunidades |\n| Supervisor Comercial | Comercial | Ve dados da equipe, gerencia metas |\n| Gerente Comercial | Comercial | Acesso total ao modulo comercial |\n| Analista Marketing | Marketing | Cria campanhas e automacoes |\n| Gerente Marketing | Marketing | Acesso total ao marketing |\n| Operador CS | CS | Gerencia membros e cupons |\n| Gerente CS | CS | Acesso total ao CS |\n| Agente Suporte | Suporte | Atende conversas e tickets |\n| Supervisor Suporte | Suporte | Ve todas as conversas, transfere |\n| Gerente Suporte | Suporte | Acesso total ao suporte |\n| Admin | Todos | Acesso completo a tudo |\n\n## Como Gerenciar\n\n### Criar/Editar Perfis\n1. Acesse **Configuracoes > Usuarios > Perfis**\n2. Clique em "Novo Perfil" ou edite um existente\n3. Marque as funcionalidades desejadas (checkboxes)\n4. Salve\n\n### Atribuir Perfil a Usuario\n1. Acesse **Configuracoes > Usuarios**\n2. Selecione o usuario\n3. Escolha o perfil de permissao no dropdown\n4. Salve\n\n### Superusuarios\nUsuarios marcados como superusuario (admin Django) tem acesso total automatico, independente de perfil atribuido.	Perfis, funcionalidades granulares e controle de acesso por modulo	permissoes, perfis, seguranca, funcionalidades, acesso	t	f	1	0	0	2026-04-06 11:17:54.401738-03	2026-04-06 11:46:57.981027-03	1	3	1
16	Pitch de Vendas — Script Completo	pitch-de-vendas-script-completo	## Antes de ligar/visitar\n\n**Pesquise o provedor:**\n- Quantos clientes tem? (site, redes sociais, Teleco)\n- Qual ERP usa? (perguntar ou verificar no site)\n- Tem equipe de vendas ou e centralizado?\n- Tem presenca digital? (site, Instagram, Google)\n\n## Abertura (30 segundos)\n\n"Ola [nome]! Sou [seu nome] da AuroraISP. A gente ajuda provedores de internet a vender mais, perder menos clientes e fidelizar atraves de tecnologia e inteligencia artificial."\n\n"Posso te fazer 3 perguntas rapidas pra entender se faz sentido conversarmos?"\n\n## Perguntas de Qualificacao (2 minutos)\n\n1. **"Quantos clientes ativos voce tem hoje?"**\n   → Mapeia o porte. ICP: 500 a 50.000.\n\n2. **"Quantas pessoas cuidam da parte comercial (vendas + atendimento)?"**\n   → Mapeia a dor de custo e eficiencia.\n\n3. **"Qual ERP voce usa?"**\n   → HubSoft = fit perfeito. MK/IXC = integracao via API. Outro = avaliar.\n\n4. **"Como funciona o processo de venda hoje? Lead chega como?"**\n   → Identifica gargalos. Geralmente: WhatsApp manual, planilha, sem controle.\n\n5. **"Quantos leads por mes voce recebe, mais ou menos?"**\n   → Mapeia volume. Mesmo que nao saiba, ja revela que nao tem controle.\n\n6. **"Voce tem algum programa de fidelizacao ou indicacao?"**\n   → Abre a porta para o modulo CS.\n\n## Diagnostico (1 minuto)\n\nCom base nas respostas, identifique as 2 maiores dores:\n\n| Dor identificada | Modulo Aurora |\n|------------------|---------------|\n| "Perco leads no WhatsApp" | Comercial (bot + captura) |\n| "Nao sei quantos leads recebo" | Comercial (dashboard) |\n| "Vendedor esquece de retornar" | CRM (tarefas + alertas) |\n| "Processo de venda e manual" | Cadastro digital + ERP |\n| "Nao consigo medir ROI de marketing" | Marketing (campanhas) |\n| "Clientes cancelam muito" | CS (clube + retencao) |\n| "Nao tenho indicacoes" | CS (programa de indicacoes) |\n\n## Apresentacao da Solucao (3 minutos)\n\n**Adapte conforme as dores. Nao apresente tudo, foque no que resolve o problema.**\n\n### Se a dor e vendas/leads:\n"Com a Aurora, o lead chega pelo WhatsApp, o bot qualifica automaticamente, coleta documentos, gera o contrato digital e ativa direto no [ERP]. O vendedor so precisa acompanhar pelo CRM. Temos um provedor que faz 400 vendas digitais por mes com 2 pessoas."\n\n### Se a dor e controle/gestao:\n"O CRM da Aurora e um Kanban visual. Voce ve todas as oportunidades, o estagio de cada uma, quem e o responsavel, quanto tempo esta parada. Tem metas, desempenho por vendedor e alertas automaticos."\n\n### Se a dor e fidelizacao/churn:\n"O modulo de CS cria um clube de beneficios pros seus clientes. Tem roleta premiada, cupons de parceiros locais, programa de indicacoes. O cliente ganha pontos por ficar, por indicar amigos, por interagir. Isso reduz churn e gera vendas organicas."\n\n## Case de Prova\n\n"Um provedor com 30.000 clientes, que usava planilha e WhatsApp manual, hoje recebe 1.000 leads por mes pela Aurora. 400 viram vendas digitais. Antes precisava de 8 pessoas na equipe comercial, hoje sao 2. A economia anual e de R$ 284.400."\n\n## Precos (so se perguntarem)\n\n"Temos 3 niveis por modulo. O Comercial Starter comeca em R$ 297/mes. O Pro, com CRM completo, e R$ 897/mes mais R$ 7 por venda finalizada. Nao tem limite de volume."\n\n"O ROI medio e de 5x em 90 dias. Se voce faz 50 vendas por mes, o sistema ja se paga no primeiro mes."\n\n## Proximo Passo\n\n"Posso agendar uma demo de 30 minutos pra te mostrar ao vivo? Vou criar um ambiente de teste com o logo da [provedor] e simular o fluxo completo."\n\n**Se hesitar:**\n"Sem compromisso. Em 30 minutos voce vai ver exatamente como funciona e ai decide se faz sentido. Qual o melhor horario essa semana?"\n\n## Apos a Demo\n\n1. Enviar resumo por WhatsApp com os pontos principais\n2. Enviar proposta comercial personalizada\n3. Agendar follow-up em 3 dias\n4. Se nao responder, follow-up em 7 dias\n5. Maximo 5 tentativas de follow-up	Script detalhado para apresentar a Aurora a provedores de internet	vendas, pitch, script, apresentacao, prospecção	t	t	0	0	0	2026-04-06 11:46:57.984702-03	2026-04-06 11:46:57.984702-03	1	3	3
6	Tabela de Precos e Planos	tabela-de-precos-e-planos	## Modelo de Precificacao\n\nA Aurora cobra uma **mensalidade fixa por modulo** + uma **taxa transacional variavel** mensal. Nao ha limite de volume.\n\n## Precos por Modulo\n\n### Modulo Comercial\n\n| | Starter | Start | Pro |\n|---|---------|-------|-----|\n| Mensalidade | R$ 297/mes | R$ 497/mes | R$ 897/mes |\n| Transacional | — | R$ 7/venda | R$ 7/venda |\n| Leads | Ilimitados | Ilimitados | Ilimitados |\n| Bot/Atendimento | Basico | Avancado | Avancado |\n| Cadastro Digital | Sim | Sim | Sim |\n| Viabilidade | Sim | Sim | Sim |\n| CRM Kanban | — | — | Completo |\n| Equipes/Metas | — | — | Sim |\n| Segmentos CRM | — | — | Sim |\n\n**O que conta como "venda":** contrato finalizado e validado no ERP.\n\n### Modulo Marketing\n\n| | Starter | Start | Pro |\n|---|---------|-------|-----|\n| Mensalidade | R$ 197/mes | R$ 397/mes | R$ 697/mes |\n| Transacional | — | R$ 0,05/contato/mes | R$ 0,05/contato/mes |\n| Campanhas | Basico | Avancado | Avancado |\n| Segmentos | Manuais | Dinamicos | Dinamicos |\n| Automacoes | — | Basicas (5) | Ilimitadas |\n| Editor Visual | — | — | Sim |\n\n**O que conta como "contato":** lead ativo na base (nao removido/cancelado).\n\n### Modulo Customer Success\n\n| | Starter | Start | Pro |\n|---|---------|-------|-----|\n| Mensalidade | R$ 197/mes | R$ 397/mes | R$ 697/mes |\n| Transacional | — | R$ 0,15/cliente ativo | R$ 0,15/cliente ativo |\n| Clube de Beneficios | Basico | Completo | Completo |\n| Roleta | Sim | Sim | Personalizada |\n| Parceiros/Cupons | Ate 10 | Ilimitados | Ilimitados |\n| Indicacoes | Basico | Completo | Completo |\n| Carteirinha | — | Sim | Personalizada |\n| NPS | — | — | Sim |\n| Retencao | — | — | Sim |\n\n**O que conta como "cliente ativo":** membro ativo no clube de beneficios.\n\n## Simulacoes de Custo\n\n### Provedor Pequeno (1.000 clientes, 30 vendas/mes)\n\n| Stack | Custo mensal |\n|-------|-------------|\n| Comercial Starter | R$ 297 |\n| **Total** | **R$ 297/mes** |\n\n### Provedor Medio (5.000 clientes, 100 vendas/mes, 2.000 leads)\n\n| Stack | Custo mensal |\n|-------|-------------|\n| Comercial Start | R$ 497 + R$ 700 (100 vendas) = R$ 1.197 |\n| Marketing Start | R$ 397 + R$ 100 (2.000 contatos) = R$ 497 |\n| CS Start | R$ 397 + R$ 300 (2.000 membros) = R$ 697 |\n| **Total** | **R$ 2.391/mes** |\n\n### Provedor Grande (20.000 clientes, 400 vendas/mes, 8.000 leads)\n\n| Stack | Custo mensal |\n|-------|-------------|\n| Comercial Pro | R$ 897 + R$ 2.800 (400 vendas) = R$ 3.697 |\n| Marketing Pro | R$ 697 + R$ 400 (8.000 contatos) = R$ 1.097 |\n| CS Pro | R$ 697 + R$ 1.800 (12.000 membros) = R$ 2.497 |\n| **Total** | **R$ 7.291/mes** |\n\n## ROI Estimado\n\n- Economia media por venda digitalizada: R$ 45 (tempo do vendedor + retrabalho)\n- Economia por lead qualificado pelo bot: R$ 15\n- Reducao de churn com clube: 2 a 5 pontos percentuais\n\n**ROI medio:** 2,4x a 5x em 90 dias, dependendo do volume.\n\n## Condicoes Especiais\n\n- **Trial 14 dias:** disponivel para provedores com HubSoft\n- **Parceiros comerciais:** 30% do lucro liquido por cliente indicado\n- **Desconto anual:** a definir	Precos detalhados por modulo e plano, modelo de cobranca e simulacoes	precos, planos, precificacao, valores, starter, start, pro	t	t	1	0	0	2026-04-06 11:17:54.390571-03	2026-04-06 11:46:57.98952-03	1	3	3
18	Integracao com WhatsApp (Uazapi)	integracao-com-whatsapp-uazapi	## Visao Geral\n\nO Uazapi e o provedor de WhatsApp atualmente integrado a Aurora. Permite enviar e receber mensagens de WhatsApp diretamente pelo Inbox.\n\n## Configuracao\n\n### 1. Criar a Integracao\n\n1. Acesse **Configuracoes > Integracoes**\n2. Clique em **"Nova Integracao"**\n3. Selecione tipo **Uazapi**\n4. Preencha:\n   - **Nome:** ex: "WhatsApp Principal"\n   - **URL:** URL da sua instancia Uazapi (ex: https://suainstancia.uazapi.com)\n   - **Token:** token de autenticacao da instancia\n5. Clique **"Testar Conexao"**\n6. Salve\n\n### 2. Configurar o Canal no Inbox\n\nApos criar a integracao, um canal WhatsApp e criado automaticamente no Inbox vinculado a essa integracao.\n\n### 3. Configurar o Webhook no Uazapi\n\nNo painel do Uazapi, configure o webhook:\n- **URL:** `https://seudominio.com/inbox/api/webhook/uazapi/{canal_id}/`\n- **Eventos:** messages (mensagens recebidas)\n\nO `canal_id` e o ID do canal criado no passo anterior (visivel na pagina de integracoes).\n\n## Tipos de Mensagem Suportados\n\n### Envio (Aurora → WhatsApp)\n\n| Tipo | Descricao | Endpoint Uazapi |\n|------|-----------|-----------------|\n| Texto | Mensagem de texto simples | /send/text |\n| Imagem | Imagem com legenda opcional | /send/media |\n| Video | Video com legenda opcional | /send/media |\n| Audio | Mensagem de audio | /send/media |\n| Documento | PDF, DOC, XLS, etc | /send/media |\n| VCard | Cartao de contato | /send/vcard |\n| Localizacao | Pin no mapa | /send/location |\n| Menu Interativo | Botoes ou lista de opcoes | /send/menu |\n| Carrossel | Cards com imagem e botoes | /send/carousel |\n| Botao PIX | Botao de pagamento PIX | /send/pix |\n\n### Recebimento (WhatsApp → Aurora)\n\nTodos os tipos de mensagem recebidos sao processados:\n- Texto\n- Imagem (com ou sem legenda)\n- Video\n- Audio\n- Documento\n- Localizacao\n- Contato (VCard)\n- Sticker\n\nAs midias recebidas sao armazenadas e exibidas no Inbox.\n\n## Formato do Webhook\n\nO Uazapi envia webhooks no seguinte formato:\n\n```\n{\n    "EventType": "messages",\n    "message": {\n        "text": "Ola, quero contratar",\n        "type": "text"\n    },\n    "chat": {\n        "phone": "+5553912345678",\n        "name": "Joao Silva"\n    },\n    "key": {\n        "id": "MSG123456"\n    }\n}\n```\n\nA Aurora processa automaticamente:\n1. Identifica o contato pelo telefone\n2. Cria ou localiza a conversa no Inbox\n3. Registra a mensagem\n4. Se nao existe lead, cria automaticamente\n5. Notifica os agentes online\n\n## Troubleshooting\n\n**Mensagens nao chegam no Inbox:**\n- Verifique se o webhook esta configurado no Uazapi\n- Verifique se a URL do webhook esta acessivel externamente\n- Verifique se o token esta correto\n- Verifique os logs em Configuracoes > Integracoes > Logs\n\n**Mensagens nao sao enviadas:**\n- Verifique se a instancia Uazapi esta conectada (status: connected)\n- Verifique se o token esta correto\n- Verifique se o numero de destino esta no formato correto (+5500000000000)\n\n**Teste de conexao falha:**\n- Verifique se a URL da instancia esta correta\n- Verifique se a instancia esta online\n- Verifique se o token nao expirou	Configurar WhatsApp via Uazapi: webhook, envio de mensagens, tipos suportados	uazapi, whatsapp, webhook, mensageria, integracao	t	f	0	0	0	2026-04-06 11:46:57.99341-03	2026-04-06 11:46:57.99341-03	1	3	2
19	Integracao com N8N (Orquestracao)	integracao-com-n8n-orquestracao	## Visao Geral\n\nO N8N e a ferramenta de orquestracao que conecta a Aurora com servicos externos. Funciona como uma "cola" entre sistemas, processando webhooks e executando acoes automatizadas.\n\n## Workflows Essenciais\n\n### 1. Bot de Atendimento\n**Gatilho:** webhook da Aurora quando nova mensagem chega\n**Fluxo:** recebe mensagem → consulta estado do atendimento → gera resposta → envia via Aurora API\n**Usado para:** qualificacao automatica de leads via WhatsApp\n\n### 2. Deteccao de Campanha\n**Gatilho:** webhook da Aurora quando lead criado\n**Fluxo:** analisa texto da primeira mensagem → busca palavra-chave → vincula lead a campanha\n**Usado para:** rastreamento de ROI de campanhas de trafego\n\n### 3. OTP (Codigo de Verificacao)\n**Gatilho:** webhook da Aurora quando membro do clube solicita OTP\n**Fluxo:** gera codigo → envia via WhatsApp → retorna para Aurora validar\n**Usado para:** verificacao de telefone no Clube de Beneficios\n\n### 4. Notificacoes\n**Gatilho:** webhook da Aurora para eventos diversos\n**Fluxo:** formata mensagem → envia via WhatsApp/e-mail para destinatario\n**Usado para:** alertas de tarefas vencidas, novas conversas, metas atingidas\n\n### 5. Sincronizacao com ERP\n**Gatilho:** webhook da Aurora quando venda finalizada\n**Fluxo:** coleta dados do lead → cria prospecto no ERP → envia documentos → ativa contrato\n**Usado para:** integracao com ERPs que nao tem API REST direta\n\n### 6. Consultas ao ERP\n**Gatilho:** API call da Aurora\n**Fluxo:** recebe CPF/dados → consulta no ERP → retorna resultado\n**Usado para:** verificacao de viabilidade, consulta de planos, status de cliente\n\n## APIs da Aurora para N8N\n\nO N8N se comunica com a Aurora atraves de APIs autenticadas por token.\n\n### Endpoints Disponiveis\n\n| Metodo | Endpoint | Descricao |\n|--------|----------|-----------|\n| POST | /api/n8n/receber-mensagem/ | Envia mensagem para o Inbox |\n| POST | /api/n8n/atualizar-status/ | Atualiza status de entrega |\n| GET | /api/v1/leads/ | Lista leads |\n| POST | /api/v1/leads/ | Cria lead |\n| PATCH | /api/v1/leads/{id}/ | Atualiza lead |\n| GET | /api/v1/oportunidades/ | Lista oportunidades CRM |\n| POST | /api/v1/oportunidades/ | Cria oportunidade |\n\n### Autenticacao\n\nTodas as APIs requerem token no header:\n```\nAuthorization: Token seu-token-aqui\n```\n\nO token e gerado em **Configuracoes > Integracoes > Token API**.\n\n## Configuracao do Webhook\n\nPara a Aurora enviar eventos para o N8N:\n\n1. No N8N, crie um workflow com trigger "Webhook"\n2. Copie a URL do webhook gerada\n3. Na Aurora, configure a URL do webhook no canal/integracao correspondente\n4. Teste enviando um evento (ex: nova mensagem no Inbox)\n\n## Boas Praticas\n\n- Use um N8N dedicado por provedor (nao compartilhe entre tenants)\n- Monitore execucoes com falha no painel do N8N\n- Configure retry automatico para webhooks criticos\n- Mantenha tokens API rotacionados periodicamente	Workflows essenciais, APIs disponiveis e configuracao de webhooks	n8n, automacao, webhook, api, orquestracao	t	f	0	0	0	2026-04-06 11:46:57.996449-03	2026-04-06 11:46:57.996449-03	1	3	2
21	Guia de Configuracao — Administrador	guia-de-configuracao-administrador	## Configuracoes da Empresa\n\nAcesse: **Configuracoes > Empresa**\n\n- Nome fantasia e razao social\n- CNPJ\n- Logo (PNG, fundo transparente, recomendado 200x200px)\n- Cor primaria e secundaria (hex)\n- Endereco e telefone de contato\n- E-mail de suporte\n\n## Usuarios\n\nAcesse: **Configuracoes > Usuarios**\n\n### Criar usuario\n1. Clique em "Novo Usuario"\n2. Preencha: nome, e-mail, senha, perfil de permissao\n3. Salve\n\n### Perfis de Permissao\n1. Acesse **Configuracoes > Usuarios > Perfis**\n2. Crie ou edite perfis\n3. Marque as funcionalidades desejadas\n4. Atribua o perfil aos usuarios\n\n## Integracoes\n\nAcesse: **Configuracoes > Integracoes**\n\n### Adicionar integracao\n1. Clique em "Nova Integracao"\n2. Selecione o tipo (HubSoft, Uazapi, N8N, Webhook)\n3. Preencha credenciais\n4. Teste conexao\n5. Salve\n\n### Gerenciar\n- **Testar:** verifica se a conexao esta funcionando\n- **Editar:** altera credenciais ou configuracoes\n- **Ativar/Desativar:** liga ou desliga a integracao sem remover\n- **Remover:** exclui permanentemente\n- **Logs:** visualiza historico de chamadas e erros\n\n## CRM (Comercial Pro)\n\nAcesse: **Comercial > CRM > Configuracoes**\n\n### Pipeline\n- Estagios: criar, reordenar, renomear, definir cor\n- SLA por estagio (dias maximo para mover)\n- Estagio padrao para novos leads\n\n### Equipes\n- Criar equipes de vendas\n- Definir supervisor\n- Adicionar membros\n- Distribuicao automatica de leads (round-robin)\n\n### Metas\n- Definir meta mensal por vendedor\n- Tipo: quantidade de vendas ou valor total\n- Dashboard de acompanhamento\n\n## Cadastro Digital\n\nAcesse: **Comercial > Cadastro > Configuracoes**\n\n- Personalizar visual da landing page (logo, cores, banner)\n- Definir campos obrigatorios\n- Configurar tipos de documento aceitos\n- Editar template do contrato\n- Definir planos visiveis\n- Definir vencimentos disponiveis\n\n## Inbox\n\nAcesse: **Suporte > Configuracoes**\n\n### Canais\n- Gerenciar canais de atendimento (WhatsApp, Widget, etc)\n- Configurar horarios de atendimento\n- Configurar mensagem fora do horario\n\n### Equipes de atendimento\n- Criar equipes\n- Definir membros\n- Configurar filas de atendimento\n- Regras de roteamento automatico\n\n### Respostas rapidas\n- Criar templates de resposta\n- Categorizar por tipo\n- Atalho: digitando "/" no chat\n\n### Etiquetas\n- Criar etiquetas com nome e cor\n- Usar para categorizar conversas\n\n## Automacoes (Marketing)\n\nAcesse: **Marketing > Automacoes**\n\n- Criar fluxos no editor visual\n- Ativar/desativar automacoes\n- Ver logs de execucao\n- Monitorar erros\n\n## Clube de Beneficios (CS)\n\nAcesse: **CS > Clube > Configuracoes**\n\n- Configurar landing page (banner, cores, textos)\n- Definir niveis e XP necessario\n- Configurar regras de pontuacao\n- Configurar roleta (premios, probabilidades)\n- Gerenciar parceiros e cupons\n- Configurar programa de indicacoes	Todas as configuracoes disponiveis no painel e como ajusta-las	configuracao, admin, painel, settings, ajustes	t	f	0	0	0	2026-04-06 11:46:58.011725-03	2026-04-06 11:46:58.011725-03	1	3	5
22	Perguntas Frequentes (FAQ)	perguntas-frequentes-faq	## Geral\n\n**O que e a AuroraISP?**\nA Aurora e um hub de tecnologia com IA para provedores de internet. Automatiza vendas, marketing e fidelizacao de clientes.\n\n**A Aurora substitui meu ERP?**\nNao. A Aurora complementa o ERP. Integramos com HubSoft, MK, IXC e outros para que o fluxo seja automatizado de ponta a ponta.\n\n**Preciso ter HubSoft para usar?**\nNao. A integracao mais profunda e com o HubSoft, mas a Aurora funciona com outros ERPs via API ou de forma independente.\n\n**Quanto tempo leva para implementar?**\nEm media 3 a 4 horas. Configuramos tudo junto: tenant, integracoes, visual, usuarios e dados iniciais.\n\n**Tem periodo de teste?**\nSim, 14 dias gratuitos para provedores com HubSoft.\n\n---\n\n## Comercial\n\n**Como os leads chegam na Aurora?**\nVia WhatsApp (bot automatico), landing page de cadastro, importacao manual ou API externa.\n\n**O bot funciona sozinho ou precisa de alguem?**\nO bot qualifica automaticamente. So precisa de intervencao humana quando o lead tem duvidas especificas ou solicita atendimento.\n\n**Posso personalizar as perguntas do bot?**\nSim. O fluxo do bot e totalmente configuravel: perguntas, ordem, validacoes e acoes pos-resposta.\n\n**O CRM esta disponivel em todos os planos?**\nO CRM Kanban completo (pipeline, tarefas, metas, equipes) esta disponivel no plano Pro. Starter e Start tem gestao basica de leads.\n\n---\n\n## Marketing\n\n**Como funciona a deteccao de campanhas?**\nVoce configura palavras-chave por campanha. Quando um lead menciona essa palavra no WhatsApp, e automaticamente vinculado a campanha.\n\n**Posso criar automacoes sem saber programar?**\nSim. O editor visual e drag-and-drop. Voce arrasta blocos (gatilhos, condicoes, acoes) e conecta. Nao precisa de codigo.\n\n**As automacoes funcionam em tempo real?**\nSim para eventos como "lead criado" ou "oportunidade movida" (via signals). Condicoes temporais como "lead sem contato ha 3 dias" sao verificadas a cada 5 minutos via cron.\n\n---\n\n## Customer Success\n\n**O que e o Clube de Beneficios?**\nUm programa de fidelizacao gamificado. Clientes ganham pontos, sobem de nivel, resgatam cupons de parceiros e giram a roleta premiada.\n\n**Como os clientes acessam o clube?**\nPela landing page publica (link no boleto, WhatsApp, etc). Se cadastram com nome e CPF, validam por OTP e acessam os beneficios.\n\n**Preciso de parceiros locais?**\nE recomendado, mas nao obrigatorio. Os cupons podem ser de descontos do proprio provedor (ex: 10% na proxima mensalidade).\n\n**O programa de indicacoes funciona como?**\nCada membro do clube recebe um link/codigo unico. Quando alguem se cadastra por esse link e se torna cliente, ambos ganham pontos.\n\n---\n\n## Tecnico\n\n**A Aurora e multi-tenant?**\nSim. Cada provedor tem seus dados completamente isolados. Um provedor nao ve dados de outro.\n\n**Qual a disponibilidade do sistema?**\nO sistema roda em infraestrutura dedicada com backup automatico. SLA de disponibilidade conforme plano contratado.\n\n**Os dados sao seguros?**\nSim. Credenciais sao criptografadas, logs nao contem dados pessoais (PIIFilter), uploads sao isolados por tenant, e todas as APIs requerem autenticacao.\n\n**Posso usar minha propria instancia de WhatsApp?**\nSim. Voce configura a integracao com o seu provedor de WhatsApp (Uazapi, Evolution, etc). A Aurora nao fornece numero.\n\n---\n\n## Precos\n\n**Quanto custa a Aurora?**\nDepende dos modulos contratados. O Comercial Starter comeca em R$ 297/mes. Veja a tabela completa no artigo "Tabela de Precos e Planos".\n\n**Tem taxa por venda?**\nNos planos Start e Pro do modulo Comercial, sim: R$ 7 por venda finalizada e validada no ERP. O Starter nao tem taxa variavel.\n\n**Posso contratar apenas um modulo?**\nSim. Cada modulo e independente. Voce pode comecar com o Comercial e depois adicionar Marketing e CS.\n\n**Tem desconto para pagamento anual?**\nCondicoes especiais para pagamento anual estao em definicao. Consulte o comercial.	Respostas para as duvidas mais comuns sobre a Aurora	faq, duvidas, perguntas, suporte	t	f	0	0	0	2026-04-06 11:46:58.015279-03	2026-04-06 11:46:58.015279-03	1	3	6
17	Integracao com HubSoft (ERP)	integracao-com-hubsoft-erp	## Visao Geral\n\nA integracao com o HubSoft e o diferencial central da Aurora. Permite que o fluxo comercial seja completamente automatizado: lead entra pelo WhatsApp e sai como contrato ativado no ERP.\n\n## Autenticacao\n\nA API do HubSoft usa **OAuth2** com as seguintes credenciais:\n- URL da API (ex: https://api.hubsoft.com.br/v1/)\n- Client ID\n- Client Secret\n- Username (usuario da API)\n- Password (senha da API)\n\nO token OAuth2 e renovado automaticamente pela Aurora quando expira.\n\n## O que a Aurora consome do HubSoft\n\n### 1. Consulta de cliente por CPF\n- Verifica se o lead ja e cliente do provedor\n- Retorna dados cadastrais e status\n\n### 2. Planos disponiveis\n- Lista planos de internet ativos\n- Usado no cadastro digital para o cliente escolher o plano\n- Sincroniza automaticamente: nome, velocidade, valor\n\n### 3. Status do contrato\n- Verifica se o contrato foi ativado\n- Atualiza o status do lead automaticamente\n\n### 4. Situacao financeira\n- Consulta inadimplencia do cliente\n- Usado pelo modulo CS para health score\n\n### 5. Viabilidade tecnica\n- Verifica cobertura por CEP/endereco\n- Retorna se o provedor atende aquela regiao\n\n### 6. Vencimentos disponiveis\n- Lista os dias de vencimento aceitos pelo provedor\n\n## O que a Aurora envia para o HubSoft\n\n### 1. Novo prospecto/lead\n- Cria registro de prospecto no HubSoft com dados do lead\n- Campos: nome, CPF, telefone, e-mail, endereco, plano escolhido\n\n### 2. Documentos\n- Envia imagens de RG, CPF, comprovante de residencia\n- Vincula ao prospecto criado\n\n### 3. Contrato aceito\n- Sinaliza que o cliente aceitou o contrato digital\n- Dispara o fluxo de ativacao no HubSoft\n\n### 4. Status de processamento\n- Atualiza o status do prospecto conforme o fluxo avanca\n- Permite acompanhamento no ERP\n\n## Configuracao\n\n### Pelo Painel de Integracoes\n\n1. Acesse **Configuracoes > Integracoes**\n2. Clique em **"Nova Integracao"**\n3. Selecione tipo **HubSoft**\n4. Preencha: URL da API, Client ID, Client Secret, Username, Password\n5. Clique **"Testar Conexao"** para validar\n6. Salve\n\n### IDs Necessarios\n\nPara a integracao funcionar corretamente, o provedor precisa fornecer:\n- **id_origem:** identificador da origem "Aurora" no HubSoft\n- **id_vendedor:** identificador do vendedor padrao para leads da Aurora\n- **id_servico:** identificador do servico/plano principal\n\nEsses IDs sao configurados no painel de integracoes apos a conexao ser estabelecida.\n\n## Outros ERPs Suportados\n\n| ERP | Tipo de Integracao | Status |\n|-----|-------------------|--------|\n| HubSoft | API REST OAuth2 (nativa) | Ativo |\n| MK Solutions | API REST | Planejado |\n| IXCSoft | API REST | Planejado |\n| SGP | A avaliar | Futuro |\n| Controllr | A avaliar | Futuro |\n| Topapp | A avaliar | Futuro |\n\nPara ERPs sem API, a integracao pode ser feita via N8N (webhooks) com adaptacoes.	Configuracao, endpoints consumidos e enviados, autenticacao OAuth2	hubsoft, erp, integracao, api, oauth2	t	t	1	0	0	2026-04-06 11:46:57.991904-03	2026-04-06 11:46:57.991904-03	1	3	2
20	Checklist de Implementacao — Novo Cliente	checklist-de-implementacao-novo-cliente	## Pre-requisitos\n\nAntes de comecar a implementacao, colete do provedor:\n\n**Dados da empresa:**\n- Nome fantasia e razao social\n- CNPJ\n- Slug desejado (ex: megalink, speednet)\n\n**Contrato:**\n- Modulos contratados (Comercial, Marketing, CS)\n- Plano por modulo (Starter, Start, Pro)\n- Periodo de trial (se aplicavel)\n\n**ERP:**\n- Tipo (HubSoft, MK, IXC, outro)\n- URL da API\n- Credenciais (Client ID, Secret, User, Password)\n- IDs: id_origem, id_vendedor, id_servico\n\n**Mensageria/WhatsApp:**\n- Provedor (Uazapi, Evolution, etc)\n- URL da instancia\n- Token de autenticacao\n- Numero do WhatsApp comercial\n\n**Identidade visual:**\n- Logo (PNG, fundo transparente)\n- Cores primaria e secundaria (hex)\n- Modelo de contrato (PDF ou texto)\n\n---\n\n## Fase 1: Criar o Tenant (15 minutos)\n\n1. Acessar o painel Admin Aurora (/aurora-admin/)\n2. Criar novo tenant com os dados da empresa\n3. Marcar os modulos ativos e planos\n4. Criar usuario admin do provedor\n5. Definir senha temporaria e solicitar troca no primeiro acesso\n\n**Verificar:** Login funciona, dashboard carrega, sidebar mostra apenas modulos contratados.\n\n---\n\n## Fase 2: Configurar Ambiente (30 minutos)\n\n1. Configurar variaveis de ambiente (se necessario)\n2. Rodar migrations (se houver pendentes)\n3. Configurar SSL e dominio (se dedicado)\n4. Rodar seeds: funcionalidades, perfis padrao\n\n**Verificar:** Paginas carregam sem erro, HTTPS funciona.\n\n---\n\n## Fase 3: Popular Dados Iniciais (30 minutos)\n\n### Obrigatorios\n- **Planos de internet:** sincronizar com ERP ou cadastrar manualmente\n- **Vencimentos:** dias de vencimento aceitos pelo provedor\n- **Pipeline CRM:** criar estagios (ou usar padrao: Novo Lead, Primeiro Contato, Qualificacao, Proposta, Negociacao, Ganho, Perdido)\n\n### Se modulo CS ativo\n- **Niveis do clube:** configurar niveis e XP necessario\n- **Regras de pontuacao:** definir quantos pontos por acao\n- **Roleta:** configurar premios e probabilidades\n\n---\n\n## Fase 4: Configurar Modulos (1 hora)\n\n### Comercial\n- Configurar CRM: pipeline, estagios, SLA de atendimento\n- Configurar cadastro digital: logo, cores, campos obrigatorios, documentos aceitos, template de contrato\n- Configurar fluxo do bot (perguntas de qualificacao)\n\n### Marketing (se contratado)\n- Criar campanhas iniciais\n- Configurar segmentos basicos\n- Criar primeiras automacoes\n\n### CS (se contratado)\n- Configurar landing page do clube\n- Cadastrar parceiros iniciais\n- Configurar programa de indicacoes\n- Personalizar carteirinha digital\n\n---\n\n## Fase 5: Integrar ERP (30 minutos)\n\n1. Criar integracao no painel (Configuracoes > Integracoes)\n2. Preencher credenciais\n3. Testar conexao\n4. Mapear IDs (origem, vendedor, servico)\n5. Testar fluxo completo: criar lead → sincronizar com ERP\n\n**Verificar:** Teste de conexao OK, planos sincronizados, prospecto criado no ERP.\n\n---\n\n## Fase 6: Integrar WhatsApp (30 minutos)\n\n1. Criar integracao Uazapi/WhatsApp no painel\n2. Configurar token e URL\n3. Testar conexao\n4. Configurar webhook no provedor de WhatsApp\n5. Testar envio e recebimento de mensagem\n\n**Verificar:** Mensagem chega no Inbox, resposta chega no WhatsApp.\n\n---\n\n## Fase 7: Configurar Usuarios e Equipe (30 minutos)\n\n1. Criar usuarios para cada membro da equipe\n2. Atribuir perfis de permissao (Vendedor, Supervisor, Gerente, etc)\n3. Criar equipes de vendas (se CRM Pro)\n4. Definir metas por vendedor (se aplicavel)\n\n---\n\n## Fase 8: Personalizar Visual (15 minutos)\n\n1. Upload do logo na configuracao da empresa\n2. Definir cores primaria e secundaria\n3. Personalizar landing page do cadastro digital\n4. Personalizar landing page do clube (se CS ativo)\n5. Configurar template de contrato\n\n---\n\n## Fase 9: Validacao e Go-Live (30 minutos)\n\n### Checklist final\n\n**Infraestrutura:**\n- [ ] SSL ativo\n- [ ] Variaveis de ambiente configuradas\n- [ ] Migrations rodadas\n- [ ] Seeds executados (funcionalidades, perfis)\n- [ ] Backup configurado\n\n**Funcionalidade:**\n- [ ] Login funciona\n- [ ] Dashboard carrega\n- [ ] Cadastro digital funciona (criar lead de teste)\n- [ ] Bot responde no WhatsApp\n- [ ] CRM exibe pipeline (se Pro)\n- [ ] Tarefas podem ser criadas\n- [ ] Relatorios carregam\n\n**Integracoes:**\n- [ ] ERP conectado e testado\n- [ ] WhatsApp conectado e testado\n- [ ] Envio de mensagem funciona\n- [ ] Recebimento de mensagem funciona\n- [ ] Lead sincronizado com ERP\n\n**Multi-tenancy:**\n- [ ] Dados isolados (nao ve dados de outro provedor)\n- [ ] Uploads isolados\n- [ ] Sidebar filtrada por permissoes\n\n**CS (se ativo):**\n- [ ] Landing page do clube acessivel\n- [ ] Cadastro de membro funciona\n- [ ] OTP funciona\n- [ ] Roleta funciona\n- [ ] Cupons visiveis\n\n**Tempo total estimado: 3 a 4 horas**	Guia passo a passo completo para implementar um novo provedor na Aurora	onboarding, implementacao, checklist, novo-cliente, setup	t	t	3	0	0	2026-04-06 11:46:58.003138-03	2026-04-06 11:46:58.003138-03	1	3	4
\.


--
-- Data for Name: suporte_categorias; Type: TABLE DATA; Schema: public; Owner: -
--

COPY public.suporte_categorias (id, nome, slug, descricao, icone, ordem, ativo, tenant_id, fila_padrao_id) FROM stdin;
1	Bug	bug		fa-bug	1	t	3	\N
2	Duvida	duvida		fa-question-circle	2	t	3	\N
3	Solicitacao	solicitacao		fa-hand-paper	3	t	3	\N
4	Incidente	incidente		fa-exclamation-triangle	4	t	3	\N
5	Melhoria	melhoria		fa-lightbulb	5	t	3	\N
6	Bug	bug		fa-bug	0	t	4	\N
7	Duvida	duvida		fa-question-circle	0	t	4	\N
8	Solicitacao	solicitacao		fa-hand-paper	0	t	4	\N
9	Suporte Técnico		Problemas técnicos com a internet	fa-tag	0	t	8	\N
11	Suporte Técnico	suporte-tecnico	Problemas técnicos com a internet	fa-tag	0	t	8	\N
12	Financeiro	financeiro	Dúvidas sobre faturas e pagamentos	fa-tag	0	t	8	\N
\.


--
-- Data for Name: suporte_categorias_conhecimento; Type: TABLE DATA; Schema: public; Owner: -
--

COPY public.suporte_categorias_conhecimento (id, nome, slug, descricao, icone, cor_hex, ordem, ativo, tenant_id) FROM stdin;
1	Produto	produto		fa-cube	#3b82f6	1	t	3
2	Integrações	integracoes		fa-plug	#8b5cf6	2	t	3
3	Vendas	vendas		fa-handshake	#16a34a	3	t	3
4	Onboarding	onboarding		fa-rocket	#f59e0b	4	t	3
5	Técnico	tecnico		fa-cog	#64748b	5	t	3
6	Perguntas Frequentes	perguntas-frequentes		fa-circle-question	#ec4899	6	t	3
\.


--
-- Data for Name: suporte_comentarios; Type: TABLE DATA; Schema: public; Owner: -
--

COPY public.suporte_comentarios (id, mensagem, interno, data_criacao, autor_id, tenant_id, ticket_id) FROM stdin;
1	Estamos analisando o problema. Retorno em breve.	f	2026-04-03 22:49:27.715068-03	1	3	3
2	Verificar logs de integracao no monitoramento.	t	2026-04-03 22:49:27.725357-03	1	3	3
3	Estamos analisando o problema. Retorno em breve.	f	2026-04-03 22:49:27.726355-03	1	3	2
4	Verificar logs de integracao no monitoramento.	t	2026-04-03 22:49:27.727879-03	1	3	2
\.


--
-- Data for Name: suporte_historico_ticket; Type: TABLE DATA; Schema: public; Owner: -
--

COPY public.suporte_historico_ticket (id, tipo, campo, valor_anterior, valor_novo, descricao, data, tenant_id, ticket_id, usuario_id) FROM stdin;
\.


--
-- Data for Name: suporte_sla_config; Type: TABLE DATA; Schema: public; Owner: -
--

COPY public.suporte_sla_config (id, plano_tier, tempo_primeira_resposta_horas, tempo_resolucao_horas, ativo, tenant_id) FROM stdin;
1	starter	24	72	t	3
2	start	12	48	t	3
3	pro	4	24	t	3
4	starter	24	72	t	4
5	start	12	48	t	4
6	pro	4	24	t	4
\.


--
-- Data for Name: suporte_tickets; Type: TABLE DATA; Schema: public; Owner: -
--

COPY public.suporte_tickets (id, numero, titulo, descricao, prioridade, status, sla_horas, data_abertura, data_primeira_resposta, data_resolucao, data_fechamento, atendente_id, categoria_id, solicitante_id, tenant_id, tenant_cliente_id, csat_comentario, csat_data, csat_nota) FROM stdin;
1	1	Erro ao sincronizar clientes HubSoft	A sincronizacao retorna timeout apos 30 segundos.	alta	em_andamento	24	2026-04-03 22:49:27.691107-03	\N	\N	\N	1	1	2	3	4		\N	\N
2	2	Como configurar fluxo de atendimento?	Preciso criar um fluxo novo para vendas por telefone.	normal	aberto	24	2026-04-03 22:49:27.700179-03	\N	\N	\N	1	2	2	3	4		\N	\N
3	3	Dashboard nao carrega graficos	A pagina de dashboard fica em branco nos graficos.	normal	resolvido	24	2026-04-03 22:49:27.709444-03	\N	\N	\N	1	1	2	3	4		\N	\N
4	4	oi	Ticket criado a partir da conversa #8\n\n--- Histórico ---\n[Contato] ludsada\n[Agente] teste\n[Contato] oi\n[Contato] teste\n[Contato] Aa\n[Agente] Como posso ajudar?\n[Agente] Nosso atendimento funciona de segunda a sexta, das 8h as 18h, e sabado das 8h as 12h.	normal	aberto	\N	2026-04-04 11:10:33.085162-03	\N	\N	\N	\N	\N	1	3	\N		\N	\N
5	1	Internet lenta desde ontem	Descrição detalhada do ticket: Internet lenta desde ontem	urgente	em_andamento	\N	2026-04-09 09:33:52.34152-03	\N	\N	\N	12	11	11	8	\N		\N	\N
6	2	Não consigo acessar o roteador	Descrição detalhada do ticket: Não consigo acessar o roteador	normal	aberto	\N	2026-04-09 09:33:52.344109-03	\N	\N	\N	12	11	12	8	\N		\N	\N
7	3	Fatura em duplicidade	Descrição detalhada do ticket: Fatura em duplicidade	normal	resolvido	\N	2026-04-09 09:33:52.346163-03	\N	\N	\N	12	12	10	8	\N		\N	\N
8	4	Solicitação de mudança de endereço	Descrição detalhada do ticket: Solicitação de mudança de endereço	baixa	resolvido	\N	2026-04-09 09:33:52.347167-03	\N	\N	\N	12	12	11	8	\N		\N	\N
9	5	Upgrade de plano	Descrição detalhada do ticket: Upgrade de plano	baixa	em_andamento	\N	2026-04-09 09:33:52.34867-03	\N	\N	\N	12	11	12	8	\N		\N	\N
\.


--
-- Data for Name: tentativas_resposta; Type: TABLE DATA; Schema: public; Owner: -
--

COPY public.tentativas_resposta (id, tentativa_numero, resposta_original, resposta_processada, valida, mensagem_erro, resultado_ia, confianca_ia, resultado_webhook, estrategia_aplicada, contexto_tentativa, data_tentativa, tempo_resposta_segundos, ip_origem, user_agent, atendimento_id, questao_id, tenant_id) FROM stdin;
\.


--
-- Data for Name: vendas_web_configuracaoempresa; Type: TABLE DATA; Schema: public; Owner: -
--

COPY public.vendas_web_configuracaoempresa (id, nome_empresa, logo_empresa, cor_primaria, cor_secundaria, ativo, data_criacao, data_atualizacao, tenant_id, enviar_leads_integracao, integracao_leads_id) FROM stdin;
2	Aurora HQ		#1F3D59	#2c5aa0	t	2026-04-03 22:47:07.89113-03	2026-04-03 22:47:07.89113-03	3	f	\N
3	Megalink Internet		#1F3D59	#2c5aa0	t	2026-04-03 22:49:24.878501-03	2026-04-03 22:49:24.878501-03	4	f	\N
4	Fatepi/Faespi		#1F3D59	#2c5aa0	t	2026-04-07 15:55:36.574969-03	2026-04-07 15:55:36.574969-03	7	f	\N
5	Demo ISP Telecom		#3b82f6	#1e3a5f	t	2026-04-09 09:29:45.445921-03	2026-04-09 09:29:45.445921-03	8	f	\N
\.


--
-- Data for Name: viabilidade_cidadeviabilidade; Type: TABLE DATA; Schema: public; Owner: -
--

COPY public.viabilidade_cidadeviabilidade (id, cidade, estado, cep, bairro, observacao, ativo, data_criacao, data_atualizacao, tenant_id) FROM stdin;
\.


--
-- Name: atendimento_conexaonodo_id_seq; Type: SEQUENCE SET; Schema: public; Owner: -
--

SELECT pg_catalog.setval('public.atendimento_conexaonodo_id_seq', 286, true);


--
-- Name: atendimento_execucao_pendente_id_seq; Type: SEQUENCE SET; Schema: public; Owner: -
--

SELECT pg_catalog.setval('public.atendimento_execucao_pendente_id_seq', 1, false);


--
-- Name: atendimento_log_fluxo_id_seq; Type: SEQUENCE SET; Schema: public; Owner: -
--

SELECT pg_catalog.setval('public.atendimento_log_fluxo_id_seq', 1393, true);


--
-- Name: atendimento_nodofluxo_id_seq; Type: SEQUENCE SET; Schema: public; Owner: -
--

SELECT pg_catalog.setval('public.atendimento_nodofluxo_id_seq', 237, true);


--
-- Name: atendimentos_fluxo_id_seq; Type: SEQUENCE SET; Schema: public; Owner: -
--

SELECT pg_catalog.setval('public.atendimentos_fluxo_id_seq', 107, true);


--
-- Name: auth_group_id_seq; Type: SEQUENCE SET; Schema: public; Owner: -
--

SELECT pg_catalog.setval('public.auth_group_id_seq', 1, false);


--
-- Name: auth_group_permissions_id_seq; Type: SEQUENCE SET; Schema: public; Owner: -
--

SELECT pg_catalog.setval('public.auth_group_permissions_id_seq', 1, false);


--
-- Name: auth_permission_id_seq; Type: SEQUENCE SET; Schema: public; Owner: -
--

SELECT pg_catalog.setval('public.auth_permission_id_seq', 492, true);


--
-- Name: auth_user_groups_id_seq; Type: SEQUENCE SET; Schema: public; Owner: -
--

SELECT pg_catalog.setval('public.auth_user_groups_id_seq', 1, false);


--
-- Name: auth_user_id_seq; Type: SEQUENCE SET; Schema: public; Owner: -
--

SELECT pg_catalog.setval('public.auth_user_id_seq', 17, true);


--
-- Name: auth_user_user_permissions_id_seq; Type: SEQUENCE SET; Schema: public; Owner: -
--

SELECT pg_catalog.setval('public.auth_user_user_permissions_id_seq', 1, false);


--
-- Name: automacoes_acaoregra_id_seq; Type: SEQUENCE SET; Schema: public; Owner: -
--

SELECT pg_catalog.setval('public.automacoes_acaoregra_id_seq', 9, true);


--
-- Name: automacoes_condicaoregra_id_seq; Type: SEQUENCE SET; Schema: public; Owner: -
--

SELECT pg_catalog.setval('public.automacoes_condicaoregra_id_seq', 4, true);


--
-- Name: automacoes_conexaonodo_id_seq; Type: SEQUENCE SET; Schema: public; Owner: -
--

SELECT pg_catalog.setval('public.automacoes_conexaonodo_id_seq', 104, true);


--
-- Name: automacoes_controleexecucao_id_seq; Type: SEQUENCE SET; Schema: public; Owner: -
--

SELECT pg_catalog.setval('public.automacoes_controleexecucao_id_seq', 7, true);


--
-- Name: automacoes_execucaopendente_id_seq; Type: SEQUENCE SET; Schema: public; Owner: -
--

SELECT pg_catalog.setval('public.automacoes_execucaopendente_id_seq', 39, true);


--
-- Name: automacoes_logexecucao_id_seq; Type: SEQUENCE SET; Schema: public; Owner: -
--

SELECT pg_catalog.setval('public.automacoes_logexecucao_id_seq', 612, true);


--
-- Name: automacoes_nodofluxo_id_seq; Type: SEQUENCE SET; Schema: public; Owner: -
--

SELECT pg_catalog.setval('public.automacoes_nodofluxo_id_seq', 173, true);


--
-- Name: automacoes_regraautomacao_id_seq; Type: SEQUENCE SET; Schema: public; Owner: -
--

SELECT pg_catalog.setval('public.automacoes_regraautomacao_id_seq', 67, true);


--
-- Name: cadastros_clientes_id_seq; Type: SEQUENCE SET; Schema: public; Owner: -
--

SELECT pg_catalog.setval('public.cadastros_clientes_id_seq', 1, false);


--
-- Name: campanha_trafego_id_seq; Type: SEQUENCE SET; Schema: public; Owner: -
--

SELECT pg_catalog.setval('public.campanha_trafego_id_seq', 9, true);


--
-- Name: campos_customizados_lead_id_seq; Type: SEQUENCE SET; Schema: public; Owner: -
--

SELECT pg_catalog.setval('public.campos_customizados_lead_id_seq', 1, true);


--
-- Name: carteirinha_carteirinhamembro_id_seq; Type: SEQUENCE SET; Schema: public; Owner: -
--

SELECT pg_catalog.setval('public.carteirinha_carteirinhamembro_id_seq', 1, false);


--
-- Name: carteirinha_modelocarteirinha_id_seq; Type: SEQUENCE SET; Schema: public; Owner: -
--

SELECT pg_catalog.setval('public.carteirinha_modelocarteirinha_id_seq', 1, false);


--
-- Name: carteirinha_regraatribuicao_id_seq; Type: SEQUENCE SET; Schema: public; Owner: -
--

SELECT pg_catalog.setval('public.carteirinha_regraatribuicao_id_seq', 1, false);


--
-- Name: clientes_hubsoft_id_seq; Type: SEQUENCE SET; Schema: public; Owner: -
--

SELECT pg_catalog.setval('public.clientes_hubsoft_id_seq', 8, true);


--
-- Name: configuracao_sistema_id_seq; Type: SEQUENCE SET; Schema: public; Owner: -
--

SELECT pg_catalog.setval('public.configuracao_sistema_id_seq', 1, false);


--
-- Name: configuracoes_cadastro_id_seq; Type: SEQUENCE SET; Schema: public; Owner: -
--

SELECT pg_catalog.setval('public.configuracoes_cadastro_id_seq', 1, false);


--
-- Name: configuracoes_recontato_id_seq; Type: SEQUENCE SET; Schema: public; Owner: -
--

SELECT pg_catalog.setval('public.configuracoes_recontato_id_seq', 1, false);


--
-- Name: crm_alertas_retencao_id_seq; Type: SEQUENCE SET; Schema: public; Owner: -
--

SELECT pg_catalog.setval('public.crm_alertas_retencao_id_seq', 1, false);


--
-- Name: crm_configuracao_id_seq; Type: SEQUENCE SET; Schema: public; Owner: -
--

SELECT pg_catalog.setval('public.crm_configuracao_id_seq', 4, true);


--
-- Name: crm_equipes_id_seq; Type: SEQUENCE SET; Schema: public; Owner: -
--

SELECT pg_catalog.setval('public.crm_equipes_id_seq', 3, true);


--
-- Name: crm_historico_estagio_id_seq; Type: SEQUENCE SET; Schema: public; Owner: -
--

SELECT pg_catalog.setval('public.crm_historico_estagio_id_seq', 4, true);


--
-- Name: crm_membros_segmento_id_seq; Type: SEQUENCE SET; Schema: public; Owner: -
--

SELECT pg_catalog.setval('public.crm_membros_segmento_id_seq', 310, true);


--
-- Name: crm_metas_vendas_id_seq; Type: SEQUENCE SET; Schema: public; Owner: -
--

SELECT pg_catalog.setval('public.crm_metas_vendas_id_seq', 7, true);


--
-- Name: crm_notas_internas_id_seq; Type: SEQUENCE SET; Schema: public; Owner: -
--

SELECT pg_catalog.setval('public.crm_notas_internas_id_seq', 18, true);


--
-- Name: crm_notas_internas_mencoes_id_seq; Type: SEQUENCE SET; Schema: public; Owner: -
--

SELECT pg_catalog.setval('public.crm_notas_internas_mencoes_id_seq', 1, false);


--
-- Name: crm_oportunidades_id_seq; Type: SEQUENCE SET; Schema: public; Owner: -
--

SELECT pg_catalog.setval('public.crm_oportunidades_id_seq', 135, true);


--
-- Name: crm_oportunidades_tags_id_seq; Type: SEQUENCE SET; Schema: public; Owner: -
--

SELECT pg_catalog.setval('public.crm_oportunidades_tags_id_seq', 21, true);


--
-- Name: crm_perfis_vendedor_id_seq; Type: SEQUENCE SET; Schema: public; Owner: -
--

SELECT pg_catalog.setval('public.crm_perfis_vendedor_id_seq', 9, true);


--
-- Name: crm_pipeline_estagios_id_seq; Type: SEQUENCE SET; Schema: public; Owner: -
--

SELECT pg_catalog.setval('public.crm_pipeline_estagios_id_seq', 40, true);


--
-- Name: crm_pipelines_id_seq; Type: SEQUENCE SET; Schema: public; Owner: -
--

SELECT pg_catalog.setval('public.crm_pipelines_id_seq', 6, true);


--
-- Name: crm_segmentos_id_seq; Type: SEQUENCE SET; Schema: public; Owner: -
--

SELECT pg_catalog.setval('public.crm_segmentos_id_seq', 18, true);


--
-- Name: crm_tags_id_seq; Type: SEQUENCE SET; Schema: public; Owner: -
--

SELECT pg_catalog.setval('public.crm_tags_id_seq', 17, true);


--
-- Name: crm_tarefas_id_seq; Type: SEQUENCE SET; Schema: public; Owner: -
--

SELECT pg_catalog.setval('public.crm_tarefas_id_seq', 87, true);


--
-- Name: deteccao_campanha_id_seq; Type: SEQUENCE SET; Schema: public; Owner: -
--

SELECT pg_catalog.setval('public.deteccao_campanha_id_seq', 16, true);


--
-- Name: django_admin_log_id_seq; Type: SEQUENCE SET; Schema: public; Owner: -
--

SELECT pg_catalog.setval('public.django_admin_log_id_seq', 1, false);


--
-- Name: django_content_type_id_seq; Type: SEQUENCE SET; Schema: public; Owner: -
--

SELECT pg_catalog.setval('public.django_content_type_id_seq', 123, true);


--
-- Name: django_migrations_id_seq; Type: SEQUENCE SET; Schema: public; Owner: -
--

SELECT pg_catalog.setval('public.django_migrations_id_seq', 77, true);


--
-- Name: documentos_lead_id_seq; Type: SEQUENCE SET; Schema: public; Owner: -
--

SELECT pg_catalog.setval('public.documentos_lead_id_seq', 1, false);


--
-- Name: fluxos_atendimento_id_seq; Type: SEQUENCE SET; Schema: public; Owner: -
--

SELECT pg_catalog.setval('public.fluxos_atendimento_id_seq', 9, true);


--
-- Name: historico_contato_id_seq; Type: SEQUENCE SET; Schema: public; Owner: -
--

SELECT pg_catalog.setval('public.historico_contato_id_seq', 127, true);


--
-- Name: imagens_lead_prospecto_id_seq; Type: SEQUENCE SET; Schema: public; Owner: -
--

SELECT pg_catalog.setval('public.imagens_lead_prospecto_id_seq', 1, false);


--
-- Name: inbox_canais_id_seq; Type: SEQUENCE SET; Schema: public; Owner: -
--

SELECT pg_catalog.setval('public.inbox_canais_id_seq', 11, true);


--
-- Name: inbox_configuracao_id_seq; Type: SEQUENCE SET; Schema: public; Owner: -
--

SELECT pg_catalog.setval('public.inbox_configuracao_id_seq', 3, true);


--
-- Name: inbox_conversas_etiquetas_id_seq; Type: SEQUENCE SET; Schema: public; Owner: -
--

SELECT pg_catalog.setval('public.inbox_conversas_etiquetas_id_seq', 10, true);


--
-- Name: inbox_conversas_id_seq; Type: SEQUENCE SET; Schema: public; Owner: -
--

SELECT pg_catalog.setval('public.inbox_conversas_id_seq', 55, true);


--
-- Name: inbox_equipes_id_seq; Type: SEQUENCE SET; Schema: public; Owner: -
--

SELECT pg_catalog.setval('public.inbox_equipes_id_seq', 6, true);


--
-- Name: inbox_etiquetas_id_seq; Type: SEQUENCE SET; Schema: public; Owner: -
--

SELECT pg_catalog.setval('public.inbox_etiquetas_id_seq', 10, true);


--
-- Name: inbox_faq_artigos_id_seq; Type: SEQUENCE SET; Schema: public; Owner: -
--

SELECT pg_catalog.setval('public.inbox_faq_artigos_id_seq', 1, true);


--
-- Name: inbox_faq_categorias_id_seq; Type: SEQUENCE SET; Schema: public; Owner: -
--

SELECT pg_catalog.setval('public.inbox_faq_categorias_id_seq', 1, true);


--
-- Name: inbox_filas_id_seq; Type: SEQUENCE SET; Schema: public; Owner: -
--

SELECT pg_catalog.setval('public.inbox_filas_id_seq', 6, true);


--
-- Name: inbox_historico_transferencia_id_seq; Type: SEQUENCE SET; Schema: public; Owner: -
--

SELECT pg_catalog.setval('public.inbox_historico_transferencia_id_seq', 1, false);


--
-- Name: inbox_horario_atendimento_id_seq; Type: SEQUENCE SET; Schema: public; Owner: -
--

SELECT pg_catalog.setval('public.inbox_horario_atendimento_id_seq', 12, true);


--
-- Name: inbox_membros_equipe_id_seq; Type: SEQUENCE SET; Schema: public; Owner: -
--

SELECT pg_catalog.setval('public.inbox_membros_equipe_id_seq', 9, true);


--
-- Name: inbox_mensagens_id_seq; Type: SEQUENCE SET; Schema: public; Owner: -
--

SELECT pg_catalog.setval('public.inbox_mensagens_id_seq', 414, true);


--
-- Name: inbox_notas_internas_id_seq; Type: SEQUENCE SET; Schema: public; Owner: -
--

SELECT pg_catalog.setval('public.inbox_notas_internas_id_seq', 4, true);


--
-- Name: inbox_perfis_agente_id_seq; Type: SEQUENCE SET; Schema: public; Owner: -
--

SELECT pg_catalog.setval('public.inbox_perfis_agente_id_seq', 6, true);


--
-- Name: inbox_regras_roteamento_id_seq; Type: SEQUENCE SET; Schema: public; Owner: -
--

SELECT pg_catalog.setval('public.inbox_regras_roteamento_id_seq', 1, true);


--
-- Name: inbox_respostas_rapidas_id_seq; Type: SEQUENCE SET; Schema: public; Owner: -
--

SELECT pg_catalog.setval('public.inbox_respostas_rapidas_id_seq', 16, true);


--
-- Name: inbox_widget_config_id_seq; Type: SEQUENCE SET; Schema: public; Owner: -
--

SELECT pg_catalog.setval('public.inbox_widget_config_id_seq', 3, true);


--
-- Name: indicacoes_indicacao_id_seq; Type: SEQUENCE SET; Schema: public; Owner: -
--

SELECT pg_catalog.setval('public.indicacoes_indicacao_id_seq', 10, true);


--
-- Name: indicacoes_indicacaoconfig_id_seq; Type: SEQUENCE SET; Schema: public; Owner: -
--

SELECT pg_catalog.setval('public.indicacoes_indicacaoconfig_id_seq', 1, false);


--
-- Name: integracoes_api_id_seq; Type: SEQUENCE SET; Schema: public; Owner: -
--

SELECT pg_catalog.setval('public.integracoes_api_id_seq', 5, true);


--
-- Name: leads_prospectos_id_seq; Type: SEQUENCE SET; Schema: public; Owner: -
--

SELECT pg_catalog.setval('public.leads_prospectos_id_seq', 145, true);


--
-- Name: log_sistema_id_seq; Type: SEQUENCE SET; Schema: public; Owner: -
--

SELECT pg_catalog.setval('public.log_sistema_id_seq', 141, true);


--
-- Name: logs_integracao_id_seq; Type: SEQUENCE SET; Schema: public; Owner: -
--

SELECT pg_catalog.setval('public.logs_integracao_id_seq', 1, false);


--
-- Name: marketing_categoria_template_id_seq; Type: SEQUENCE SET; Schema: public; Owner: -
--

SELECT pg_catalog.setval('public.marketing_categoria_template_id_seq', 1, false);


--
-- Name: marketing_envio_email_id_seq; Type: SEQUENCE SET; Schema: public; Owner: -
--

SELECT pg_catalog.setval('public.marketing_envio_email_id_seq', 1, false);


--
-- Name: marketing_template_email_id_seq; Type: SEQUENCE SET; Schema: public; Owner: -
--

SELECT pg_catalog.setval('public.marketing_template_email_id_seq', 1, true);


--
-- Name: notificacoes_canalnotificacao_id_seq; Type: SEQUENCE SET; Schema: public; Owner: -
--

SELECT pg_catalog.setval('public.notificacoes_canalnotificacao_id_seq', 7, true);


--
-- Name: notificacoes_notificacao_id_seq; Type: SEQUENCE SET; Schema: public; Owner: -
--

SELECT pg_catalog.setval('public.notificacoes_notificacao_id_seq', 230, true);


--
-- Name: notificacoes_preferencianotificacao_id_seq; Type: SEQUENCE SET; Schema: public; Owner: -
--

SELECT pg_catalog.setval('public.notificacoes_preferencianotificacao_id_seq', 1, false);


--
-- Name: notificacoes_templatenotificacao_id_seq; Type: SEQUENCE SET; Schema: public; Owner: -
--

SELECT pg_catalog.setval('public.notificacoes_templatenotificacao_id_seq', 1, false);


--
-- Name: notificacoes_tiponotificacao_id_seq; Type: SEQUENCE SET; Schema: public; Owner: -
--

SELECT pg_catalog.setval('public.notificacoes_tiponotificacao_id_seq', 9, true);


--
-- Name: nps_configuracaonps_id_seq; Type: SEQUENCE SET; Schema: public; Owner: -
--

SELECT pg_catalog.setval('public.nps_configuracaonps_id_seq', 1, false);


--
-- Name: nps_pesquisanps_id_seq; Type: SEQUENCE SET; Schema: public; Owner: -
--

SELECT pg_catalog.setval('public.nps_pesquisanps_id_seq', 1, false);


--
-- Name: opcoes_vencimento_id_seq; Type: SEQUENCE SET; Schema: public; Owner: -
--

SELECT pg_catalog.setval('public.opcoes_vencimento_id_seq', 8, true);


--
-- Name: parceiros_categoriaparceiro_id_seq; Type: SEQUENCE SET; Schema: public; Owner: -
--

SELECT pg_catalog.setval('public.parceiros_categoriaparceiro_id_seq', 8, true);


--
-- Name: parceiros_cupomdesconto_cidades_permitidas_id_seq; Type: SEQUENCE SET; Schema: public; Owner: -
--

SELECT pg_catalog.setval('public.parceiros_cupomdesconto_cidades_permitidas_id_seq', 1, false);


--
-- Name: parceiros_cupomdesconto_id_seq; Type: SEQUENCE SET; Schema: public; Owner: -
--

SELECT pg_catalog.setval('public.parceiros_cupomdesconto_id_seq', 10, true);


--
-- Name: parceiros_parceiro_cidades_id_seq; Type: SEQUENCE SET; Schema: public; Owner: -
--

SELECT pg_catalog.setval('public.parceiros_parceiro_cidades_id_seq', 1, false);


--
-- Name: parceiros_parceiro_id_seq; Type: SEQUENCE SET; Schema: public; Owner: -
--

SELECT pg_catalog.setval('public.parceiros_parceiro_id_seq', 10, true);


--
-- Name: parceiros_resgatecupom_id_seq; Type: SEQUENCE SET; Schema: public; Owner: -
--

SELECT pg_catalog.setval('public.parceiros_resgatecupom_id_seq', 1, false);


--
-- Name: planos_internet_id_seq; Type: SEQUENCE SET; Schema: public; Owner: -
--

SELECT pg_catalog.setval('public.planos_internet_id_seq', 10, true);


--
-- Name: prospectos_id_seq; Type: SEQUENCE SET; Schema: public; Owner: -
--

SELECT pg_catalog.setval('public.prospectos_id_seq', 25, true);


--
-- Name: questoes_fluxo_id_seq; Type: SEQUENCE SET; Schema: public; Owner: -
--

SELECT pg_catalog.setval('public.questoes_fluxo_id_seq', 10, true);


--
-- Name: respostas_questao_id_seq; Type: SEQUENCE SET; Schema: public; Owner: -
--

SELECT pg_catalog.setval('public.respostas_questao_id_seq', 1, false);


--
-- Name: retencao_acaoretencao_id_seq; Type: SEQUENCE SET; Schema: public; Owner: -
--

SELECT pg_catalog.setval('public.retencao_acaoretencao_id_seq', 1, false);


--
-- Name: retencao_alertachurn_id_seq; Type: SEQUENCE SET; Schema: public; Owner: -
--

SELECT pg_catalog.setval('public.retencao_alertachurn_id_seq', 1, false);


--
-- Name: retencao_scorecliente_id_seq; Type: SEQUENCE SET; Schema: public; Owner: -
--

SELECT pg_catalog.setval('public.retencao_scorecliente_id_seq', 1, false);


--
-- Name: roleta_bannerclube_id_seq; Type: SEQUENCE SET; Schema: public; Owner: -
--

SELECT pg_catalog.setval('public.roleta_bannerclube_id_seq', 1, false);


--
-- Name: roleta_cidade_id_seq; Type: SEQUENCE SET; Schema: public; Owner: -
--

SELECT pg_catalog.setval('public.roleta_cidade_id_seq', 1, false);


--
-- Name: roleta_extratopontuacao_id_seq; Type: SEQUENCE SET; Schema: public; Owner: -
--

SELECT pg_catalog.setval('public.roleta_extratopontuacao_id_seq', 41, true);


--
-- Name: roleta_landingconfig_id_seq; Type: SEQUENCE SET; Schema: public; Owner: -
--

SELECT pg_catalog.setval('public.roleta_landingconfig_id_seq', 1, false);


--
-- Name: roleta_membroclube_id_seq; Type: SEQUENCE SET; Schema: public; Owner: -
--

SELECT pg_catalog.setval('public.roleta_membroclube_id_seq', 27, true);


--
-- Name: roleta_nivelclube_id_seq; Type: SEQUENCE SET; Schema: public; Owner: -
--

SELECT pg_catalog.setval('public.roleta_nivelclube_id_seq', 8, true);


--
-- Name: roleta_participanteroleta_id_seq; Type: SEQUENCE SET; Schema: public; Owner: -
--

SELECT pg_catalog.setval('public.roleta_participanteroleta_id_seq', 62, true);


--
-- Name: roleta_premioroleta_cidades_permitidas_id_seq; Type: SEQUENCE SET; Schema: public; Owner: -
--

SELECT pg_catalog.setval('public.roleta_premioroleta_cidades_permitidas_id_seq', 1, false);


--
-- Name: roleta_premioroleta_id_seq; Type: SEQUENCE SET; Schema: public; Owner: -
--

SELECT pg_catalog.setval('public.roleta_premioroleta_id_seq', 8, true);


--
-- Name: roleta_regrapontuacao_id_seq; Type: SEQUENCE SET; Schema: public; Owner: -
--

SELECT pg_catalog.setval('public.roleta_regrapontuacao_id_seq', 10, true);


--
-- Name: roleta_roletaconfig_id_seq; Type: SEQUENCE SET; Schema: public; Owner: -
--

SELECT pg_catalog.setval('public.roleta_roletaconfig_id_seq', 1, false);


--
-- Name: roleta_rouletteasset_id_seq; Type: SEQUENCE SET; Schema: public; Owner: -
--

SELECT pg_catalog.setval('public.roleta_rouletteasset_id_seq', 1, false);


--
-- Name: servicos_cliente_hubsoft_id_seq; Type: SEQUENCE SET; Schema: public; Owner: -
--

SELECT pg_catalog.setval('public.servicos_cliente_hubsoft_id_seq', 8, true);


--
-- Name: sistema_feature_plano_id_seq; Type: SEQUENCE SET; Schema: public; Owner: -
--

SELECT pg_catalog.setval('public.sistema_feature_plano_id_seq', 1, false);


--
-- Name: sistema_funcionalidade_id_seq; Type: SEQUENCE SET; Schema: public; Owner: -
--

SELECT pg_catalog.setval('public.sistema_funcionalidade_id_seq', 35, true);


--
-- Name: sistema_perfil_permissao_funcionalidades_id_seq; Type: SEQUENCE SET; Schema: public; Owner: -
--

SELECT pg_catalog.setval('public.sistema_perfil_permissao_funcionalidades_id_seq', 565, true);


--
-- Name: sistema_perfil_permissao_id_seq; Type: SEQUENCE SET; Schema: public; Owner: -
--

SELECT pg_catalog.setval('public.sistema_perfil_permissao_id_seq', 56, true);


--
-- Name: sistema_perfil_usuario_id_seq; Type: SEQUENCE SET; Schema: public; Owner: -
--

SELECT pg_catalog.setval('public.sistema_perfil_usuario_id_seq', 17, true);


--
-- Name: sistema_permissao_usuario_id_seq; Type: SEQUENCE SET; Schema: public; Owner: -
--

SELECT pg_catalog.setval('public.sistema_permissao_usuario_id_seq', 17, true);


--
-- Name: sistema_plano_id_seq; Type: SEQUENCE SET; Schema: public; Owner: -
--

SELECT pg_catalog.setval('public.sistema_plano_id_seq', 1, false);


--
-- Name: sistema_tenant_id_seq; Type: SEQUENCE SET; Schema: public; Owner: -
--

SELECT pg_catalog.setval('public.sistema_tenant_id_seq', 8, true);


--
-- Name: status_configuravel_id_seq; Type: SEQUENCE SET; Schema: public; Owner: -
--

SELECT pg_catalog.setval('public.status_configuravel_id_seq', 1, false);


--
-- Name: suporte_artigos_conhecimento_id_seq; Type: SEQUENCE SET; Schema: public; Owner: -
--

SELECT pg_catalog.setval('public.suporte_artigos_conhecimento_id_seq', 22, true);


--
-- Name: suporte_categorias_conhecimento_id_seq; Type: SEQUENCE SET; Schema: public; Owner: -
--

SELECT pg_catalog.setval('public.suporte_categorias_conhecimento_id_seq', 6, true);


--
-- Name: suporte_categorias_id_seq; Type: SEQUENCE SET; Schema: public; Owner: -
--

SELECT pg_catalog.setval('public.suporte_categorias_id_seq', 12, true);


--
-- Name: suporte_comentarios_id_seq; Type: SEQUENCE SET; Schema: public; Owner: -
--

SELECT pg_catalog.setval('public.suporte_comentarios_id_seq', 4, true);


--
-- Name: suporte_historico_ticket_id_seq; Type: SEQUENCE SET; Schema: public; Owner: -
--

SELECT pg_catalog.setval('public.suporte_historico_ticket_id_seq', 1, false);


--
-- Name: suporte_sla_config_id_seq; Type: SEQUENCE SET; Schema: public; Owner: -
--

SELECT pg_catalog.setval('public.suporte_sla_config_id_seq', 6, true);


--
-- Name: suporte_tickets_id_seq; Type: SEQUENCE SET; Schema: public; Owner: -
--

SELECT pg_catalog.setval('public.suporte_tickets_id_seq', 9, true);


--
-- Name: tentativas_resposta_id_seq; Type: SEQUENCE SET; Schema: public; Owner: -
--

SELECT pg_catalog.setval('public.tentativas_resposta_id_seq', 1, false);


--
-- Name: vendas_web_configuracaoempresa_id_seq; Type: SEQUENCE SET; Schema: public; Owner: -
--

SELECT pg_catalog.setval('public.vendas_web_configuracaoempresa_id_seq', 5, true);


--
-- Name: viabilidade_cidadeviabilidade_id_seq; Type: SEQUENCE SET; Schema: public; Owner: -
--

SELECT pg_catalog.setval('public.viabilidade_cidadeviabilidade_id_seq', 1, false);


--
-- Name: atendimento_conexaonodo atendimento_conexaonodo_nodo_origem_id_nodo_dest_7fa63a19_uniq; Type: CONSTRAINT; Schema: public; Owner: -
--

ALTER TABLE ONLY public.atendimento_conexaonodo
    ADD CONSTRAINT atendimento_conexaonodo_nodo_origem_id_nodo_dest_7fa63a19_uniq UNIQUE (nodo_origem_id, nodo_destino_id, tipo_saida);


--
-- Name: atendimento_conexaonodo atendimento_conexaonodo_pkey; Type: CONSTRAINT; Schema: public; Owner: -
--

ALTER TABLE ONLY public.atendimento_conexaonodo
    ADD CONSTRAINT atendimento_conexaonodo_pkey PRIMARY KEY (id);


--
-- Name: atendimento_execucao_pendente atendimento_execucao_pendente_pkey; Type: CONSTRAINT; Schema: public; Owner: -
--

ALTER TABLE ONLY public.atendimento_execucao_pendente
    ADD CONSTRAINT atendimento_execucao_pendente_pkey PRIMARY KEY (id);


--
-- Name: atendimento_log_fluxo atendimento_log_fluxo_pkey; Type: CONSTRAINT; Schema: public; Owner: -
--

ALTER TABLE ONLY public.atendimento_log_fluxo
    ADD CONSTRAINT atendimento_log_fluxo_pkey PRIMARY KEY (id);


--
-- Name: atendimento_nodofluxo atendimento_nodofluxo_pkey; Type: CONSTRAINT; Schema: public; Owner: -
--

ALTER TABLE ONLY public.atendimento_nodofluxo
    ADD CONSTRAINT atendimento_nodofluxo_pkey PRIMARY KEY (id);


--
-- Name: atendimentos_fluxo atendimentos_fluxo_pkey; Type: CONSTRAINT; Schema: public; Owner: -
--

ALTER TABLE ONLY public.atendimentos_fluxo
    ADD CONSTRAINT atendimentos_fluxo_pkey PRIMARY KEY (id);


--
-- Name: auth_group auth_group_name_key; Type: CONSTRAINT; Schema: public; Owner: -
--

ALTER TABLE ONLY public.auth_group
    ADD CONSTRAINT auth_group_name_key UNIQUE (name);


--
-- Name: auth_group_permissions auth_group_permissions_group_id_permission_id_0cd325b0_uniq; Type: CONSTRAINT; Schema: public; Owner: -
--

ALTER TABLE ONLY public.auth_group_permissions
    ADD CONSTRAINT auth_group_permissions_group_id_permission_id_0cd325b0_uniq UNIQUE (group_id, permission_id);


--
-- Name: auth_group_permissions auth_group_permissions_pkey; Type: CONSTRAINT; Schema: public; Owner: -
--

ALTER TABLE ONLY public.auth_group_permissions
    ADD CONSTRAINT auth_group_permissions_pkey PRIMARY KEY (id);


--
-- Name: auth_group auth_group_pkey; Type: CONSTRAINT; Schema: public; Owner: -
--

ALTER TABLE ONLY public.auth_group
    ADD CONSTRAINT auth_group_pkey PRIMARY KEY (id);


--
-- Name: auth_permission auth_permission_content_type_id_codename_01ab375a_uniq; Type: CONSTRAINT; Schema: public; Owner: -
--

ALTER TABLE ONLY public.auth_permission
    ADD CONSTRAINT auth_permission_content_type_id_codename_01ab375a_uniq UNIQUE (content_type_id, codename);


--
-- Name: auth_permission auth_permission_pkey; Type: CONSTRAINT; Schema: public; Owner: -
--

ALTER TABLE ONLY public.auth_permission
    ADD CONSTRAINT auth_permission_pkey PRIMARY KEY (id);


--
-- Name: auth_user_groups auth_user_groups_pkey; Type: CONSTRAINT; Schema: public; Owner: -
--

ALTER TABLE ONLY public.auth_user_groups
    ADD CONSTRAINT auth_user_groups_pkey PRIMARY KEY (id);


--
-- Name: auth_user_groups auth_user_groups_user_id_group_id_94350c0c_uniq; Type: CONSTRAINT; Schema: public; Owner: -
--

ALTER TABLE ONLY public.auth_user_groups
    ADD CONSTRAINT auth_user_groups_user_id_group_id_94350c0c_uniq UNIQUE (user_id, group_id);


--
-- Name: auth_user auth_user_pkey; Type: CONSTRAINT; Schema: public; Owner: -
--

ALTER TABLE ONLY public.auth_user
    ADD CONSTRAINT auth_user_pkey PRIMARY KEY (id);


--
-- Name: auth_user_user_permissions auth_user_user_permissions_pkey; Type: CONSTRAINT; Schema: public; Owner: -
--

ALTER TABLE ONLY public.auth_user_user_permissions
    ADD CONSTRAINT auth_user_user_permissions_pkey PRIMARY KEY (id);


--
-- Name: auth_user_user_permissions auth_user_user_permissions_user_id_permission_id_14a6b632_uniq; Type: CONSTRAINT; Schema: public; Owner: -
--

ALTER TABLE ONLY public.auth_user_user_permissions
    ADD CONSTRAINT auth_user_user_permissions_user_id_permission_id_14a6b632_uniq UNIQUE (user_id, permission_id);


--
-- Name: auth_user auth_user_username_key; Type: CONSTRAINT; Schema: public; Owner: -
--

ALTER TABLE ONLY public.auth_user
    ADD CONSTRAINT auth_user_username_key UNIQUE (username);


--
-- Name: automacoes_acaoregra automacoes_acaoregra_pkey; Type: CONSTRAINT; Schema: public; Owner: -
--

ALTER TABLE ONLY public.automacoes_acaoregra
    ADD CONSTRAINT automacoes_acaoregra_pkey PRIMARY KEY (id);


--
-- Name: automacoes_condicaoregra automacoes_condicaoregra_pkey; Type: CONSTRAINT; Schema: public; Owner: -
--

ALTER TABLE ONLY public.automacoes_condicaoregra
    ADD CONSTRAINT automacoes_condicaoregra_pkey PRIMARY KEY (id);


--
-- Name: automacoes_conexaonodo automacoes_conexaonodo_nodo_origem_id_nodo_dest_4887dd71_uniq; Type: CONSTRAINT; Schema: public; Owner: -
--

ALTER TABLE ONLY public.automacoes_conexaonodo
    ADD CONSTRAINT automacoes_conexaonodo_nodo_origem_id_nodo_dest_4887dd71_uniq UNIQUE (nodo_origem_id, nodo_destino_id, tipo_saida);


--
-- Name: automacoes_conexaonodo automacoes_conexaonodo_pkey; Type: CONSTRAINT; Schema: public; Owner: -
--

ALTER TABLE ONLY public.automacoes_conexaonodo
    ADD CONSTRAINT automacoes_conexaonodo_pkey PRIMARY KEY (id);


--
-- Name: automacoes_controleexecucao automacoes_controleexecucao_lead_id_regra_id_3e04154a_uniq; Type: CONSTRAINT; Schema: public; Owner: -
--

ALTER TABLE ONLY public.automacoes_controleexecucao
    ADD CONSTRAINT automacoes_controleexecucao_lead_id_regra_id_3e04154a_uniq UNIQUE (lead_id, regra_id);


--
-- Name: automacoes_controleexecucao automacoes_controleexecucao_pkey; Type: CONSTRAINT; Schema: public; Owner: -
--

ALTER TABLE ONLY public.automacoes_controleexecucao
    ADD CONSTRAINT automacoes_controleexecucao_pkey PRIMARY KEY (id);


--
-- Name: automacoes_execucaopendente automacoes_execucaopendente_pkey; Type: CONSTRAINT; Schema: public; Owner: -
--

ALTER TABLE ONLY public.automacoes_execucaopendente
    ADD CONSTRAINT automacoes_execucaopendente_pkey PRIMARY KEY (id);


--
-- Name: automacoes_logexecucao automacoes_logexecucao_pkey; Type: CONSTRAINT; Schema: public; Owner: -
--

ALTER TABLE ONLY public.automacoes_logexecucao
    ADD CONSTRAINT automacoes_logexecucao_pkey PRIMARY KEY (id);


--
-- Name: automacoes_nodofluxo automacoes_nodofluxo_pkey; Type: CONSTRAINT; Schema: public; Owner: -
--

ALTER TABLE ONLY public.automacoes_nodofluxo
    ADD CONSTRAINT automacoes_nodofluxo_pkey PRIMARY KEY (id);


--
-- Name: automacoes_regraautomacao automacoes_regraautomacao_pkey; Type: CONSTRAINT; Schema: public; Owner: -
--

ALTER TABLE ONLY public.automacoes_regraautomacao
    ADD CONSTRAINT automacoes_regraautomacao_pkey PRIMARY KEY (id);


--
-- Name: cadastros_clientes cadastros_clientes_pkey; Type: CONSTRAINT; Schema: public; Owner: -
--

ALTER TABLE ONLY public.cadastros_clientes
    ADD CONSTRAINT cadastros_clientes_pkey PRIMARY KEY (id);


--
-- Name: campanha_trafego campanha_trafego_pkey; Type: CONSTRAINT; Schema: public; Owner: -
--

ALTER TABLE ONLY public.campanha_trafego
    ADD CONSTRAINT campanha_trafego_pkey PRIMARY KEY (id);


--
-- Name: campanha_trafego campanha_trafego_tenant_id_codigo_fece35be_uniq; Type: CONSTRAINT; Schema: public; Owner: -
--

ALTER TABLE ONLY public.campanha_trafego
    ADD CONSTRAINT campanha_trafego_tenant_id_codigo_fece35be_uniq UNIQUE (tenant_id, codigo);


--
-- Name: campos_customizados campos_customizados_lead_pkey; Type: CONSTRAINT; Schema: public; Owner: -
--

ALTER TABLE ONLY public.campos_customizados
    ADD CONSTRAINT campos_customizados_lead_pkey PRIMARY KEY (id);


--
-- Name: campos_customizados campos_customizados_lead_tenant_id_slug_entidade_9579754f_uniq; Type: CONSTRAINT; Schema: public; Owner: -
--

ALTER TABLE ONLY public.campos_customizados
    ADD CONSTRAINT campos_customizados_lead_tenant_id_slug_entidade_9579754f_uniq UNIQUE (tenant_id, slug, entidade);


--
-- Name: carteirinha_carteirinhamembro carteirinha_carteirinhamembro_pkey; Type: CONSTRAINT; Schema: public; Owner: -
--

ALTER TABLE ONLY public.carteirinha_carteirinhamembro
    ADD CONSTRAINT carteirinha_carteirinhamembro_pkey PRIMARY KEY (id);


--
-- Name: carteirinha_modelocarteirinha carteirinha_modelocarteirinha_pkey; Type: CONSTRAINT; Schema: public; Owner: -
--

ALTER TABLE ONLY public.carteirinha_modelocarteirinha
    ADD CONSTRAINT carteirinha_modelocarteirinha_pkey PRIMARY KEY (id);


--
-- Name: carteirinha_regraatribuicao carteirinha_regraatribuicao_pkey; Type: CONSTRAINT; Schema: public; Owner: -
--

ALTER TABLE ONLY public.carteirinha_regraatribuicao
    ADD CONSTRAINT carteirinha_regraatribuicao_pkey PRIMARY KEY (id);


--
-- Name: clientes_hubsoft clientes_hubsoft_id_cliente_key; Type: CONSTRAINT; Schema: public; Owner: -
--

ALTER TABLE ONLY public.clientes_hubsoft
    ADD CONSTRAINT clientes_hubsoft_id_cliente_key UNIQUE (id_cliente);


--
-- Name: clientes_hubsoft clientes_hubsoft_pkey; Type: CONSTRAINT; Schema: public; Owner: -
--

ALTER TABLE ONLY public.clientes_hubsoft
    ADD CONSTRAINT clientes_hubsoft_pkey PRIMARY KEY (id);


--
-- Name: configuracao_sistema configuracao_sistema_pkey; Type: CONSTRAINT; Schema: public; Owner: -
--

ALTER TABLE ONLY public.configuracao_sistema
    ADD CONSTRAINT configuracao_sistema_pkey PRIMARY KEY (id);


--
-- Name: configuracao_sistema configuracao_sistema_tenant_id_chave_16d01eae_uniq; Type: CONSTRAINT; Schema: public; Owner: -
--

ALTER TABLE ONLY public.configuracao_sistema
    ADD CONSTRAINT configuracao_sistema_tenant_id_chave_16d01eae_uniq UNIQUE (tenant_id, chave);


--
-- Name: configuracoes_cadastro configuracoes_cadastro_pkey; Type: CONSTRAINT; Schema: public; Owner: -
--

ALTER TABLE ONLY public.configuracoes_cadastro
    ADD CONSTRAINT configuracoes_cadastro_pkey PRIMARY KEY (id);


--
-- Name: configuracoes_recontato configuracoes_recontato_pkey; Type: CONSTRAINT; Schema: public; Owner: -
--

ALTER TABLE ONLY public.configuracoes_recontato
    ADD CONSTRAINT configuracoes_recontato_pkey PRIMARY KEY (id);


--
-- Name: crm_alertas_retencao crm_alertas_retencao_pkey; Type: CONSTRAINT; Schema: public; Owner: -
--

ALTER TABLE ONLY public.crm_alertas_retencao
    ADD CONSTRAINT crm_alertas_retencao_pkey PRIMARY KEY (id);


--
-- Name: crm_configuracao crm_configuracao_pkey; Type: CONSTRAINT; Schema: public; Owner: -
--

ALTER TABLE ONLY public.crm_configuracao
    ADD CONSTRAINT crm_configuracao_pkey PRIMARY KEY (id);


--
-- Name: crm_equipes crm_equipes_pkey; Type: CONSTRAINT; Schema: public; Owner: -
--

ALTER TABLE ONLY public.crm_equipes
    ADD CONSTRAINT crm_equipes_pkey PRIMARY KEY (id);


--
-- Name: crm_historico_estagio crm_historico_estagio_pkey; Type: CONSTRAINT; Schema: public; Owner: -
--

ALTER TABLE ONLY public.crm_historico_estagio
    ADD CONSTRAINT crm_historico_estagio_pkey PRIMARY KEY (id);


--
-- Name: crm_membros_segmento crm_membros_segmento_pkey; Type: CONSTRAINT; Schema: public; Owner: -
--

ALTER TABLE ONLY public.crm_membros_segmento
    ADD CONSTRAINT crm_membros_segmento_pkey PRIMARY KEY (id);


--
-- Name: crm_membros_segmento crm_membros_segmento_segmento_id_lead_id_3a1fa2ed_uniq; Type: CONSTRAINT; Schema: public; Owner: -
--

ALTER TABLE ONLY public.crm_membros_segmento
    ADD CONSTRAINT crm_membros_segmento_segmento_id_lead_id_3a1fa2ed_uniq UNIQUE (segmento_id, lead_id);


--
-- Name: crm_metas_vendas crm_metas_vendas_pkey; Type: CONSTRAINT; Schema: public; Owner: -
--

ALTER TABLE ONLY public.crm_metas_vendas
    ADD CONSTRAINT crm_metas_vendas_pkey PRIMARY KEY (id);


--
-- Name: crm_notas_internas_mencoes crm_notas_internas_mencoes_notainterna_id_user_id_d9e0867a_uniq; Type: CONSTRAINT; Schema: public; Owner: -
--

ALTER TABLE ONLY public.crm_notas_internas_mencoes
    ADD CONSTRAINT crm_notas_internas_mencoes_notainterna_id_user_id_d9e0867a_uniq UNIQUE (notainterna_id, user_id);


--
-- Name: crm_notas_internas_mencoes crm_notas_internas_mencoes_pkey; Type: CONSTRAINT; Schema: public; Owner: -
--

ALTER TABLE ONLY public.crm_notas_internas_mencoes
    ADD CONSTRAINT crm_notas_internas_mencoes_pkey PRIMARY KEY (id);


--
-- Name: crm_notas_internas crm_notas_internas_pkey; Type: CONSTRAINT; Schema: public; Owner: -
--

ALTER TABLE ONLY public.crm_notas_internas
    ADD CONSTRAINT crm_notas_internas_pkey PRIMARY KEY (id);


--
-- Name: crm_oportunidades crm_oportunidades_lead_id_key; Type: CONSTRAINT; Schema: public; Owner: -
--

ALTER TABLE ONLY public.crm_oportunidades
    ADD CONSTRAINT crm_oportunidades_lead_id_key UNIQUE (lead_id);


--
-- Name: crm_oportunidades crm_oportunidades_pkey; Type: CONSTRAINT; Schema: public; Owner: -
--

ALTER TABLE ONLY public.crm_oportunidades
    ADD CONSTRAINT crm_oportunidades_pkey PRIMARY KEY (id);


--
-- Name: crm_oportunidades_tags crm_oportunidades_tags_oportunidadevenda_id_tag_73dffd2b_uniq; Type: CONSTRAINT; Schema: public; Owner: -
--

ALTER TABLE ONLY public.crm_oportunidades_tags
    ADD CONSTRAINT crm_oportunidades_tags_oportunidadevenda_id_tag_73dffd2b_uniq UNIQUE (oportunidadevenda_id, tagcrm_id);


--
-- Name: crm_oportunidades_tags crm_oportunidades_tags_pkey; Type: CONSTRAINT; Schema: public; Owner: -
--

ALTER TABLE ONLY public.crm_oportunidades_tags
    ADD CONSTRAINT crm_oportunidades_tags_pkey PRIMARY KEY (id);


--
-- Name: crm_perfis_vendedor crm_perfis_vendedor_pkey; Type: CONSTRAINT; Schema: public; Owner: -
--

ALTER TABLE ONLY public.crm_perfis_vendedor
    ADD CONSTRAINT crm_perfis_vendedor_pkey PRIMARY KEY (id);


--
-- Name: crm_perfis_vendedor crm_perfis_vendedor_user_id_key; Type: CONSTRAINT; Schema: public; Owner: -
--

ALTER TABLE ONLY public.crm_perfis_vendedor
    ADD CONSTRAINT crm_perfis_vendedor_user_id_key UNIQUE (user_id);


--
-- Name: crm_pipeline_estagios crm_pipeline_estagios_pipeline_id_slug_3a7c66bf_uniq; Type: CONSTRAINT; Schema: public; Owner: -
--

ALTER TABLE ONLY public.crm_pipeline_estagios
    ADD CONSTRAINT crm_pipeline_estagios_pipeline_id_slug_3a7c66bf_uniq UNIQUE (pipeline_id, slug);


--
-- Name: crm_pipeline_estagios crm_pipeline_estagios_pkey; Type: CONSTRAINT; Schema: public; Owner: -
--

ALTER TABLE ONLY public.crm_pipeline_estagios
    ADD CONSTRAINT crm_pipeline_estagios_pkey PRIMARY KEY (id);


--
-- Name: crm_pipelines crm_pipelines_pkey; Type: CONSTRAINT; Schema: public; Owner: -
--

ALTER TABLE ONLY public.crm_pipelines
    ADD CONSTRAINT crm_pipelines_pkey PRIMARY KEY (id);


--
-- Name: crm_pipelines crm_pipelines_tenant_id_slug_4124c2ca_uniq; Type: CONSTRAINT; Schema: public; Owner: -
--

ALTER TABLE ONLY public.crm_pipelines
    ADD CONSTRAINT crm_pipelines_tenant_id_slug_4124c2ca_uniq UNIQUE (tenant_id, slug);


--
-- Name: crm_segmentos crm_segmentos_pkey; Type: CONSTRAINT; Schema: public; Owner: -
--

ALTER TABLE ONLY public.crm_segmentos
    ADD CONSTRAINT crm_segmentos_pkey PRIMARY KEY (id);


--
-- Name: crm_tags crm_tags_pkey; Type: CONSTRAINT; Schema: public; Owner: -
--

ALTER TABLE ONLY public.crm_tags
    ADD CONSTRAINT crm_tags_pkey PRIMARY KEY (id);


--
-- Name: crm_tags crm_tags_tenant_id_nome_b9e6ca10_uniq; Type: CONSTRAINT; Schema: public; Owner: -
--

ALTER TABLE ONLY public.crm_tags
    ADD CONSTRAINT crm_tags_tenant_id_nome_b9e6ca10_uniq UNIQUE (tenant_id, nome);


--
-- Name: crm_tarefas crm_tarefas_pkey; Type: CONSTRAINT; Schema: public; Owner: -
--

ALTER TABLE ONLY public.crm_tarefas
    ADD CONSTRAINT crm_tarefas_pkey PRIMARY KEY (id);


--
-- Name: deteccao_campanha deteccao_campanha_pkey; Type: CONSTRAINT; Schema: public; Owner: -
--

ALTER TABLE ONLY public.deteccao_campanha
    ADD CONSTRAINT deteccao_campanha_pkey PRIMARY KEY (id);


--
-- Name: django_admin_log django_admin_log_pkey; Type: CONSTRAINT; Schema: public; Owner: -
--

ALTER TABLE ONLY public.django_admin_log
    ADD CONSTRAINT django_admin_log_pkey PRIMARY KEY (id);


--
-- Name: django_content_type django_content_type_app_label_model_76bd3d3b_uniq; Type: CONSTRAINT; Schema: public; Owner: -
--

ALTER TABLE ONLY public.django_content_type
    ADD CONSTRAINT django_content_type_app_label_model_76bd3d3b_uniq UNIQUE (app_label, model);


--
-- Name: django_content_type django_content_type_pkey; Type: CONSTRAINT; Schema: public; Owner: -
--

ALTER TABLE ONLY public.django_content_type
    ADD CONSTRAINT django_content_type_pkey PRIMARY KEY (id);


--
-- Name: django_migrations django_migrations_pkey; Type: CONSTRAINT; Schema: public; Owner: -
--

ALTER TABLE ONLY public.django_migrations
    ADD CONSTRAINT django_migrations_pkey PRIMARY KEY (id);


--
-- Name: django_session django_session_pkey; Type: CONSTRAINT; Schema: public; Owner: -
--

ALTER TABLE ONLY public.django_session
    ADD CONSTRAINT django_session_pkey PRIMARY KEY (session_key);


--
-- Name: documentos_lead documentos_lead_pkey; Type: CONSTRAINT; Schema: public; Owner: -
--

ALTER TABLE ONLY public.documentos_lead
    ADD CONSTRAINT documentos_lead_pkey PRIMARY KEY (id);


--
-- Name: fluxos_atendimento fluxos_atendimento_pkey; Type: CONSTRAINT; Schema: public; Owner: -
--

ALTER TABLE ONLY public.fluxos_atendimento
    ADD CONSTRAINT fluxos_atendimento_pkey PRIMARY KEY (id);


--
-- Name: historico_contato historico_contato_pkey; Type: CONSTRAINT; Schema: public; Owner: -
--

ALTER TABLE ONLY public.historico_contato
    ADD CONSTRAINT historico_contato_pkey PRIMARY KEY (id);


--
-- Name: imagens_lead_prospecto imagens_lead_prospecto_pkey; Type: CONSTRAINT; Schema: public; Owner: -
--

ALTER TABLE ONLY public.imagens_lead_prospecto
    ADD CONSTRAINT imagens_lead_prospecto_pkey PRIMARY KEY (id);


--
-- Name: inbox_canais inbox_canais_pkey; Type: CONSTRAINT; Schema: public; Owner: -
--

ALTER TABLE ONLY public.inbox_canais
    ADD CONSTRAINT inbox_canais_pkey PRIMARY KEY (id);


--
-- Name: inbox_canais inbox_canais_tenant_id_tipo_identificador_canal_9b782b21_uniq; Type: CONSTRAINT; Schema: public; Owner: -
--

ALTER TABLE ONLY public.inbox_canais
    ADD CONSTRAINT inbox_canais_tenant_id_tipo_identificador_canal_9b782b21_uniq UNIQUE (tenant_id, tipo, identificador_canal);


--
-- Name: inbox_configuracao inbox_configuracao_pkey; Type: CONSTRAINT; Schema: public; Owner: -
--

ALTER TABLE ONLY public.inbox_configuracao
    ADD CONSTRAINT inbox_configuracao_pkey PRIMARY KEY (id);


--
-- Name: inbox_conversas_etiquetas inbox_conversas_etiqueta_conversa_id_etiquetaconv_b72c014d_uniq; Type: CONSTRAINT; Schema: public; Owner: -
--

ALTER TABLE ONLY public.inbox_conversas_etiquetas
    ADD CONSTRAINT inbox_conversas_etiqueta_conversa_id_etiquetaconv_b72c014d_uniq UNIQUE (conversa_id, etiquetaconversa_id);


--
-- Name: inbox_conversas_etiquetas inbox_conversas_etiquetas_pkey; Type: CONSTRAINT; Schema: public; Owner: -
--

ALTER TABLE ONLY public.inbox_conversas_etiquetas
    ADD CONSTRAINT inbox_conversas_etiquetas_pkey PRIMARY KEY (id);


--
-- Name: inbox_conversas inbox_conversas_pkey; Type: CONSTRAINT; Schema: public; Owner: -
--

ALTER TABLE ONLY public.inbox_conversas
    ADD CONSTRAINT inbox_conversas_pkey PRIMARY KEY (id);


--
-- Name: inbox_conversas inbox_conversas_tenant_id_numero_62bdb098_uniq; Type: CONSTRAINT; Schema: public; Owner: -
--

ALTER TABLE ONLY public.inbox_conversas
    ADD CONSTRAINT inbox_conversas_tenant_id_numero_62bdb098_uniq UNIQUE (tenant_id, numero);


--
-- Name: inbox_equipes inbox_equipes_pkey; Type: CONSTRAINT; Schema: public; Owner: -
--

ALTER TABLE ONLY public.inbox_equipes
    ADD CONSTRAINT inbox_equipes_pkey PRIMARY KEY (id);


--
-- Name: inbox_equipes inbox_equipes_tenant_id_nome_b8efec95_uniq; Type: CONSTRAINT; Schema: public; Owner: -
--

ALTER TABLE ONLY public.inbox_equipes
    ADD CONSTRAINT inbox_equipes_tenant_id_nome_b8efec95_uniq UNIQUE (tenant_id, nome);


--
-- Name: inbox_etiquetas inbox_etiquetas_pkey; Type: CONSTRAINT; Schema: public; Owner: -
--

ALTER TABLE ONLY public.inbox_etiquetas
    ADD CONSTRAINT inbox_etiquetas_pkey PRIMARY KEY (id);


--
-- Name: inbox_etiquetas inbox_etiquetas_tenant_id_nome_c4c1ae83_uniq; Type: CONSTRAINT; Schema: public; Owner: -
--

ALTER TABLE ONLY public.inbox_etiquetas
    ADD CONSTRAINT inbox_etiquetas_tenant_id_nome_c4c1ae83_uniq UNIQUE (tenant_id, nome);


--
-- Name: inbox_faq_artigos inbox_faq_artigos_pkey; Type: CONSTRAINT; Schema: public; Owner: -
--

ALTER TABLE ONLY public.inbox_faq_artigos
    ADD CONSTRAINT inbox_faq_artigos_pkey PRIMARY KEY (id);


--
-- Name: inbox_faq_categorias inbox_faq_categorias_pkey; Type: CONSTRAINT; Schema: public; Owner: -
--

ALTER TABLE ONLY public.inbox_faq_categorias
    ADD CONSTRAINT inbox_faq_categorias_pkey PRIMARY KEY (id);


--
-- Name: inbox_faq_categorias inbox_faq_categorias_tenant_id_slug_301365f4_uniq; Type: CONSTRAINT; Schema: public; Owner: -
--

ALTER TABLE ONLY public.inbox_faq_categorias
    ADD CONSTRAINT inbox_faq_categorias_tenant_id_slug_301365f4_uniq UNIQUE (tenant_id, slug);


--
-- Name: inbox_filas inbox_filas_pkey; Type: CONSTRAINT; Schema: public; Owner: -
--

ALTER TABLE ONLY public.inbox_filas
    ADD CONSTRAINT inbox_filas_pkey PRIMARY KEY (id);


--
-- Name: inbox_filas inbox_filas_tenant_id_nome_535d712c_uniq; Type: CONSTRAINT; Schema: public; Owner: -
--

ALTER TABLE ONLY public.inbox_filas
    ADD CONSTRAINT inbox_filas_tenant_id_nome_535d712c_uniq UNIQUE (tenant_id, nome);


--
-- Name: inbox_historico_transferencia inbox_historico_transferencia_pkey; Type: CONSTRAINT; Schema: public; Owner: -
--

ALTER TABLE ONLY public.inbox_historico_transferencia
    ADD CONSTRAINT inbox_historico_transferencia_pkey PRIMARY KEY (id);


--
-- Name: inbox_horario_atendimento inbox_horario_atendiment_tenant_id_fila_id_dia_se_558a75b0_uniq; Type: CONSTRAINT; Schema: public; Owner: -
--

ALTER TABLE ONLY public.inbox_horario_atendimento
    ADD CONSTRAINT inbox_horario_atendiment_tenant_id_fila_id_dia_se_558a75b0_uniq UNIQUE (tenant_id, fila_id, dia_semana);


--
-- Name: inbox_horario_atendimento inbox_horario_atendimento_pkey; Type: CONSTRAINT; Schema: public; Owner: -
--

ALTER TABLE ONLY public.inbox_horario_atendimento
    ADD CONSTRAINT inbox_horario_atendimento_pkey PRIMARY KEY (id);


--
-- Name: inbox_membros_equipe inbox_membros_equipe_equipe_id_user_id_42a9c79a_uniq; Type: CONSTRAINT; Schema: public; Owner: -
--

ALTER TABLE ONLY public.inbox_membros_equipe
    ADD CONSTRAINT inbox_membros_equipe_equipe_id_user_id_42a9c79a_uniq UNIQUE (equipe_id, user_id);


--
-- Name: inbox_membros_equipe inbox_membros_equipe_pkey; Type: CONSTRAINT; Schema: public; Owner: -
--

ALTER TABLE ONLY public.inbox_membros_equipe
    ADD CONSTRAINT inbox_membros_equipe_pkey PRIMARY KEY (id);


--
-- Name: inbox_mensagens inbox_mensagens_pkey; Type: CONSTRAINT; Schema: public; Owner: -
--

ALTER TABLE ONLY public.inbox_mensagens
    ADD CONSTRAINT inbox_mensagens_pkey PRIMARY KEY (id);


--
-- Name: inbox_notas_internas inbox_notas_internas_pkey; Type: CONSTRAINT; Schema: public; Owner: -
--

ALTER TABLE ONLY public.inbox_notas_internas
    ADD CONSTRAINT inbox_notas_internas_pkey PRIMARY KEY (id);


--
-- Name: inbox_perfis_agente inbox_perfis_agente_pkey; Type: CONSTRAINT; Schema: public; Owner: -
--

ALTER TABLE ONLY public.inbox_perfis_agente
    ADD CONSTRAINT inbox_perfis_agente_pkey PRIMARY KEY (id);


--
-- Name: inbox_perfis_agente inbox_perfis_agente_user_id_key; Type: CONSTRAINT; Schema: public; Owner: -
--

ALTER TABLE ONLY public.inbox_perfis_agente
    ADD CONSTRAINT inbox_perfis_agente_user_id_key UNIQUE (user_id);


--
-- Name: inbox_regras_roteamento inbox_regras_roteamento_pkey; Type: CONSTRAINT; Schema: public; Owner: -
--

ALTER TABLE ONLY public.inbox_regras_roteamento
    ADD CONSTRAINT inbox_regras_roteamento_pkey PRIMARY KEY (id);


--
-- Name: inbox_respostas_rapidas inbox_respostas_rapidas_pkey; Type: CONSTRAINT; Schema: public; Owner: -
--

ALTER TABLE ONLY public.inbox_respostas_rapidas
    ADD CONSTRAINT inbox_respostas_rapidas_pkey PRIMARY KEY (id);


--
-- Name: inbox_respostas_rapidas inbox_respostas_rapidas_tenant_id_atalho_637c9c96_uniq; Type: CONSTRAINT; Schema: public; Owner: -
--

ALTER TABLE ONLY public.inbox_respostas_rapidas
    ADD CONSTRAINT inbox_respostas_rapidas_tenant_id_atalho_637c9c96_uniq UNIQUE (tenant_id, atalho);


--
-- Name: inbox_widget_config inbox_widget_config_pkey; Type: CONSTRAINT; Schema: public; Owner: -
--

ALTER TABLE ONLY public.inbox_widget_config
    ADD CONSTRAINT inbox_widget_config_pkey PRIMARY KEY (id);


--
-- Name: inbox_widget_config inbox_widget_config_token_publico_key; Type: CONSTRAINT; Schema: public; Owner: -
--

ALTER TABLE ONLY public.inbox_widget_config
    ADD CONSTRAINT inbox_widget_config_token_publico_key UNIQUE (token_publico);


--
-- Name: indicacoes_indicacao indicacoes_indicacao_membro_indicador_id_tele_6decdb95_uniq; Type: CONSTRAINT; Schema: public; Owner: -
--

ALTER TABLE ONLY public.indicacoes_indicacao
    ADD CONSTRAINT indicacoes_indicacao_membro_indicador_id_tele_6decdb95_uniq UNIQUE (membro_indicador_id, telefone_indicado);


--
-- Name: indicacoes_indicacao indicacoes_indicacao_pkey; Type: CONSTRAINT; Schema: public; Owner: -
--

ALTER TABLE ONLY public.indicacoes_indicacao
    ADD CONSTRAINT indicacoes_indicacao_pkey PRIMARY KEY (id);


--
-- Name: indicacoes_indicacaoconfig indicacoes_indicacaoconfig_pkey; Type: CONSTRAINT; Schema: public; Owner: -
--

ALTER TABLE ONLY public.indicacoes_indicacaoconfig
    ADD CONSTRAINT indicacoes_indicacaoconfig_pkey PRIMARY KEY (id);


--
-- Name: integracoes_api integracoes_api_pkey; Type: CONSTRAINT; Schema: public; Owner: -
--

ALTER TABLE ONLY public.integracoes_api
    ADD CONSTRAINT integracoes_api_pkey PRIMARY KEY (id);


--
-- Name: leads_prospectos leads_prospectos_pkey; Type: CONSTRAINT; Schema: public; Owner: -
--

ALTER TABLE ONLY public.leads_prospectos
    ADD CONSTRAINT leads_prospectos_pkey PRIMARY KEY (id);


--
-- Name: log_sistema log_sistema_pkey; Type: CONSTRAINT; Schema: public; Owner: -
--

ALTER TABLE ONLY public.log_sistema
    ADD CONSTRAINT log_sistema_pkey PRIMARY KEY (id);


--
-- Name: logs_integracao logs_integracao_pkey; Type: CONSTRAINT; Schema: public; Owner: -
--

ALTER TABLE ONLY public.logs_integracao
    ADD CONSTRAINT logs_integracao_pkey PRIMARY KEY (id);


--
-- Name: marketing_categoria_template marketing_categoria_template_pkey; Type: CONSTRAINT; Schema: public; Owner: -
--

ALTER TABLE ONLY public.marketing_categoria_template
    ADD CONSTRAINT marketing_categoria_template_pkey PRIMARY KEY (id);


--
-- Name: marketing_envio_email marketing_envio_email_pkey; Type: CONSTRAINT; Schema: public; Owner: -
--

ALTER TABLE ONLY public.marketing_envio_email
    ADD CONSTRAINT marketing_envio_email_pkey PRIMARY KEY (id);


--
-- Name: marketing_envio_email marketing_envio_email_tracking_id_key; Type: CONSTRAINT; Schema: public; Owner: -
--

ALTER TABLE ONLY public.marketing_envio_email
    ADD CONSTRAINT marketing_envio_email_tracking_id_key UNIQUE (tracking_id);


--
-- Name: marketing_template_email marketing_template_email_pkey; Type: CONSTRAINT; Schema: public; Owner: -
--

ALTER TABLE ONLY public.marketing_template_email
    ADD CONSTRAINT marketing_template_email_pkey PRIMARY KEY (id);


--
-- Name: notificacoes_canalnotificacao notificacoes_canalnotificacao_pkey; Type: CONSTRAINT; Schema: public; Owner: -
--

ALTER TABLE ONLY public.notificacoes_canalnotificacao
    ADD CONSTRAINT notificacoes_canalnotificacao_pkey PRIMARY KEY (id);


--
-- Name: notificacoes_canalnotificacao notificacoes_canalnotificacao_tenant_id_codigo_8cf5f742_uniq; Type: CONSTRAINT; Schema: public; Owner: -
--

ALTER TABLE ONLY public.notificacoes_canalnotificacao
    ADD CONSTRAINT notificacoes_canalnotificacao_tenant_id_codigo_8cf5f742_uniq UNIQUE (tenant_id, codigo);


--
-- Name: notificacoes_notificacao notificacoes_notificacao_pkey; Type: CONSTRAINT; Schema: public; Owner: -
--

ALTER TABLE ONLY public.notificacoes_notificacao
    ADD CONSTRAINT notificacoes_notificacao_pkey PRIMARY KEY (id);


--
-- Name: notificacoes_preferencianotificacao notificacoes_preferencia_usuario_id_tipo_notifica_1556cb9b_uniq; Type: CONSTRAINT; Schema: public; Owner: -
--

ALTER TABLE ONLY public.notificacoes_preferencianotificacao
    ADD CONSTRAINT notificacoes_preferencia_usuario_id_tipo_notifica_1556cb9b_uniq UNIQUE (usuario_id, tipo_notificacao_id, canal_preferido_id);


--
-- Name: notificacoes_preferencianotificacao notificacoes_preferencianotificacao_pkey; Type: CONSTRAINT; Schema: public; Owner: -
--

ALTER TABLE ONLY public.notificacoes_preferencianotificacao
    ADD CONSTRAINT notificacoes_preferencianotificacao_pkey PRIMARY KEY (id);


--
-- Name: notificacoes_templatenotificacao notificacoes_templatenot_tipo_notificacao_id_cana_18c13e8b_uniq; Type: CONSTRAINT; Schema: public; Owner: -
--

ALTER TABLE ONLY public.notificacoes_templatenotificacao
    ADD CONSTRAINT notificacoes_templatenot_tipo_notificacao_id_cana_18c13e8b_uniq UNIQUE (tipo_notificacao_id, canal_id);


--
-- Name: notificacoes_templatenotificacao notificacoes_templatenotificacao_pkey; Type: CONSTRAINT; Schema: public; Owner: -
--

ALTER TABLE ONLY public.notificacoes_templatenotificacao
    ADD CONSTRAINT notificacoes_templatenotificacao_pkey PRIMARY KEY (id);


--
-- Name: notificacoes_tiponotificacao notificacoes_tiponotificacao_pkey; Type: CONSTRAINT; Schema: public; Owner: -
--

ALTER TABLE ONLY public.notificacoes_tiponotificacao
    ADD CONSTRAINT notificacoes_tiponotificacao_pkey PRIMARY KEY (id);


--
-- Name: notificacoes_tiponotificacao notificacoes_tiponotificacao_tenant_id_codigo_34994bf2_uniq; Type: CONSTRAINT; Schema: public; Owner: -
--

ALTER TABLE ONLY public.notificacoes_tiponotificacao
    ADD CONSTRAINT notificacoes_tiponotificacao_tenant_id_codigo_34994bf2_uniq UNIQUE (tenant_id, codigo);


--
-- Name: nps_configuracaonps nps_configuracaonps_pkey; Type: CONSTRAINT; Schema: public; Owner: -
--

ALTER TABLE ONLY public.nps_configuracaonps
    ADD CONSTRAINT nps_configuracaonps_pkey PRIMARY KEY (id);


--
-- Name: nps_pesquisanps nps_pesquisanps_pkey; Type: CONSTRAINT; Schema: public; Owner: -
--

ALTER TABLE ONLY public.nps_pesquisanps
    ADD CONSTRAINT nps_pesquisanps_pkey PRIMARY KEY (id);


--
-- Name: opcoes_vencimento opcoes_vencimento_pkey; Type: CONSTRAINT; Schema: public; Owner: -
--

ALTER TABLE ONLY public.opcoes_vencimento
    ADD CONSTRAINT opcoes_vencimento_pkey PRIMARY KEY (id);


--
-- Name: parceiros_categoriaparceiro parceiros_categoriaparceiro_pkey; Type: CONSTRAINT; Schema: public; Owner: -
--

ALTER TABLE ONLY public.parceiros_categoriaparceiro
    ADD CONSTRAINT parceiros_categoriaparceiro_pkey PRIMARY KEY (id);


--
-- Name: parceiros_categoriaparceiro parceiros_categoriaparceiro_tenant_id_slug_cdb803b3_uniq; Type: CONSTRAINT; Schema: public; Owner: -
--

ALTER TABLE ONLY public.parceiros_categoriaparceiro
    ADD CONSTRAINT parceiros_categoriaparceiro_tenant_id_slug_cdb803b3_uniq UNIQUE (tenant_id, slug);


--
-- Name: parceiros_cupomdesconto_cidades_permitidas parceiros_cupomdesconto__cupomdesconto_id_cidade__4279746c_uniq; Type: CONSTRAINT; Schema: public; Owner: -
--

ALTER TABLE ONLY public.parceiros_cupomdesconto_cidades_permitidas
    ADD CONSTRAINT parceiros_cupomdesconto__cupomdesconto_id_cidade__4279746c_uniq UNIQUE (cupomdesconto_id, cidade_id);


--
-- Name: parceiros_cupomdesconto_cidades_permitidas parceiros_cupomdesconto_cidades_permitidas_pkey; Type: CONSTRAINT; Schema: public; Owner: -
--

ALTER TABLE ONLY public.parceiros_cupomdesconto_cidades_permitidas
    ADD CONSTRAINT parceiros_cupomdesconto_cidades_permitidas_pkey PRIMARY KEY (id);


--
-- Name: parceiros_cupomdesconto parceiros_cupomdesconto_pkey; Type: CONSTRAINT; Schema: public; Owner: -
--

ALTER TABLE ONLY public.parceiros_cupomdesconto
    ADD CONSTRAINT parceiros_cupomdesconto_pkey PRIMARY KEY (id);


--
-- Name: parceiros_cupomdesconto parceiros_cupomdesconto_tenant_id_codigo_23fe8385_uniq; Type: CONSTRAINT; Schema: public; Owner: -
--

ALTER TABLE ONLY public.parceiros_cupomdesconto
    ADD CONSTRAINT parceiros_cupomdesconto_tenant_id_codigo_23fe8385_uniq UNIQUE (tenant_id, codigo);


--
-- Name: parceiros_parceiro_cidades parceiros_parceiro_cidades_parceiro_id_cidade_id_b5c68b17_uniq; Type: CONSTRAINT; Schema: public; Owner: -
--

ALTER TABLE ONLY public.parceiros_parceiro_cidades
    ADD CONSTRAINT parceiros_parceiro_cidades_parceiro_id_cidade_id_b5c68b17_uniq UNIQUE (parceiro_id, cidade_id);


--
-- Name: parceiros_parceiro_cidades parceiros_parceiro_cidades_pkey; Type: CONSTRAINT; Schema: public; Owner: -
--

ALTER TABLE ONLY public.parceiros_parceiro_cidades
    ADD CONSTRAINT parceiros_parceiro_cidades_pkey PRIMARY KEY (id);


--
-- Name: parceiros_parceiro parceiros_parceiro_pkey; Type: CONSTRAINT; Schema: public; Owner: -
--

ALTER TABLE ONLY public.parceiros_parceiro
    ADD CONSTRAINT parceiros_parceiro_pkey PRIMARY KEY (id);


--
-- Name: parceiros_parceiro parceiros_parceiro_usuario_id_key; Type: CONSTRAINT; Schema: public; Owner: -
--

ALTER TABLE ONLY public.parceiros_parceiro
    ADD CONSTRAINT parceiros_parceiro_usuario_id_key UNIQUE (usuario_id);


--
-- Name: parceiros_resgatecupom parceiros_resgatecupom_pkey; Type: CONSTRAINT; Schema: public; Owner: -
--

ALTER TABLE ONLY public.parceiros_resgatecupom
    ADD CONSTRAINT parceiros_resgatecupom_pkey PRIMARY KEY (id);


--
-- Name: parceiros_resgatecupom parceiros_resgatecupom_tenant_id_codigo_unico_03edd3b7_uniq; Type: CONSTRAINT; Schema: public; Owner: -
--

ALTER TABLE ONLY public.parceiros_resgatecupom
    ADD CONSTRAINT parceiros_resgatecupom_tenant_id_codigo_unico_03edd3b7_uniq UNIQUE (tenant_id, codigo_unico);


--
-- Name: planos_internet planos_internet_pkey; Type: CONSTRAINT; Schema: public; Owner: -
--

ALTER TABLE ONLY public.planos_internet
    ADD CONSTRAINT planos_internet_pkey PRIMARY KEY (id);


--
-- Name: prospectos prospectos_id_prospecto_hubsoft_key; Type: CONSTRAINT; Schema: public; Owner: -
--

ALTER TABLE ONLY public.prospectos
    ADD CONSTRAINT prospectos_id_prospecto_hubsoft_key UNIQUE (id_prospecto_hubsoft);


--
-- Name: prospectos prospectos_pkey; Type: CONSTRAINT; Schema: public; Owner: -
--

ALTER TABLE ONLY public.prospectos
    ADD CONSTRAINT prospectos_pkey PRIMARY KEY (id);


--
-- Name: questoes_fluxo questoes_fluxo_fluxo_id_indice_b63107bc_uniq; Type: CONSTRAINT; Schema: public; Owner: -
--

ALTER TABLE ONLY public.questoes_fluxo
    ADD CONSTRAINT questoes_fluxo_fluxo_id_indice_b63107bc_uniq UNIQUE (fluxo_id, indice);


--
-- Name: questoes_fluxo questoes_fluxo_pkey; Type: CONSTRAINT; Schema: public; Owner: -
--

ALTER TABLE ONLY public.questoes_fluxo
    ADD CONSTRAINT questoes_fluxo_pkey PRIMARY KEY (id);


--
-- Name: respostas_questao respostas_questao_pkey; Type: CONSTRAINT; Schema: public; Owner: -
--

ALTER TABLE ONLY public.respostas_questao
    ADD CONSTRAINT respostas_questao_pkey PRIMARY KEY (id);


--
-- Name: retencao_acaoretencao retencao_acaoretencao_pkey; Type: CONSTRAINT; Schema: public; Owner: -
--

ALTER TABLE ONLY public.retencao_acaoretencao
    ADD CONSTRAINT retencao_acaoretencao_pkey PRIMARY KEY (id);


--
-- Name: retencao_alertachurn retencao_alertachurn_pkey; Type: CONSTRAINT; Schema: public; Owner: -
--

ALTER TABLE ONLY public.retencao_alertachurn
    ADD CONSTRAINT retencao_alertachurn_pkey PRIMARY KEY (id);


--
-- Name: retencao_scorecliente retencao_scorecliente_pkey; Type: CONSTRAINT; Schema: public; Owner: -
--

ALTER TABLE ONLY public.retencao_scorecliente
    ADD CONSTRAINT retencao_scorecliente_pkey PRIMARY KEY (id);


--
-- Name: roleta_bannerclube roleta_bannerclube_pkey; Type: CONSTRAINT; Schema: public; Owner: -
--

ALTER TABLE ONLY public.roleta_bannerclube
    ADD CONSTRAINT roleta_bannerclube_pkey PRIMARY KEY (id);


--
-- Name: roleta_cidade roleta_cidade_pkey; Type: CONSTRAINT; Schema: public; Owner: -
--

ALTER TABLE ONLY public.roleta_cidade
    ADD CONSTRAINT roleta_cidade_pkey PRIMARY KEY (id);


--
-- Name: roleta_cidade roleta_cidade_tenant_id_nome_e6ebc9e5_uniq; Type: CONSTRAINT; Schema: public; Owner: -
--

ALTER TABLE ONLY public.roleta_cidade
    ADD CONSTRAINT roleta_cidade_tenant_id_nome_e6ebc9e5_uniq UNIQUE (tenant_id, nome);


--
-- Name: roleta_extratopontuacao roleta_extratopontuacao_pkey; Type: CONSTRAINT; Schema: public; Owner: -
--

ALTER TABLE ONLY public.roleta_extratopontuacao
    ADD CONSTRAINT roleta_extratopontuacao_pkey PRIMARY KEY (id);


--
-- Name: roleta_landingconfig roleta_landingconfig_pkey; Type: CONSTRAINT; Schema: public; Owner: -
--

ALTER TABLE ONLY public.roleta_landingconfig
    ADD CONSTRAINT roleta_landingconfig_pkey PRIMARY KEY (id);


--
-- Name: roleta_membroclube roleta_membroclube_pkey; Type: CONSTRAINT; Schema: public; Owner: -
--

ALTER TABLE ONLY public.roleta_membroclube
    ADD CONSTRAINT roleta_membroclube_pkey PRIMARY KEY (id);


--
-- Name: roleta_membroclube roleta_membroclube_tenant_id_cpf_619ad538_uniq; Type: CONSTRAINT; Schema: public; Owner: -
--

ALTER TABLE ONLY public.roleta_membroclube
    ADD CONSTRAINT roleta_membroclube_tenant_id_cpf_619ad538_uniq UNIQUE (tenant_id, cpf);


--
-- Name: roleta_nivelclube roleta_nivelclube_pkey; Type: CONSTRAINT; Schema: public; Owner: -
--

ALTER TABLE ONLY public.roleta_nivelclube
    ADD CONSTRAINT roleta_nivelclube_pkey PRIMARY KEY (id);


--
-- Name: roleta_participanteroleta roleta_participanteroleta_pkey; Type: CONSTRAINT; Schema: public; Owner: -
--

ALTER TABLE ONLY public.roleta_participanteroleta
    ADD CONSTRAINT roleta_participanteroleta_pkey PRIMARY KEY (id);


--
-- Name: roleta_premioroleta_cidades_permitidas roleta_premioroleta_cida_premioroleta_id_cidade_i_f2bb663e_uniq; Type: CONSTRAINT; Schema: public; Owner: -
--

ALTER TABLE ONLY public.roleta_premioroleta_cidades_permitidas
    ADD CONSTRAINT roleta_premioroleta_cida_premioroleta_id_cidade_i_f2bb663e_uniq UNIQUE (premioroleta_id, cidade_id);


--
-- Name: roleta_premioroleta_cidades_permitidas roleta_premioroleta_cidades_permitidas_pkey; Type: CONSTRAINT; Schema: public; Owner: -
--

ALTER TABLE ONLY public.roleta_premioroleta_cidades_permitidas
    ADD CONSTRAINT roleta_premioroleta_cidades_permitidas_pkey PRIMARY KEY (id);


--
-- Name: roleta_premioroleta roleta_premioroleta_pkey; Type: CONSTRAINT; Schema: public; Owner: -
--

ALTER TABLE ONLY public.roleta_premioroleta
    ADD CONSTRAINT roleta_premioroleta_pkey PRIMARY KEY (id);


--
-- Name: roleta_regrapontuacao roleta_regrapontuacao_pkey; Type: CONSTRAINT; Schema: public; Owner: -
--

ALTER TABLE ONLY public.roleta_regrapontuacao
    ADD CONSTRAINT roleta_regrapontuacao_pkey PRIMARY KEY (id);


--
-- Name: roleta_regrapontuacao roleta_regrapontuacao_tenant_id_gatilho_1cbf740e_uniq; Type: CONSTRAINT; Schema: public; Owner: -
--

ALTER TABLE ONLY public.roleta_regrapontuacao
    ADD CONSTRAINT roleta_regrapontuacao_tenant_id_gatilho_1cbf740e_uniq UNIQUE (tenant_id, gatilho);


--
-- Name: roleta_roletaconfig roleta_roletaconfig_pkey; Type: CONSTRAINT; Schema: public; Owner: -
--

ALTER TABLE ONLY public.roleta_roletaconfig
    ADD CONSTRAINT roleta_roletaconfig_pkey PRIMARY KEY (id);


--
-- Name: roleta_rouletteasset roleta_rouletteasset_pkey; Type: CONSTRAINT; Schema: public; Owner: -
--

ALTER TABLE ONLY public.roleta_rouletteasset
    ADD CONSTRAINT roleta_rouletteasset_pkey PRIMARY KEY (id);


--
-- Name: servicos_cliente_hubsoft servicos_cliente_hubsoft_id_cliente_servico_key; Type: CONSTRAINT; Schema: public; Owner: -
--

ALTER TABLE ONLY public.servicos_cliente_hubsoft
    ADD CONSTRAINT servicos_cliente_hubsoft_id_cliente_servico_key UNIQUE (id_cliente_servico);


--
-- Name: servicos_cliente_hubsoft servicos_cliente_hubsoft_pkey; Type: CONSTRAINT; Schema: public; Owner: -
--

ALTER TABLE ONLY public.servicos_cliente_hubsoft
    ADD CONSTRAINT servicos_cliente_hubsoft_pkey PRIMARY KEY (id);


--
-- Name: sistema_feature_plano sistema_feature_plano_pkey; Type: CONSTRAINT; Schema: public; Owner: -
--

ALTER TABLE ONLY public.sistema_feature_plano
    ADD CONSTRAINT sistema_feature_plano_pkey PRIMARY KEY (id);


--
-- Name: sistema_funcionalidade sistema_funcionalidade_codigo_key; Type: CONSTRAINT; Schema: public; Owner: -
--

ALTER TABLE ONLY public.sistema_funcionalidade
    ADD CONSTRAINT sistema_funcionalidade_codigo_key UNIQUE (codigo);


--
-- Name: sistema_funcionalidade sistema_funcionalidade_pkey; Type: CONSTRAINT; Schema: public; Owner: -
--

ALTER TABLE ONLY public.sistema_funcionalidade
    ADD CONSTRAINT sistema_funcionalidade_pkey PRIMARY KEY (id);


--
-- Name: sistema_perfil_permissao_funcionalidades sistema_perfil_permissao_funcionalidades_pkey; Type: CONSTRAINT; Schema: public; Owner: -
--

ALTER TABLE ONLY public.sistema_perfil_permissao_funcionalidades
    ADD CONSTRAINT sistema_perfil_permissao_funcionalidades_pkey PRIMARY KEY (id);


--
-- Name: sistema_perfil_permissao_funcionalidades sistema_perfil_permissao_perfilpermissao_id_funci_da566733_uniq; Type: CONSTRAINT; Schema: public; Owner: -
--

ALTER TABLE ONLY public.sistema_perfil_permissao_funcionalidades
    ADD CONSTRAINT sistema_perfil_permissao_perfilpermissao_id_funci_da566733_uniq UNIQUE (perfilpermissao_id, funcionalidade_id);


--
-- Name: sistema_perfil_permissao sistema_perfil_permissao_pkey; Type: CONSTRAINT; Schema: public; Owner: -
--

ALTER TABLE ONLY public.sistema_perfil_permissao
    ADD CONSTRAINT sistema_perfil_permissao_pkey PRIMARY KEY (id);


--
-- Name: sistema_perfil_permissao sistema_perfil_permissao_tenant_id_nome_4068345d_uniq; Type: CONSTRAINT; Schema: public; Owner: -
--

ALTER TABLE ONLY public.sistema_perfil_permissao
    ADD CONSTRAINT sistema_perfil_permissao_tenant_id_nome_4068345d_uniq UNIQUE (tenant_id, nome);


--
-- Name: sistema_perfil_usuario sistema_perfil_usuario_pkey; Type: CONSTRAINT; Schema: public; Owner: -
--

ALTER TABLE ONLY public.sistema_perfil_usuario
    ADD CONSTRAINT sistema_perfil_usuario_pkey PRIMARY KEY (id);


--
-- Name: sistema_perfil_usuario sistema_perfil_usuario_user_id_key; Type: CONSTRAINT; Schema: public; Owner: -
--

ALTER TABLE ONLY public.sistema_perfil_usuario
    ADD CONSTRAINT sistema_perfil_usuario_user_id_key UNIQUE (user_id);


--
-- Name: sistema_permissao_usuario sistema_permissao_usuario_pkey; Type: CONSTRAINT; Schema: public; Owner: -
--

ALTER TABLE ONLY public.sistema_permissao_usuario
    ADD CONSTRAINT sistema_permissao_usuario_pkey PRIMARY KEY (id);


--
-- Name: sistema_permissao_usuario sistema_permissao_usuario_user_id_key; Type: CONSTRAINT; Schema: public; Owner: -
--

ALTER TABLE ONLY public.sistema_permissao_usuario
    ADD CONSTRAINT sistema_permissao_usuario_user_id_key UNIQUE (user_id);


--
-- Name: sistema_plano sistema_plano_modulo_tier_4f4dc362_uniq; Type: CONSTRAINT; Schema: public; Owner: -
--

ALTER TABLE ONLY public.sistema_plano
    ADD CONSTRAINT sistema_plano_modulo_tier_4f4dc362_uniq UNIQUE (modulo, tier);


--
-- Name: sistema_plano sistema_plano_pkey; Type: CONSTRAINT; Schema: public; Owner: -
--

ALTER TABLE ONLY public.sistema_plano
    ADD CONSTRAINT sistema_plano_pkey PRIMARY KEY (id);


--
-- Name: sistema_tenant sistema_tenant_cnpj_key; Type: CONSTRAINT; Schema: public; Owner: -
--

ALTER TABLE ONLY public.sistema_tenant
    ADD CONSTRAINT sistema_tenant_cnpj_key UNIQUE (cnpj);


--
-- Name: sistema_tenant sistema_tenant_pkey; Type: CONSTRAINT; Schema: public; Owner: -
--

ALTER TABLE ONLY public.sistema_tenant
    ADD CONSTRAINT sistema_tenant_pkey PRIMARY KEY (id);


--
-- Name: sistema_tenant sistema_tenant_slug_key; Type: CONSTRAINT; Schema: public; Owner: -
--

ALTER TABLE ONLY public.sistema_tenant
    ADD CONSTRAINT sistema_tenant_slug_key UNIQUE (slug);


--
-- Name: status_configuravel status_configuravel_pkey; Type: CONSTRAINT; Schema: public; Owner: -
--

ALTER TABLE ONLY public.status_configuravel
    ADD CONSTRAINT status_configuravel_pkey PRIMARY KEY (id);


--
-- Name: status_configuravel status_configuravel_tenant_id_grupo_codigo_0612aba3_uniq; Type: CONSTRAINT; Schema: public; Owner: -
--

ALTER TABLE ONLY public.status_configuravel
    ADD CONSTRAINT status_configuravel_tenant_id_grupo_codigo_0612aba3_uniq UNIQUE (tenant_id, grupo, codigo);


--
-- Name: suporte_artigos_conhecimento suporte_artigos_conhecimento_pkey; Type: CONSTRAINT; Schema: public; Owner: -
--

ALTER TABLE ONLY public.suporte_artigos_conhecimento
    ADD CONSTRAINT suporte_artigos_conhecimento_pkey PRIMARY KEY (id);


--
-- Name: suporte_artigos_conhecimento suporte_artigos_conhecimento_tenant_id_slug_f0f0aeea_uniq; Type: CONSTRAINT; Schema: public; Owner: -
--

ALTER TABLE ONLY public.suporte_artigos_conhecimento
    ADD CONSTRAINT suporte_artigos_conhecimento_tenant_id_slug_f0f0aeea_uniq UNIQUE (tenant_id, slug);


--
-- Name: suporte_categorias_conhecimento suporte_categorias_conhecimento_pkey; Type: CONSTRAINT; Schema: public; Owner: -
--

ALTER TABLE ONLY public.suporte_categorias_conhecimento
    ADD CONSTRAINT suporte_categorias_conhecimento_pkey PRIMARY KEY (id);


--
-- Name: suporte_categorias_conhecimento suporte_categorias_conhecimento_tenant_id_slug_6e16ad26_uniq; Type: CONSTRAINT; Schema: public; Owner: -
--

ALTER TABLE ONLY public.suporte_categorias_conhecimento
    ADD CONSTRAINT suporte_categorias_conhecimento_tenant_id_slug_6e16ad26_uniq UNIQUE (tenant_id, slug);


--
-- Name: suporte_categorias suporte_categorias_pkey; Type: CONSTRAINT; Schema: public; Owner: -
--

ALTER TABLE ONLY public.suporte_categorias
    ADD CONSTRAINT suporte_categorias_pkey PRIMARY KEY (id);


--
-- Name: suporte_categorias suporte_categorias_tenant_id_slug_c466dc8d_uniq; Type: CONSTRAINT; Schema: public; Owner: -
--

ALTER TABLE ONLY public.suporte_categorias
    ADD CONSTRAINT suporte_categorias_tenant_id_slug_c466dc8d_uniq UNIQUE (tenant_id, slug);


--
-- Name: suporte_comentarios suporte_comentarios_pkey; Type: CONSTRAINT; Schema: public; Owner: -
--

ALTER TABLE ONLY public.suporte_comentarios
    ADD CONSTRAINT suporte_comentarios_pkey PRIMARY KEY (id);


--
-- Name: suporte_historico_ticket suporte_historico_ticket_pkey; Type: CONSTRAINT; Schema: public; Owner: -
--

ALTER TABLE ONLY public.suporte_historico_ticket
    ADD CONSTRAINT suporte_historico_ticket_pkey PRIMARY KEY (id);


--
-- Name: suporte_sla_config suporte_sla_config_pkey; Type: CONSTRAINT; Schema: public; Owner: -
--

ALTER TABLE ONLY public.suporte_sla_config
    ADD CONSTRAINT suporte_sla_config_pkey PRIMARY KEY (id);


--
-- Name: suporte_sla_config suporte_sla_config_tenant_id_plano_tier_aae03e3d_uniq; Type: CONSTRAINT; Schema: public; Owner: -
--

ALTER TABLE ONLY public.suporte_sla_config
    ADD CONSTRAINT suporte_sla_config_tenant_id_plano_tier_aae03e3d_uniq UNIQUE (tenant_id, plano_tier);


--
-- Name: suporte_tickets suporte_tickets_pkey; Type: CONSTRAINT; Schema: public; Owner: -
--

ALTER TABLE ONLY public.suporte_tickets
    ADD CONSTRAINT suporte_tickets_pkey PRIMARY KEY (id);


--
-- Name: suporte_tickets suporte_tickets_tenant_id_numero_d9dc08bf_uniq; Type: CONSTRAINT; Schema: public; Owner: -
--

ALTER TABLE ONLY public.suporte_tickets
    ADD CONSTRAINT suporte_tickets_tenant_id_numero_d9dc08bf_uniq UNIQUE (tenant_id, numero);


--
-- Name: tentativas_resposta tentativas_resposta_atendimento_id_questao_i_4e9d3d24_uniq; Type: CONSTRAINT; Schema: public; Owner: -
--

ALTER TABLE ONLY public.tentativas_resposta
    ADD CONSTRAINT tentativas_resposta_atendimento_id_questao_i_4e9d3d24_uniq UNIQUE (atendimento_id, questao_id, tentativa_numero);


--
-- Name: tentativas_resposta tentativas_resposta_pkey; Type: CONSTRAINT; Schema: public; Owner: -
--

ALTER TABLE ONLY public.tentativas_resposta
    ADD CONSTRAINT tentativas_resposta_pkey PRIMARY KEY (id);


--
-- Name: vendas_web_configuracaoempresa vendas_web_configuracaoempresa_pkey; Type: CONSTRAINT; Schema: public; Owner: -
--

ALTER TABLE ONLY public.vendas_web_configuracaoempresa
    ADD CONSTRAINT vendas_web_configuracaoempresa_pkey PRIMARY KEY (id);


--
-- Name: viabilidade_cidadeviabilidade viabilidade_cidadeviabilidade_pkey; Type: CONSTRAINT; Schema: public; Owner: -
--

ALTER TABLE ONLY public.viabilidade_cidadeviabilidade
    ADD CONSTRAINT viabilidade_cidadeviabilidade_pkey PRIMARY KEY (id);


--
-- Name: atendimento_atendim_49079e_idx; Type: INDEX; Schema: public; Owner: -
--

CREATE INDEX atendimento_atendim_49079e_idx ON public.atendimento_log_fluxo USING btree (atendimento_id, data_execucao DESC);


--
-- Name: atendimento_conexaonodo_fluxo_id_fb9e81b2; Type: INDEX; Schema: public; Owner: -
--

CREATE INDEX atendimento_conexaonodo_fluxo_id_fb9e81b2 ON public.atendimento_conexaonodo USING btree (fluxo_id);


--
-- Name: atendimento_conexaonodo_nodo_destino_id_b9bcf113; Type: INDEX; Schema: public; Owner: -
--

CREATE INDEX atendimento_conexaonodo_nodo_destino_id_b9bcf113 ON public.atendimento_conexaonodo USING btree (nodo_destino_id);


--
-- Name: atendimento_conexaonodo_nodo_origem_id_9e2b9ea6; Type: INDEX; Schema: public; Owner: -
--

CREATE INDEX atendimento_conexaonodo_nodo_origem_id_9e2b9ea6 ON public.atendimento_conexaonodo USING btree (nodo_origem_id);


--
-- Name: atendimento_conexaonodo_tenant_id_32caaa8a; Type: INDEX; Schema: public; Owner: -
--

CREATE INDEX atendimento_conexaonodo_tenant_id_32caaa8a ON public.atendimento_conexaonodo USING btree (tenant_id);


--
-- Name: atendimento_data_in_94bdf5_idx; Type: INDEX; Schema: public; Owner: -
--

CREATE INDEX atendimento_data_in_94bdf5_idx ON public.atendimentos_fluxo USING btree (data_inicio);


--
-- Name: atendimento_data_in_993b3c_idx; Type: INDEX; Schema: public; Owner: -
--

CREATE INDEX atendimento_data_in_993b3c_idx ON public.atendimentos_fluxo USING btree (data_inicio, status);


--
-- Name: atendimento_execucao_pendente_atendimento_id_db73685a; Type: INDEX; Schema: public; Owner: -
--

CREATE INDEX atendimento_execucao_pendente_atendimento_id_db73685a ON public.atendimento_execucao_pendente USING btree (atendimento_id);


--
-- Name: atendimento_execucao_pendente_data_agendada_d464d544; Type: INDEX; Schema: public; Owner: -
--

CREATE INDEX atendimento_execucao_pendente_data_agendada_d464d544 ON public.atendimento_execucao_pendente USING btree (data_agendada);


--
-- Name: atendimento_execucao_pendente_nodo_id_f82beab1; Type: INDEX; Schema: public; Owner: -
--

CREATE INDEX atendimento_execucao_pendente_nodo_id_f82beab1 ON public.atendimento_execucao_pendente USING btree (nodo_id);


--
-- Name: atendimento_execucao_pendente_tenant_id_7e44a00b; Type: INDEX; Schema: public; Owner: -
--

CREATE INDEX atendimento_execucao_pendente_tenant_id_7e44a00b ON public.atendimento_execucao_pendente USING btree (tenant_id);


--
-- Name: atendimento_fluxo_i_26934b_idx; Type: INDEX; Schema: public; Owner: -
--

CREATE INDEX atendimento_fluxo_i_26934b_idx ON public.atendimentos_fluxo USING btree (fluxo_id, status);


--
-- Name: atendimento_fluxo_i_87c67a_idx; Type: INDEX; Schema: public; Owner: -
--

CREATE INDEX atendimento_fluxo_i_87c67a_idx ON public.atendimentos_fluxo USING btree (fluxo_id);


--
-- Name: atendimento_id_exte_9912c3_idx; Type: INDEX; Schema: public; Owner: -
--

CREATE INDEX atendimento_id_exte_9912c3_idx ON public.atendimentos_fluxo USING btree (id_externo);


--
-- Name: atendimento_lead_id_393eb1_idx; Type: INDEX; Schema: public; Owner: -
--

CREATE INDEX atendimento_lead_id_393eb1_idx ON public.atendimentos_fluxo USING btree (lead_id);


--
-- Name: atendimento_lead_id_5f6886_idx; Type: INDEX; Schema: public; Owner: -
--

CREATE INDEX atendimento_lead_id_5f6886_idx ON public.atendimentos_fluxo USING btree (lead_id, status);


--
-- Name: atendimento_lead_id_d571e4_idx; Type: INDEX; Schema: public; Owner: -
--

CREATE INDEX atendimento_lead_id_d571e4_idx ON public.atendimento_log_fluxo USING btree (lead_id, data_execucao DESC);


--
-- Name: atendimento_log_fluxo_atendimento_id_3db11c23; Type: INDEX; Schema: public; Owner: -
--

CREATE INDEX atendimento_log_fluxo_atendimento_id_3db11c23 ON public.atendimento_log_fluxo USING btree (atendimento_id);


--
-- Name: atendimento_log_fluxo_lead_id_693c7d0a; Type: INDEX; Schema: public; Owner: -
--

CREATE INDEX atendimento_log_fluxo_lead_id_693c7d0a ON public.atendimento_log_fluxo USING btree (lead_id);


--
-- Name: atendimento_log_fluxo_nodo_id_d017c2d1; Type: INDEX; Schema: public; Owner: -
--

CREATE INDEX atendimento_log_fluxo_nodo_id_d017c2d1 ON public.atendimento_log_fluxo USING btree (nodo_id);


--
-- Name: atendimento_log_fluxo_tenant_id_c8f24887; Type: INDEX; Schema: public; Owner: -
--

CREATE INDEX atendimento_log_fluxo_tenant_id_c8f24887 ON public.atendimento_log_fluxo USING btree (tenant_id);


--
-- Name: atendimento_nodofluxo_fluxo_id_897e4317; Type: INDEX; Schema: public; Owner: -
--

CREATE INDEX atendimento_nodofluxo_fluxo_id_897e4317 ON public.atendimento_nodofluxo USING btree (fluxo_id);


--
-- Name: atendimento_nodofluxo_tenant_id_5cf2eff5; Type: INDEX; Schema: public; Owner: -
--

CREATE INDEX atendimento_nodofluxo_tenant_id_5cf2eff5 ON public.atendimento_nodofluxo USING btree (tenant_id);


--
-- Name: atendimento_questao_9035e4_idx; Type: INDEX; Schema: public; Owner: -
--

CREATE INDEX atendimento_questao_9035e4_idx ON public.atendimentos_fluxo USING btree (questao_atual);


--
-- Name: atendimento_status_582f4d_idx; Type: INDEX; Schema: public; Owner: -
--

CREATE INDEX atendimento_status_582f4d_idx ON public.atendimento_execucao_pendente USING btree (status, data_agendada);


--
-- Name: atendimento_status_e0935a_idx; Type: INDEX; Schema: public; Owner: -
--

CREATE INDEX atendimento_status_e0935a_idx ON public.atendimentos_fluxo USING btree (status);


--
-- Name: atendimentos_fluxo_fluxo_id_2e2ec71c; Type: INDEX; Schema: public; Owner: -
--

CREATE INDEX atendimentos_fluxo_fluxo_id_2e2ec71c ON public.atendimentos_fluxo USING btree (fluxo_id);


--
-- Name: atendimentos_fluxo_historico_contato_id_8f8f6c47; Type: INDEX; Schema: public; Owner: -
--

CREATE INDEX atendimentos_fluxo_historico_contato_id_8f8f6c47 ON public.atendimentos_fluxo USING btree (historico_contato_id);


--
-- Name: atendimentos_fluxo_lead_id_16af9357; Type: INDEX; Schema: public; Owner: -
--

CREATE INDEX atendimentos_fluxo_lead_id_16af9357 ON public.atendimentos_fluxo USING btree (lead_id);


--
-- Name: atendimentos_fluxo_nodo_atual_id_7a009ae5; Type: INDEX; Schema: public; Owner: -
--

CREATE INDEX atendimentos_fluxo_nodo_atual_id_7a009ae5 ON public.atendimentos_fluxo USING btree (nodo_atual_id);


--
-- Name: atendimentos_fluxo_tenant_id_22344c01; Type: INDEX; Schema: public; Owner: -
--

CREATE INDEX atendimentos_fluxo_tenant_id_22344c01 ON public.atendimentos_fluxo USING btree (tenant_id);


--
-- Name: auth_group_name_a6ea08ec_like; Type: INDEX; Schema: public; Owner: -
--

CREATE INDEX auth_group_name_a6ea08ec_like ON public.auth_group USING btree (name varchar_pattern_ops);


--
-- Name: auth_group_permissions_group_id_b120cbf9; Type: INDEX; Schema: public; Owner: -
--

CREATE INDEX auth_group_permissions_group_id_b120cbf9 ON public.auth_group_permissions USING btree (group_id);


--
-- Name: auth_group_permissions_permission_id_84c5c92e; Type: INDEX; Schema: public; Owner: -
--

CREATE INDEX auth_group_permissions_permission_id_84c5c92e ON public.auth_group_permissions USING btree (permission_id);


--
-- Name: auth_permission_content_type_id_2f476e4b; Type: INDEX; Schema: public; Owner: -
--

CREATE INDEX auth_permission_content_type_id_2f476e4b ON public.auth_permission USING btree (content_type_id);


--
-- Name: auth_user_groups_group_id_97559544; Type: INDEX; Schema: public; Owner: -
--

CREATE INDEX auth_user_groups_group_id_97559544 ON public.auth_user_groups USING btree (group_id);


--
-- Name: auth_user_groups_user_id_6a12ed8b; Type: INDEX; Schema: public; Owner: -
--

CREATE INDEX auth_user_groups_user_id_6a12ed8b ON public.auth_user_groups USING btree (user_id);


--
-- Name: auth_user_user_permissions_permission_id_1fbb5f2c; Type: INDEX; Schema: public; Owner: -
--

CREATE INDEX auth_user_user_permissions_permission_id_1fbb5f2c ON public.auth_user_user_permissions USING btree (permission_id);


--
-- Name: auth_user_user_permissions_user_id_a95ead1b; Type: INDEX; Schema: public; Owner: -
--

CREATE INDEX auth_user_user_permissions_user_id_a95ead1b ON public.auth_user_user_permissions USING btree (user_id);


--
-- Name: auth_user_username_6821ab7c_like; Type: INDEX; Schema: public; Owner: -
--

CREATE INDEX auth_user_username_6821ab7c_like ON public.auth_user USING btree (username varchar_pattern_ops);


--
-- Name: automacoes__lead_id_c56613_idx; Type: INDEX; Schema: public; Owner: -
--

CREATE INDEX automacoes__lead_id_c56613_idx ON public.automacoes_execucaopendente USING btree (lead_id, status);


--
-- Name: automacoes__status_cb51de_idx; Type: INDEX; Schema: public; Owner: -
--

CREATE INDEX automacoes__status_cb51de_idx ON public.automacoes_execucaopendente USING btree (status, data_agendada);


--
-- Name: automacoes_acaoregra_regra_id_864170b6; Type: INDEX; Schema: public; Owner: -
--

CREATE INDEX automacoes_acaoregra_regra_id_864170b6 ON public.automacoes_acaoregra USING btree (regra_id);


--
-- Name: automacoes_acaoregra_tenant_id_9cf1da44; Type: INDEX; Schema: public; Owner: -
--

CREATE INDEX automacoes_acaoregra_tenant_id_9cf1da44 ON public.automacoes_acaoregra USING btree (tenant_id);


--
-- Name: automacoes_condicaoregra_regra_id_716da5ea; Type: INDEX; Schema: public; Owner: -
--

CREATE INDEX automacoes_condicaoregra_regra_id_716da5ea ON public.automacoes_condicaoregra USING btree (regra_id);


--
-- Name: automacoes_condicaoregra_tenant_id_5eb231bb; Type: INDEX; Schema: public; Owner: -
--

CREATE INDEX automacoes_condicaoregra_tenant_id_5eb231bb ON public.automacoes_condicaoregra USING btree (tenant_id);


--
-- Name: automacoes_conexaonodo_nodo_destino_id_cdc9b32d; Type: INDEX; Schema: public; Owner: -
--

CREATE INDEX automacoes_conexaonodo_nodo_destino_id_cdc9b32d ON public.automacoes_conexaonodo USING btree (nodo_destino_id);


--
-- Name: automacoes_conexaonodo_nodo_origem_id_db6d139b; Type: INDEX; Schema: public; Owner: -
--

CREATE INDEX automacoes_conexaonodo_nodo_origem_id_db6d139b ON public.automacoes_conexaonodo USING btree (nodo_origem_id);


--
-- Name: automacoes_conexaonodo_regra_id_c0d651b9; Type: INDEX; Schema: public; Owner: -
--

CREATE INDEX automacoes_conexaonodo_regra_id_c0d651b9 ON public.automacoes_conexaonodo USING btree (regra_id);


--
-- Name: automacoes_conexaonodo_tenant_id_f072f9e9; Type: INDEX; Schema: public; Owner: -
--

CREATE INDEX automacoes_conexaonodo_tenant_id_f072f9e9 ON public.automacoes_conexaonodo USING btree (tenant_id);


--
-- Name: automacoes_controleexecucao_lead_id_40f25b4f; Type: INDEX; Schema: public; Owner: -
--

CREATE INDEX automacoes_controleexecucao_lead_id_40f25b4f ON public.automacoes_controleexecucao USING btree (lead_id);


--
-- Name: automacoes_controleexecucao_regra_id_bf4cc5fc; Type: INDEX; Schema: public; Owner: -
--

CREATE INDEX automacoes_controleexecucao_regra_id_bf4cc5fc ON public.automacoes_controleexecucao USING btree (regra_id);


--
-- Name: automacoes_controleexecucao_tenant_id_f21595e4; Type: INDEX; Schema: public; Owner: -
--

CREATE INDEX automacoes_controleexecucao_tenant_id_f21595e4 ON public.automacoes_controleexecucao USING btree (tenant_id);


--
-- Name: automacoes_execucaopendente_acao_id_8b25dace; Type: INDEX; Schema: public; Owner: -
--

CREATE INDEX automacoes_execucaopendente_acao_id_8b25dace ON public.automacoes_execucaopendente USING btree (acao_id);


--
-- Name: automacoes_execucaopendente_data_agendada_6658dcf8; Type: INDEX; Schema: public; Owner: -
--

CREATE INDEX automacoes_execucaopendente_data_agendada_6658dcf8 ON public.automacoes_execucaopendente USING btree (data_agendada);


--
-- Name: automacoes_execucaopendente_lead_id_50ef4fee; Type: INDEX; Schema: public; Owner: -
--

CREATE INDEX automacoes_execucaopendente_lead_id_50ef4fee ON public.automacoes_execucaopendente USING btree (lead_id);


--
-- Name: automacoes_execucaopendente_nodo_id_b1c07d0d; Type: INDEX; Schema: public; Owner: -
--

CREATE INDEX automacoes_execucaopendente_nodo_id_b1c07d0d ON public.automacoes_execucaopendente USING btree (nodo_id);


--
-- Name: automacoes_execucaopendente_regra_id_725e2e9a; Type: INDEX; Schema: public; Owner: -
--

CREATE INDEX automacoes_execucaopendente_regra_id_725e2e9a ON public.automacoes_execucaopendente USING btree (regra_id);


--
-- Name: automacoes_execucaopendente_tenant_id_c4e40e5b; Type: INDEX; Schema: public; Owner: -
--

CREATE INDEX automacoes_execucaopendente_tenant_id_c4e40e5b ON public.automacoes_execucaopendente USING btree (tenant_id);


--
-- Name: automacoes_logexecucao_acao_id_bf3dc0df; Type: INDEX; Schema: public; Owner: -
--

CREATE INDEX automacoes_logexecucao_acao_id_bf3dc0df ON public.automacoes_logexecucao USING btree (acao_id);


--
-- Name: automacoes_logexecucao_lead_id_c3346eb9; Type: INDEX; Schema: public; Owner: -
--

CREATE INDEX automacoes_logexecucao_lead_id_c3346eb9 ON public.automacoes_logexecucao USING btree (lead_id);


--
-- Name: automacoes_logexecucao_nodo_id_aacc6a53; Type: INDEX; Schema: public; Owner: -
--

CREATE INDEX automacoes_logexecucao_nodo_id_aacc6a53 ON public.automacoes_logexecucao USING btree (nodo_id);


--
-- Name: automacoes_logexecucao_regra_id_5f70a532; Type: INDEX; Schema: public; Owner: -
--

CREATE INDEX automacoes_logexecucao_regra_id_5f70a532 ON public.automacoes_logexecucao USING btree (regra_id);


--
-- Name: automacoes_logexecucao_tenant_id_30730be3; Type: INDEX; Schema: public; Owner: -
--

CREATE INDEX automacoes_logexecucao_tenant_id_30730be3 ON public.automacoes_logexecucao USING btree (tenant_id);


--
-- Name: automacoes_nodofluxo_regra_id_4e9ab746; Type: INDEX; Schema: public; Owner: -
--

CREATE INDEX automacoes_nodofluxo_regra_id_4e9ab746 ON public.automacoes_nodofluxo USING btree (regra_id);


--
-- Name: automacoes_nodofluxo_tenant_id_426840bb; Type: INDEX; Schema: public; Owner: -
--

CREATE INDEX automacoes_nodofluxo_tenant_id_426840bb ON public.automacoes_nodofluxo USING btree (tenant_id);


--
-- Name: automacoes_regraautomacao_ativa_2e1e79c6; Type: INDEX; Schema: public; Owner: -
--

CREATE INDEX automacoes_regraautomacao_ativa_2e1e79c6 ON public.automacoes_regraautomacao USING btree (ativa);


--
-- Name: automacoes_regraautomacao_criado_por_id_1fd20cc4; Type: INDEX; Schema: public; Owner: -
--

CREATE INDEX automacoes_regraautomacao_criado_por_id_1fd20cc4 ON public.automacoes_regraautomacao USING btree (criado_por_id);


--
-- Name: automacoes_regraautomacao_segmento_id_6550ccfe; Type: INDEX; Schema: public; Owner: -
--

CREATE INDEX automacoes_regraautomacao_segmento_id_6550ccfe ON public.automacoes_regraautomacao USING btree (segmento_id);


--
-- Name: automacoes_regraautomacao_tenant_id_7a3af9ae; Type: INDEX; Schema: public; Owner: -
--

CREATE INDEX automacoes_regraautomacao_tenant_id_7a3af9ae ON public.automacoes_regraautomacao USING btree (tenant_id);


--
-- Name: cadastros_c_cpf_badf25_idx; Type: INDEX; Schema: public; Owner: -
--

CREATE INDEX cadastros_c_cpf_badf25_idx ON public.cadastros_clientes USING btree (cpf);


--
-- Name: cadastros_c_data_in_d37939_idx; Type: INDEX; Schema: public; Owner: -
--

CREATE INDEX cadastros_c_data_in_d37939_idx ON public.cadastros_clientes USING btree (data_inicio);


--
-- Name: cadastros_c_email_a4a4c4_idx; Type: INDEX; Schema: public; Owner: -
--

CREATE INDEX cadastros_c_email_a4a4c4_idx ON public.cadastros_clientes USING btree (email);


--
-- Name: cadastros_c_status_b04ca4_idx; Type: INDEX; Schema: public; Owner: -
--

CREATE INDEX cadastros_c_status_b04ca4_idx ON public.cadastros_clientes USING btree (status);


--
-- Name: cadastros_c_telefon_1c0911_idx; Type: INDEX; Schema: public; Owner: -
--

CREATE INDEX cadastros_c_telefon_1c0911_idx ON public.cadastros_clientes USING btree (telefone);


--
-- Name: cadastros_clientes_lead_gerado_id_1421e321; Type: INDEX; Schema: public; Owner: -
--

CREATE INDEX cadastros_clientes_lead_gerado_id_1421e321 ON public.cadastros_clientes USING btree (lead_gerado_id);


--
-- Name: cadastros_clientes_plano_selecionado_id_8f33de4b; Type: INDEX; Schema: public; Owner: -
--

CREATE INDEX cadastros_clientes_plano_selecionado_id_8f33de4b ON public.cadastros_clientes USING btree (plano_selecionado_id);


--
-- Name: cadastros_clientes_tenant_id_a50e719b; Type: INDEX; Schema: public; Owner: -
--

CREATE INDEX cadastros_clientes_tenant_id_a50e719b ON public.cadastros_clientes USING btree (tenant_id);


--
-- Name: cadastros_clientes_vencimento_selecionado_id_232edaea; Type: INDEX; Schema: public; Owner: -
--

CREATE INDEX cadastros_clientes_vencimento_selecionado_id_232edaea ON public.cadastros_clientes USING btree (vencimento_selecionado_id);


--
-- Name: campanha_tr_ativa_158d75_idx; Type: INDEX; Schema: public; Owner: -
--

CREATE INDEX campanha_tr_ativa_158d75_idx ON public.campanha_trafego USING btree (ativa);


--
-- Name: campanha_tr_codigo_62c99b_idx; Type: INDEX; Schema: public; Owner: -
--

CREATE INDEX campanha_tr_codigo_62c99b_idx ON public.campanha_trafego USING btree (codigo);


--
-- Name: campanha_tr_palavra_832227_idx; Type: INDEX; Schema: public; Owner: -
--

CREATE INDEX campanha_tr_palavra_832227_idx ON public.campanha_trafego USING btree (palavra_chave);


--
-- Name: campanha_tr_platafo_2ac82a_idx; Type: INDEX; Schema: public; Owner: -
--

CREATE INDEX campanha_tr_platafo_2ac82a_idx ON public.campanha_trafego USING btree (plataforma);


--
-- Name: campanha_trafego_criado_por_id_8be96f1d; Type: INDEX; Schema: public; Owner: -
--

CREATE INDEX campanha_trafego_criado_por_id_8be96f1d ON public.campanha_trafego USING btree (criado_por_id);


--
-- Name: campanha_trafego_tenant_id_7d5758c9; Type: INDEX; Schema: public; Owner: -
--

CREATE INDEX campanha_trafego_tenant_id_7d5758c9 ON public.campanha_trafego USING btree (tenant_id);


--
-- Name: campos_customizados_entidade_938a540f; Type: INDEX; Schema: public; Owner: -
--

CREATE INDEX campos_customizados_entidade_938a540f ON public.campos_customizados USING btree (entidade);


--
-- Name: campos_customizados_entidade_938a540f_like; Type: INDEX; Schema: public; Owner: -
--

CREATE INDEX campos_customizados_entidade_938a540f_like ON public.campos_customizados USING btree (entidade varchar_pattern_ops);


--
-- Name: campos_customizados_lead_slug_23d4ccd6; Type: INDEX; Schema: public; Owner: -
--

CREATE INDEX campos_customizados_lead_slug_23d4ccd6 ON public.campos_customizados USING btree (slug);


--
-- Name: campos_customizados_lead_slug_23d4ccd6_like; Type: INDEX; Schema: public; Owner: -
--

CREATE INDEX campos_customizados_lead_slug_23d4ccd6_like ON public.campos_customizados USING btree (slug varchar_pattern_ops);


--
-- Name: campos_customizados_lead_tenant_id_5913b5f9; Type: INDEX; Schema: public; Owner: -
--

CREATE INDEX campos_customizados_lead_tenant_id_5913b5f9 ON public.campos_customizados USING btree (tenant_id);


--
-- Name: carteirinha_carteirinhamembro_membro_id_4bdddfd9; Type: INDEX; Schema: public; Owner: -
--

CREATE INDEX carteirinha_carteirinhamembro_membro_id_4bdddfd9 ON public.carteirinha_carteirinhamembro USING btree (membro_id);


--
-- Name: carteirinha_carteirinhamembro_modelo_id_98c462ef; Type: INDEX; Schema: public; Owner: -
--

CREATE INDEX carteirinha_carteirinhamembro_modelo_id_98c462ef ON public.carteirinha_carteirinhamembro USING btree (modelo_id);


--
-- Name: carteirinha_carteirinhamembro_tenant_id_a4ef0fb9; Type: INDEX; Schema: public; Owner: -
--

CREATE INDEX carteirinha_carteirinhamembro_tenant_id_a4ef0fb9 ON public.carteirinha_carteirinhamembro USING btree (tenant_id);


--
-- Name: carteirinha_modelocarteirinha_tenant_id_04d31501; Type: INDEX; Schema: public; Owner: -
--

CREATE INDEX carteirinha_modelocarteirinha_tenant_id_04d31501 ON public.carteirinha_modelocarteirinha USING btree (tenant_id);


--
-- Name: carteirinha_regraatribuicao_modelo_id_1506b2ca; Type: INDEX; Schema: public; Owner: -
--

CREATE INDEX carteirinha_regraatribuicao_modelo_id_1506b2ca ON public.carteirinha_regraatribuicao USING btree (modelo_id);


--
-- Name: carteirinha_regraatribuicao_nivel_id_bddbd1ee; Type: INDEX; Schema: public; Owner: -
--

CREATE INDEX carteirinha_regraatribuicao_nivel_id_bddbd1ee ON public.carteirinha_regraatribuicao USING btree (nivel_id);


--
-- Name: carteirinha_regraatribuicao_tenant_id_f3a2a2ae; Type: INDEX; Schema: public; Owner: -
--

CREATE INDEX carteirinha_regraatribuicao_tenant_id_f3a2a2ae ON public.carteirinha_regraatribuicao USING btree (tenant_id);


--
-- Name: clientes_hu_cpf_cnp_0a4b3b_idx; Type: INDEX; Schema: public; Owner: -
--

CREATE INDEX clientes_hu_cpf_cnp_0a4b3b_idx ON public.clientes_hubsoft USING btree (cpf_cnpj);


--
-- Name: clientes_hu_id_clie_974708_idx; Type: INDEX; Schema: public; Owner: -
--

CREATE INDEX clientes_hu_id_clie_974708_idx ON public.clientes_hubsoft USING btree (id_cliente);


--
-- Name: clientes_hu_lead_id_f3fbbf_idx; Type: INDEX; Schema: public; Owner: -
--

CREATE INDEX clientes_hu_lead_id_f3fbbf_idx ON public.clientes_hubsoft USING btree (lead_id);


--
-- Name: clientes_hubsoft_cpf_cnpj_254f266e; Type: INDEX; Schema: public; Owner: -
--

CREATE INDEX clientes_hubsoft_cpf_cnpj_254f266e ON public.clientes_hubsoft USING btree (cpf_cnpj);


--
-- Name: clientes_hubsoft_cpf_cnpj_254f266e_like; Type: INDEX; Schema: public; Owner: -
--

CREATE INDEX clientes_hubsoft_cpf_cnpj_254f266e_like ON public.clientes_hubsoft USING btree (cpf_cnpj varchar_pattern_ops);


--
-- Name: clientes_hubsoft_lead_id_cbd976f1; Type: INDEX; Schema: public; Owner: -
--

CREATE INDEX clientes_hubsoft_lead_id_cbd976f1 ON public.clientes_hubsoft USING btree (lead_id);


--
-- Name: clientes_hubsoft_tenant_id_2f6715a4; Type: INDEX; Schema: public; Owner: -
--

CREATE INDEX clientes_hubsoft_tenant_id_2f6715a4 ON public.clientes_hubsoft USING btree (tenant_id);


--
-- Name: configuracao_sistema_tenant_id_e0db1559; Type: INDEX; Schema: public; Owner: -
--

CREATE INDEX configuracao_sistema_tenant_id_e0db1559 ON public.configuracao_sistema USING btree (tenant_id);


--
-- Name: configuracoes_cadastro_plano_padrao_id_8413d3ac; Type: INDEX; Schema: public; Owner: -
--

CREATE INDEX configuracoes_cadastro_plano_padrao_id_8413d3ac ON public.configuracoes_cadastro USING btree (plano_padrao_id);


--
-- Name: configuracoes_cadastro_tenant_id_95f2bba9; Type: INDEX; Schema: public; Owner: -
--

CREATE INDEX configuracoes_cadastro_tenant_id_95f2bba9 ON public.configuracoes_cadastro USING btree (tenant_id);


--
-- Name: configuracoes_recontato_tenant_id_46fcce5d; Type: INDEX; Schema: public; Owner: -
--

CREATE INDEX configuracoes_recontato_tenant_id_46fcce5d ON public.configuracoes_recontato USING btree (tenant_id);


--
-- Name: crm_alertas_retencao_cliente_hubsoft_id_c6f8e4d7; Type: INDEX; Schema: public; Owner: -
--

CREATE INDEX crm_alertas_retencao_cliente_hubsoft_id_c6f8e4d7 ON public.crm_alertas_retencao USING btree (cliente_hubsoft_id);


--
-- Name: crm_alertas_retencao_lead_id_74f285e4; Type: INDEX; Schema: public; Owner: -
--

CREATE INDEX crm_alertas_retencao_lead_id_74f285e4 ON public.crm_alertas_retencao USING btree (lead_id);


--
-- Name: crm_alertas_retencao_oportunidade_id_20ae2d59; Type: INDEX; Schema: public; Owner: -
--

CREATE INDEX crm_alertas_retencao_oportunidade_id_20ae2d59 ON public.crm_alertas_retencao USING btree (oportunidade_id);


--
-- Name: crm_alertas_retencao_responsavel_id_2724e7a4; Type: INDEX; Schema: public; Owner: -
--

CREATE INDEX crm_alertas_retencao_responsavel_id_2724e7a4 ON public.crm_alertas_retencao USING btree (responsavel_id);


--
-- Name: crm_alertas_retencao_tenant_id_6d1d0b1a; Type: INDEX; Schema: public; Owner: -
--

CREATE INDEX crm_alertas_retencao_tenant_id_6d1d0b1a ON public.crm_alertas_retencao USING btree (tenant_id);


--
-- Name: crm_configuracao_estagio_inicial_padrao_id_04b2e6ad; Type: INDEX; Schema: public; Owner: -
--

CREATE INDEX crm_configuracao_estagio_inicial_padrao_id_04b2e6ad ON public.crm_configuracao USING btree (estagio_inicial_padrao_id);


--
-- Name: crm_configuracao_pipeline_padrao_id_e0d15c31; Type: INDEX; Schema: public; Owner: -
--

CREATE INDEX crm_configuracao_pipeline_padrao_id_e0d15c31 ON public.crm_configuracao USING btree (pipeline_padrao_id);


--
-- Name: crm_configuracao_tenant_id_9378f9b2; Type: INDEX; Schema: public; Owner: -
--

CREATE INDEX crm_configuracao_tenant_id_9378f9b2 ON public.crm_configuracao USING btree (tenant_id);


--
-- Name: crm_equipes_lider_id_04b997c2; Type: INDEX; Schema: public; Owner: -
--

CREATE INDEX crm_equipes_lider_id_04b997c2 ON public.crm_equipes USING btree (lider_id);


--
-- Name: crm_equipes_tenant_id_c437c403; Type: INDEX; Schema: public; Owner: -
--

CREATE INDEX crm_equipes_tenant_id_c437c403 ON public.crm_equipes USING btree (tenant_id);


--
-- Name: crm_historico_estagio_estagio_anterior_id_43616838; Type: INDEX; Schema: public; Owner: -
--

CREATE INDEX crm_historico_estagio_estagio_anterior_id_43616838 ON public.crm_historico_estagio USING btree (estagio_anterior_id);


--
-- Name: crm_historico_estagio_estagio_novo_id_f8caa1b6; Type: INDEX; Schema: public; Owner: -
--

CREATE INDEX crm_historico_estagio_estagio_novo_id_f8caa1b6 ON public.crm_historico_estagio USING btree (estagio_novo_id);


--
-- Name: crm_historico_estagio_movido_por_id_83cbba3c; Type: INDEX; Schema: public; Owner: -
--

CREATE INDEX crm_historico_estagio_movido_por_id_83cbba3c ON public.crm_historico_estagio USING btree (movido_por_id);


--
-- Name: crm_historico_estagio_oportunidade_id_ed4b0154; Type: INDEX; Schema: public; Owner: -
--

CREATE INDEX crm_historico_estagio_oportunidade_id_ed4b0154 ON public.crm_historico_estagio USING btree (oportunidade_id);


--
-- Name: crm_historico_estagio_tenant_id_2363910b; Type: INDEX; Schema: public; Owner: -
--

CREATE INDEX crm_historico_estagio_tenant_id_2363910b ON public.crm_historico_estagio USING btree (tenant_id);


--
-- Name: crm_membros_segmento_adicionado_por_id_3e5ee23d; Type: INDEX; Schema: public; Owner: -
--

CREATE INDEX crm_membros_segmento_adicionado_por_id_3e5ee23d ON public.crm_membros_segmento USING btree (adicionado_por_id);


--
-- Name: crm_membros_segmento_lead_id_a36eb528; Type: INDEX; Schema: public; Owner: -
--

CREATE INDEX crm_membros_segmento_lead_id_a36eb528 ON public.crm_membros_segmento USING btree (lead_id);


--
-- Name: crm_membros_segmento_segmento_id_6aa453f1; Type: INDEX; Schema: public; Owner: -
--

CREATE INDEX crm_membros_segmento_segmento_id_6aa453f1 ON public.crm_membros_segmento USING btree (segmento_id);


--
-- Name: crm_membros_segmento_tenant_id_e04520f2; Type: INDEX; Schema: public; Owner: -
--

CREATE INDEX crm_membros_segmento_tenant_id_e04520f2 ON public.crm_membros_segmento USING btree (tenant_id);


--
-- Name: crm_metas_vendas_criado_por_id_f28ac24c; Type: INDEX; Schema: public; Owner: -
--

CREATE INDEX crm_metas_vendas_criado_por_id_f28ac24c ON public.crm_metas_vendas USING btree (criado_por_id);


--
-- Name: crm_metas_vendas_equipe_id_6d788e29; Type: INDEX; Schema: public; Owner: -
--

CREATE INDEX crm_metas_vendas_equipe_id_6d788e29 ON public.crm_metas_vendas USING btree (equipe_id);


--
-- Name: crm_metas_vendas_tenant_id_b392b40f; Type: INDEX; Schema: public; Owner: -
--

CREATE INDEX crm_metas_vendas_tenant_id_b392b40f ON public.crm_metas_vendas USING btree (tenant_id);


--
-- Name: crm_metas_vendas_vendedor_id_70288684; Type: INDEX; Schema: public; Owner: -
--

CREATE INDEX crm_metas_vendas_vendedor_id_70288684 ON public.crm_metas_vendas USING btree (vendedor_id);


--
-- Name: crm_notas_internas_autor_id_7953d11a; Type: INDEX; Schema: public; Owner: -
--

CREATE INDEX crm_notas_internas_autor_id_7953d11a ON public.crm_notas_internas USING btree (autor_id);


--
-- Name: crm_notas_internas_lead_id_4735a194; Type: INDEX; Schema: public; Owner: -
--

CREATE INDEX crm_notas_internas_lead_id_4735a194 ON public.crm_notas_internas USING btree (lead_id);


--
-- Name: crm_notas_internas_mencoes_notainterna_id_1f82260f; Type: INDEX; Schema: public; Owner: -
--

CREATE INDEX crm_notas_internas_mencoes_notainterna_id_1f82260f ON public.crm_notas_internas_mencoes USING btree (notainterna_id);


--
-- Name: crm_notas_internas_mencoes_user_id_dfcdc16c; Type: INDEX; Schema: public; Owner: -
--

CREATE INDEX crm_notas_internas_mencoes_user_id_dfcdc16c ON public.crm_notas_internas_mencoes USING btree (user_id);


--
-- Name: crm_notas_internas_oportunidade_id_142b7a43; Type: INDEX; Schema: public; Owner: -
--

CREATE INDEX crm_notas_internas_oportunidade_id_142b7a43 ON public.crm_notas_internas USING btree (oportunidade_id);


--
-- Name: crm_notas_internas_tenant_id_dfe8a1d1; Type: INDEX; Schema: public; Owner: -
--

CREATE INDEX crm_notas_internas_tenant_id_dfe8a1d1 ON public.crm_notas_internas USING btree (tenant_id);


--
-- Name: crm_oportun_churn_r_457b26_idx; Type: INDEX; Schema: public; Owner: -
--

CREATE INDEX crm_oportun_churn_r_457b26_idx ON public.crm_oportunidades USING btree (churn_risk_score);


--
-- Name: crm_oportun_data_fe_fcc817_idx; Type: INDEX; Schema: public; Owner: -
--

CREATE INDEX crm_oportun_data_fe_fcc817_idx ON public.crm_oportunidades USING btree (data_fechamento_previsto);


--
-- Name: crm_oportun_estagio_fe5bd4_idx; Type: INDEX; Schema: public; Owner: -
--

CREATE INDEX crm_oportun_estagio_fe5bd4_idx ON public.crm_oportunidades USING btree (estagio_id, ativo);


--
-- Name: crm_oportun_respons_662c74_idx; Type: INDEX; Schema: public; Owner: -
--

CREATE INDEX crm_oportun_respons_662c74_idx ON public.crm_oportunidades USING btree (responsavel_id, estagio_id);


--
-- Name: crm_oportunidades_criado_por_id_299bc23a; Type: INDEX; Schema: public; Owner: -
--

CREATE INDEX crm_oportunidades_criado_por_id_299bc23a ON public.crm_oportunidades USING btree (criado_por_id);


--
-- Name: crm_oportunidades_estagio_id_efa1e67d; Type: INDEX; Schema: public; Owner: -
--

CREATE INDEX crm_oportunidades_estagio_id_efa1e67d ON public.crm_oportunidades USING btree (estagio_id);


--
-- Name: crm_oportunidades_pipeline_id_78291433; Type: INDEX; Schema: public; Owner: -
--

CREATE INDEX crm_oportunidades_pipeline_id_78291433 ON public.crm_oportunidades USING btree (pipeline_id);


--
-- Name: crm_oportunidades_plano_interesse_id_640d75a5; Type: INDEX; Schema: public; Owner: -
--

CREATE INDEX crm_oportunidades_plano_interesse_id_640d75a5 ON public.crm_oportunidades USING btree (plano_interesse_id);


--
-- Name: crm_oportunidades_responsavel_id_00fa3d76; Type: INDEX; Schema: public; Owner: -
--

CREATE INDEX crm_oportunidades_responsavel_id_00fa3d76 ON public.crm_oportunidades USING btree (responsavel_id);


--
-- Name: crm_oportunidades_tags_oportunidadevenda_id_aa047036; Type: INDEX; Schema: public; Owner: -
--

CREATE INDEX crm_oportunidades_tags_oportunidadevenda_id_aa047036 ON public.crm_oportunidades_tags USING btree (oportunidadevenda_id);


--
-- Name: crm_oportunidades_tags_tagcrm_id_e0e9470d; Type: INDEX; Schema: public; Owner: -
--

CREATE INDEX crm_oportunidades_tags_tagcrm_id_e0e9470d ON public.crm_oportunidades_tags USING btree (tagcrm_id);


--
-- Name: crm_oportunidades_tenant_id_c2fa5fc5; Type: INDEX; Schema: public; Owner: -
--

CREATE INDEX crm_oportunidades_tenant_id_c2fa5fc5 ON public.crm_oportunidades USING btree (tenant_id);


--
-- Name: crm_perfis_vendedor_equipe_id_289ac30f; Type: INDEX; Schema: public; Owner: -
--

CREATE INDEX crm_perfis_vendedor_equipe_id_289ac30f ON public.crm_perfis_vendedor USING btree (equipe_id);


--
-- Name: crm_perfis_vendedor_tenant_id_a12d4801; Type: INDEX; Schema: public; Owner: -
--

CREATE INDEX crm_perfis_vendedor_tenant_id_a12d4801 ON public.crm_perfis_vendedor USING btree (tenant_id);


--
-- Name: crm_pipeline_estagios_pipeline_id_bde7c2e2; Type: INDEX; Schema: public; Owner: -
--

CREATE INDEX crm_pipeline_estagios_pipeline_id_bde7c2e2 ON public.crm_pipeline_estagios USING btree (pipeline_id);


--
-- Name: crm_pipeline_estagios_slug_0aa0c3b6; Type: INDEX; Schema: public; Owner: -
--

CREATE INDEX crm_pipeline_estagios_slug_0aa0c3b6 ON public.crm_pipeline_estagios USING btree (slug);


--
-- Name: crm_pipeline_estagios_slug_0aa0c3b6_like; Type: INDEX; Schema: public; Owner: -
--

CREATE INDEX crm_pipeline_estagios_slug_0aa0c3b6_like ON public.crm_pipeline_estagios USING btree (slug varchar_pattern_ops);


--
-- Name: crm_pipeline_estagios_tenant_id_eefbf06a; Type: INDEX; Schema: public; Owner: -
--

CREATE INDEX crm_pipeline_estagios_tenant_id_eefbf06a ON public.crm_pipeline_estagios USING btree (tenant_id);


--
-- Name: crm_pipelines_slug_40be0299; Type: INDEX; Schema: public; Owner: -
--

CREATE INDEX crm_pipelines_slug_40be0299 ON public.crm_pipelines USING btree (slug);


--
-- Name: crm_pipelines_slug_40be0299_like; Type: INDEX; Schema: public; Owner: -
--

CREATE INDEX crm_pipelines_slug_40be0299_like ON public.crm_pipelines USING btree (slug varchar_pattern_ops);


--
-- Name: crm_pipelines_tenant_id_eb3ee941; Type: INDEX; Schema: public; Owner: -
--

CREATE INDEX crm_pipelines_tenant_id_eb3ee941 ON public.crm_pipelines USING btree (tenant_id);


--
-- Name: crm_segmentos_criado_por_id_52b8e9e8; Type: INDEX; Schema: public; Owner: -
--

CREATE INDEX crm_segmentos_criado_por_id_52b8e9e8 ON public.crm_segmentos USING btree (criado_por_id);


--
-- Name: crm_segmentos_tenant_id_1f9bc8e0; Type: INDEX; Schema: public; Owner: -
--

CREATE INDEX crm_segmentos_tenant_id_1f9bc8e0 ON public.crm_segmentos USING btree (tenant_id);


--
-- Name: crm_tags_criado_por_id_d761b4b2; Type: INDEX; Schema: public; Owner: -
--

CREATE INDEX crm_tags_criado_por_id_d761b4b2 ON public.crm_tags USING btree (criado_por_id);


--
-- Name: crm_tags_tenant_id_d085b245; Type: INDEX; Schema: public; Owner: -
--

CREATE INDEX crm_tags_tenant_id_d085b245 ON public.crm_tags USING btree (tenant_id);


--
-- Name: crm_tarefas_criado_por_id_888fd27e; Type: INDEX; Schema: public; Owner: -
--

CREATE INDEX crm_tarefas_criado_por_id_888fd27e ON public.crm_tarefas USING btree (criado_por_id);


--
-- Name: crm_tarefas_data_ve_ad2f0a_idx; Type: INDEX; Schema: public; Owner: -
--

CREATE INDEX crm_tarefas_data_ve_ad2f0a_idx ON public.crm_tarefas USING btree (data_vencimento, status);


--
-- Name: crm_tarefas_lead_id_812a1785; Type: INDEX; Schema: public; Owner: -
--

CREATE INDEX crm_tarefas_lead_id_812a1785 ON public.crm_tarefas USING btree (lead_id);


--
-- Name: crm_tarefas_oportun_f0e439_idx; Type: INDEX; Schema: public; Owner: -
--

CREATE INDEX crm_tarefas_oportun_f0e439_idx ON public.crm_tarefas USING btree (oportunidade_id);


--
-- Name: crm_tarefas_oportunidade_id_06062206; Type: INDEX; Schema: public; Owner: -
--

CREATE INDEX crm_tarefas_oportunidade_id_06062206 ON public.crm_tarefas USING btree (oportunidade_id);


--
-- Name: crm_tarefas_respons_497a3c_idx; Type: INDEX; Schema: public; Owner: -
--

CREATE INDEX crm_tarefas_respons_497a3c_idx ON public.crm_tarefas USING btree (responsavel_id, status);


--
-- Name: crm_tarefas_responsavel_id_f411dc9c; Type: INDEX; Schema: public; Owner: -
--

CREATE INDEX crm_tarefas_responsavel_id_f411dc9c ON public.crm_tarefas USING btree (responsavel_id);


--
-- Name: crm_tarefas_tenant_id_f41b8e5a; Type: INDEX; Schema: public; Owner: -
--

CREATE INDEX crm_tarefas_tenant_id_f41b8e5a ON public.crm_tarefas USING btree (tenant_id);


--
-- Name: deteccao_ca_aceita_a6714e_idx; Type: INDEX; Schema: public; Owner: -
--

CREATE INDEX deteccao_ca_aceita_a6714e_idx ON public.deteccao_campanha USING btree (aceita);


--
-- Name: deteccao_ca_campanh_9ef1cf_idx; Type: INDEX; Schema: public; Owner: -
--

CREATE INDEX deteccao_ca_campanh_9ef1cf_idx ON public.deteccao_campanha USING btree (campanha_id);


--
-- Name: deteccao_ca_convert_bf3ebc_idx; Type: INDEX; Schema: public; Owner: -
--

CREATE INDEX deteccao_ca_convert_bf3ebc_idx ON public.deteccao_campanha USING btree (converteu_venda);


--
-- Name: deteccao_ca_detecta_11808e_idx; Type: INDEX; Schema: public; Owner: -
--

CREATE INDEX deteccao_ca_detecta_11808e_idx ON public.deteccao_campanha USING btree (detectado_em DESC);


--
-- Name: deteccao_ca_lead_id_2b5b54_idx; Type: INDEX; Schema: public; Owner: -
--

CREATE INDEX deteccao_ca_lead_id_2b5b54_idx ON public.deteccao_campanha USING btree (lead_id);


--
-- Name: deteccao_ca_telefon_409219_idx; Type: INDEX; Schema: public; Owner: -
--

CREATE INDEX deteccao_ca_telefon_409219_idx ON public.deteccao_campanha USING btree (telefone);


--
-- Name: deteccao_campanha_campanha_id_0b5adca4; Type: INDEX; Schema: public; Owner: -
--

CREATE INDEX deteccao_campanha_campanha_id_0b5adca4 ON public.deteccao_campanha USING btree (campanha_id);


--
-- Name: deteccao_campanha_lead_id_691a477a; Type: INDEX; Schema: public; Owner: -
--

CREATE INDEX deteccao_campanha_lead_id_691a477a ON public.deteccao_campanha USING btree (lead_id);


--
-- Name: deteccao_campanha_rejeitada_por_id_661cafec; Type: INDEX; Schema: public; Owner: -
--

CREATE INDEX deteccao_campanha_rejeitada_por_id_661cafec ON public.deteccao_campanha USING btree (rejeitada_por_id);


--
-- Name: deteccao_campanha_tenant_id_6850fc69; Type: INDEX; Schema: public; Owner: -
--

CREATE INDEX deteccao_campanha_tenant_id_6850fc69 ON public.deteccao_campanha USING btree (tenant_id);


--
-- Name: django_admin_log_content_type_id_c4bce8eb; Type: INDEX; Schema: public; Owner: -
--

CREATE INDEX django_admin_log_content_type_id_c4bce8eb ON public.django_admin_log USING btree (content_type_id);


--
-- Name: django_admin_log_user_id_c564eba6; Type: INDEX; Schema: public; Owner: -
--

CREATE INDEX django_admin_log_user_id_c564eba6 ON public.django_admin_log USING btree (user_id);


--
-- Name: django_session_expire_date_a5c62663; Type: INDEX; Schema: public; Owner: -
--

CREATE INDEX django_session_expire_date_a5c62663 ON public.django_session USING btree (expire_date);


--
-- Name: django_session_session_key_c0390e0f_like; Type: INDEX; Schema: public; Owner: -
--

CREATE INDEX django_session_session_key_c0390e0f_like ON public.django_session USING btree (session_key varchar_pattern_ops);


--
-- Name: documentos__data_up_f54585_idx; Type: INDEX; Schema: public; Owner: -
--

CREATE INDEX documentos__data_up_f54585_idx ON public.documentos_lead USING btree (data_upload);


--
-- Name: documentos__lead_id_aef551_idx; Type: INDEX; Schema: public; Owner: -
--

CREATE INDEX documentos__lead_id_aef551_idx ON public.documentos_lead USING btree (lead_id, tipo_documento);


--
-- Name: documentos__status_a9c4b4_idx; Type: INDEX; Schema: public; Owner: -
--

CREATE INDEX documentos__status_a9c4b4_idx ON public.documentos_lead USING btree (status);


--
-- Name: documentos_lead_lead_id_5ac76a32; Type: INDEX; Schema: public; Owner: -
--

CREATE INDEX documentos_lead_lead_id_5ac76a32 ON public.documentos_lead USING btree (lead_id);


--
-- Name: documentos_lead_tenant_id_882e87ed; Type: INDEX; Schema: public; Owner: -
--

CREATE INDEX documentos_lead_tenant_id_882e87ed ON public.documentos_lead USING btree (tenant_id);


--
-- Name: fluxos_aten_ativo_ce32a4_idx; Type: INDEX; Schema: public; Owner: -
--

CREATE INDEX fluxos_aten_ativo_ce32a4_idx ON public.fluxos_atendimento USING btree (ativo);


--
-- Name: fluxos_aten_status_caafd0_idx; Type: INDEX; Schema: public; Owner: -
--

CREATE INDEX fluxos_aten_status_caafd0_idx ON public.fluxos_atendimento USING btree (status);


--
-- Name: fluxos_aten_tipo_fl_5b8c0b_idx; Type: INDEX; Schema: public; Owner: -
--

CREATE INDEX fluxos_aten_tipo_fl_5b8c0b_idx ON public.fluxos_atendimento USING btree (tipo_fluxo);


--
-- Name: fluxos_atendimento_canal_17a1ca3a; Type: INDEX; Schema: public; Owner: -
--

CREATE INDEX fluxos_atendimento_canal_17a1ca3a ON public.fluxos_atendimento USING btree (canal);


--
-- Name: fluxos_atendimento_canal_17a1ca3a_like; Type: INDEX; Schema: public; Owner: -
--

CREATE INDEX fluxos_atendimento_canal_17a1ca3a_like ON public.fluxos_atendimento USING btree (canal varchar_pattern_ops);


--
-- Name: fluxos_atendimento_tenant_id_c481c743; Type: INDEX; Schema: public; Owner: -
--

CREATE INDEX fluxos_atendimento_tenant_id_c481c743 ON public.fluxos_atendimento USING btree (tenant_id);


--
-- Name: historico_c_codigo__fe1f23_idx; Type: INDEX; Schema: public; Owner: -
--

CREATE INDEX historico_c_codigo__fe1f23_idx ON public.historico_contato USING btree (codigo_atendimento);


--
-- Name: historico_c_convert_600b1f_idx; Type: INDEX; Schema: public; Owner: -
--

CREATE INDEX historico_c_convert_600b1f_idx ON public.historico_contato USING btree (converteu_venda);


--
-- Name: historico_c_convert_70ea4e_idx; Type: INDEX; Schema: public; Owner: -
--

CREATE INDEX historico_c_convert_70ea4e_idx ON public.historico_contato USING btree (converteu_lead);


--
-- Name: historico_c_convert_7c1356_idx; Type: INDEX; Schema: public; Owner: -
--

CREATE INDEX historico_c_convert_7c1356_idx ON public.historico_contato USING btree (converteu_venda, data_conversao_venda);


--
-- Name: historico_c_convert_c52a0e_idx; Type: INDEX; Schema: public; Owner: -
--

CREATE INDEX historico_c_convert_c52a0e_idx ON public.historico_contato USING btree (converteu_lead, data_conversao_lead);


--
-- Name: historico_c_data_co_d999e6_idx; Type: INDEX; Schema: public; Owner: -
--

CREATE INDEX historico_c_data_co_d999e6_idx ON public.historico_contato USING btree (data_conversao_lead);


--
-- Name: historico_c_data_co_eee962_idx; Type: INDEX; Schema: public; Owner: -
--

CREATE INDEX historico_c_data_co_eee962_idx ON public.historico_contato USING btree (data_conversao_venda);


--
-- Name: historico_c_data_ho_ba55c3_idx; Type: INDEX; Schema: public; Owner: -
--

CREATE INDEX historico_c_data_ho_ba55c3_idx ON public.historico_contato USING btree (data_hora_contato, status);


--
-- Name: historico_c_data_ho_ed88a8_idx; Type: INDEX; Schema: public; Owner: -
--

CREATE INDEX historico_c_data_ho_ed88a8_idx ON public.historico_contato USING btree (data_hora_contato);


--
-- Name: historico_c_id_cont_b9e662_idx; Type: INDEX; Schema: public; Owner: -
--

CREATE INDEX historico_c_id_cont_b9e662_idx ON public.historico_contato USING btree (id_conta);


--
-- Name: historico_c_identif_f20d30_idx; Type: INDEX; Schema: public; Owner: -
--

CREATE INDEX historico_c_identif_f20d30_idx ON public.historico_contato USING btree (identificador_cliente);


--
-- Name: historico_c_numero__50613e_idx; Type: INDEX; Schema: public; Owner: -
--

CREATE INDEX historico_c_numero__50613e_idx ON public.historico_contato USING btree (numero_conta);


--
-- Name: historico_c_origem__8a44c7_idx; Type: INDEX; Schema: public; Owner: -
--

CREATE INDEX historico_c_origem__8a44c7_idx ON public.historico_contato USING btree (origem_contato);


--
-- Name: historico_c_protoco_cfa95e_idx; Type: INDEX; Schema: public; Owner: -
--

CREATE INDEX historico_c_protoco_cfa95e_idx ON public.historico_contato USING btree (protocolo_atendimento);


--
-- Name: historico_c_status_3dd74d_idx; Type: INDEX; Schema: public; Owner: -
--

CREATE INDEX historico_c_status_3dd74d_idx ON public.historico_contato USING btree (status);


--
-- Name: historico_c_sucesso_5720b3_idx; Type: INDEX; Schema: public; Owner: -
--

CREATE INDEX historico_c_sucesso_5720b3_idx ON public.historico_contato USING btree (sucesso);


--
-- Name: historico_c_telefon_e30cae_idx; Type: INDEX; Schema: public; Owner: -
--

CREATE INDEX historico_c_telefon_e30cae_idx ON public.historico_contato USING btree (telefone);


--
-- Name: historico_contato_codigo_atendimento_157e3a6e; Type: INDEX; Schema: public; Owner: -
--

CREATE INDEX historico_contato_codigo_atendimento_157e3a6e ON public.historico_contato USING btree (codigo_atendimento);


--
-- Name: historico_contato_codigo_atendimento_157e3a6e_like; Type: INDEX; Schema: public; Owner: -
--

CREATE INDEX historico_contato_codigo_atendimento_157e3a6e_like ON public.historico_contato USING btree (codigo_atendimento varchar_pattern_ops);


--
-- Name: historico_contato_id_conta_790e2d92; Type: INDEX; Schema: public; Owner: -
--

CREATE INDEX historico_contato_id_conta_790e2d92 ON public.historico_contato USING btree (id_conta);


--
-- Name: historico_contato_id_conta_790e2d92_like; Type: INDEX; Schema: public; Owner: -
--

CREATE INDEX historico_contato_id_conta_790e2d92_like ON public.historico_contato USING btree (id_conta varchar_pattern_ops);


--
-- Name: historico_contato_lead_id_53b297ce; Type: INDEX; Schema: public; Owner: -
--

CREATE INDEX historico_contato_lead_id_53b297ce ON public.historico_contato USING btree (lead_id);


--
-- Name: historico_contato_numero_conta_f913b902; Type: INDEX; Schema: public; Owner: -
--

CREATE INDEX historico_contato_numero_conta_f913b902 ON public.historico_contato USING btree (numero_conta);


--
-- Name: historico_contato_numero_conta_f913b902_like; Type: INDEX; Schema: public; Owner: -
--

CREATE INDEX historico_contato_numero_conta_f913b902_like ON public.historico_contato USING btree (numero_conta varchar_pattern_ops);


--
-- Name: historico_contato_protocolo_atendimento_224c7f06; Type: INDEX; Schema: public; Owner: -
--

CREATE INDEX historico_contato_protocolo_atendimento_224c7f06 ON public.historico_contato USING btree (protocolo_atendimento);


--
-- Name: historico_contato_protocolo_atendimento_224c7f06_like; Type: INDEX; Schema: public; Owner: -
--

CREATE INDEX historico_contato_protocolo_atendimento_224c7f06_like ON public.historico_contato USING btree (protocolo_atendimento varchar_pattern_ops);


--
-- Name: historico_contato_tenant_id_c1826a89; Type: INDEX; Schema: public; Owner: -
--

CREATE INDEX historico_contato_tenant_id_c1826a89 ON public.historico_contato USING btree (tenant_id);


--
-- Name: imagens_lea_lead_id_c4fae0_idx; Type: INDEX; Schema: public; Owner: -
--

CREATE INDEX imagens_lea_lead_id_c4fae0_idx ON public.imagens_lead_prospecto USING btree (lead_id);


--
-- Name: imagens_lead_prospecto_lead_id_b088c30a; Type: INDEX; Schema: public; Owner: -
--

CREATE INDEX imagens_lead_prospecto_lead_id_b088c30a ON public.imagens_lead_prospecto USING btree (lead_id);


--
-- Name: imagens_lead_prospecto_status_validacao_0ff34a41; Type: INDEX; Schema: public; Owner: -
--

CREATE INDEX imagens_lead_prospecto_status_validacao_0ff34a41 ON public.imagens_lead_prospecto USING btree (status_validacao);


--
-- Name: imagens_lead_prospecto_status_validacao_0ff34a41_like; Type: INDEX; Schema: public; Owner: -
--

CREATE INDEX imagens_lead_prospecto_status_validacao_0ff34a41_like ON public.imagens_lead_prospecto USING btree (status_validacao varchar_pattern_ops);


--
-- Name: imagens_lead_prospecto_tenant_id_aa03d769; Type: INDEX; Schema: public; Owner: -
--

CREATE INDEX imagens_lead_prospecto_tenant_id_aa03d769 ON public.imagens_lead_prospecto USING btree (tenant_id);


--
-- Name: inbox_canais_fluxo_id_cafa9f93; Type: INDEX; Schema: public; Owner: -
--

CREATE INDEX inbox_canais_fluxo_id_cafa9f93 ON public.inbox_canais USING btree (fluxo_id);


--
-- Name: inbox_canais_integracao_id_0d3b0956; Type: INDEX; Schema: public; Owner: -
--

CREATE INDEX inbox_canais_integracao_id_0d3b0956 ON public.inbox_canais USING btree (integracao_id);


--
-- Name: inbox_canais_tenant_id_860a30f4; Type: INDEX; Schema: public; Owner: -
--

CREATE INDEX inbox_canais_tenant_id_860a30f4 ON public.inbox_canais USING btree (tenant_id);


--
-- Name: inbox_configuracao_tenant_id_8b01f001; Type: INDEX; Schema: public; Owner: -
--

CREATE INDEX inbox_configuracao_tenant_id_8b01f001 ON public.inbox_configuracao USING btree (tenant_id);


--
-- Name: inbox_conve_canal_i_3d4b8c_idx; Type: INDEX; Schema: public; Owner: -
--

CREATE INDEX inbox_conve_canal_i_3d4b8c_idx ON public.inbox_conversas USING btree (canal_id, status);


--
-- Name: inbox_conve_contato_dfa0c6_idx; Type: INDEX; Schema: public; Owner: -
--

CREATE INDEX inbox_conve_contato_dfa0c6_idx ON public.inbox_conversas USING btree (contato_telefone);


--
-- Name: inbox_conve_equipe__758c23_idx; Type: INDEX; Schema: public; Owner: -
--

CREATE INDEX inbox_conve_equipe__758c23_idx ON public.inbox_conversas USING btree (equipe_id, status);


--
-- Name: inbox_conve_fila_id_d8c48a_idx; Type: INDEX; Schema: public; Owner: -
--

CREATE INDEX inbox_conve_fila_id_d8c48a_idx ON public.inbox_conversas USING btree (fila_id, status);


--
-- Name: inbox_conve_status_8761fc_idx; Type: INDEX; Schema: public; Owner: -
--

CREATE INDEX inbox_conve_status_8761fc_idx ON public.inbox_conversas USING btree (status, agente_id);


--
-- Name: inbox_conve_ultima__7f6860_idx; Type: INDEX; Schema: public; Owner: -
--

CREATE INDEX inbox_conve_ultima__7f6860_idx ON public.inbox_conversas USING btree (ultima_mensagem_em);


--
-- Name: inbox_conversas_agente_id_054e7541; Type: INDEX; Schema: public; Owner: -
--

CREATE INDEX inbox_conversas_agente_id_054e7541 ON public.inbox_conversas USING btree (agente_id);


--
-- Name: inbox_conversas_canal_id_df61d64d; Type: INDEX; Schema: public; Owner: -
--

CREATE INDEX inbox_conversas_canal_id_df61d64d ON public.inbox_conversas USING btree (canal_id);


--
-- Name: inbox_conversas_contato_telefone_9091b8ba; Type: INDEX; Schema: public; Owner: -
--

CREATE INDEX inbox_conversas_contato_telefone_9091b8ba ON public.inbox_conversas USING btree (contato_telefone);


--
-- Name: inbox_conversas_contato_telefone_9091b8ba_like; Type: INDEX; Schema: public; Owner: -
--

CREATE INDEX inbox_conversas_contato_telefone_9091b8ba_like ON public.inbox_conversas USING btree (contato_telefone varchar_pattern_ops);


--
-- Name: inbox_conversas_equipe_id_5dc1224f; Type: INDEX; Schema: public; Owner: -
--

CREATE INDEX inbox_conversas_equipe_id_5dc1224f ON public.inbox_conversas USING btree (equipe_id);


--
-- Name: inbox_conversas_etiquetas_conversa_id_a3fc7c00; Type: INDEX; Schema: public; Owner: -
--

CREATE INDEX inbox_conversas_etiquetas_conversa_id_a3fc7c00 ON public.inbox_conversas_etiquetas USING btree (conversa_id);


--
-- Name: inbox_conversas_etiquetas_etiquetaconversa_id_6c3b9470; Type: INDEX; Schema: public; Owner: -
--

CREATE INDEX inbox_conversas_etiquetas_etiquetaconversa_id_6c3b9470 ON public.inbox_conversas_etiquetas USING btree (etiquetaconversa_id);


--
-- Name: inbox_conversas_fila_id_6f6c3adf; Type: INDEX; Schema: public; Owner: -
--

CREATE INDEX inbox_conversas_fila_id_6f6c3adf ON public.inbox_conversas USING btree (fila_id);


--
-- Name: inbox_conversas_identificador_externo_0ca50396; Type: INDEX; Schema: public; Owner: -
--

CREATE INDEX inbox_conversas_identificador_externo_0ca50396 ON public.inbox_conversas USING btree (identificador_externo);


--
-- Name: inbox_conversas_identificador_externo_0ca50396_like; Type: INDEX; Schema: public; Owner: -
--

CREATE INDEX inbox_conversas_identificador_externo_0ca50396_like ON public.inbox_conversas USING btree (identificador_externo varchar_pattern_ops);


--
-- Name: inbox_conversas_lead_id_43f76a15; Type: INDEX; Schema: public; Owner: -
--

CREATE INDEX inbox_conversas_lead_id_43f76a15 ON public.inbox_conversas USING btree (lead_id);


--
-- Name: inbox_conversas_oportunidade_id_05d98dc3; Type: INDEX; Schema: public; Owner: -
--

CREATE INDEX inbox_conversas_oportunidade_id_05d98dc3 ON public.inbox_conversas USING btree (oportunidade_id);


--
-- Name: inbox_conversas_tenant_id_cc7641de; Type: INDEX; Schema: public; Owner: -
--

CREATE INDEX inbox_conversas_tenant_id_cc7641de ON public.inbox_conversas USING btree (tenant_id);


--
-- Name: inbox_conversas_ticket_id_18b2a41a; Type: INDEX; Schema: public; Owner: -
--

CREATE INDEX inbox_conversas_ticket_id_18b2a41a ON public.inbox_conversas USING btree (ticket_id);


--
-- Name: inbox_equipes_lider_id_a3604d52; Type: INDEX; Schema: public; Owner: -
--

CREATE INDEX inbox_equipes_lider_id_a3604d52 ON public.inbox_equipes USING btree (lider_id);


--
-- Name: inbox_equipes_tenant_id_58c4eefa; Type: INDEX; Schema: public; Owner: -
--

CREATE INDEX inbox_equipes_tenant_id_58c4eefa ON public.inbox_equipes USING btree (tenant_id);


--
-- Name: inbox_etiquetas_criado_por_id_7c372a70; Type: INDEX; Schema: public; Owner: -
--

CREATE INDEX inbox_etiquetas_criado_por_id_7c372a70 ON public.inbox_etiquetas USING btree (criado_por_id);


--
-- Name: inbox_etiquetas_tenant_id_1c9392cf; Type: INDEX; Schema: public; Owner: -
--

CREATE INDEX inbox_etiquetas_tenant_id_1c9392cf ON public.inbox_etiquetas USING btree (tenant_id);


--
-- Name: inbox_faq_artigos_categoria_id_8d0c17ee; Type: INDEX; Schema: public; Owner: -
--

CREATE INDEX inbox_faq_artigos_categoria_id_8d0c17ee ON public.inbox_faq_artigos USING btree (categoria_id);


--
-- Name: inbox_faq_artigos_tenant_id_01991575; Type: INDEX; Schema: public; Owner: -
--

CREATE INDEX inbox_faq_artigos_tenant_id_01991575 ON public.inbox_faq_artigos USING btree (tenant_id);


--
-- Name: inbox_faq_categorias_slug_d8ec677f; Type: INDEX; Schema: public; Owner: -
--

CREATE INDEX inbox_faq_categorias_slug_d8ec677f ON public.inbox_faq_categorias USING btree (slug);


--
-- Name: inbox_faq_categorias_slug_d8ec677f_like; Type: INDEX; Schema: public; Owner: -
--

CREATE INDEX inbox_faq_categorias_slug_d8ec677f_like ON public.inbox_faq_categorias USING btree (slug varchar_pattern_ops);


--
-- Name: inbox_faq_categorias_tenant_id_da50cd2a; Type: INDEX; Schema: public; Owner: -
--

CREATE INDEX inbox_faq_categorias_tenant_id_da50cd2a ON public.inbox_faq_categorias USING btree (tenant_id);


--
-- Name: inbox_filas_equipe_id_1842c0fd; Type: INDEX; Schema: public; Owner: -
--

CREATE INDEX inbox_filas_equipe_id_1842c0fd ON public.inbox_filas USING btree (equipe_id);


--
-- Name: inbox_filas_tenant_id_859d6514; Type: INDEX; Schema: public; Owner: -
--

CREATE INDEX inbox_filas_tenant_id_859d6514 ON public.inbox_filas USING btree (tenant_id);


--
-- Name: inbox_historico_transferencia_conversa_id_abd445ae; Type: INDEX; Schema: public; Owner: -
--

CREATE INDEX inbox_historico_transferencia_conversa_id_abd445ae ON public.inbox_historico_transferencia USING btree (conversa_id);


--
-- Name: inbox_historico_transferencia_de_agente_id_9e193c2f; Type: INDEX; Schema: public; Owner: -
--

CREATE INDEX inbox_historico_transferencia_de_agente_id_9e193c2f ON public.inbox_historico_transferencia USING btree (de_agente_id);


--
-- Name: inbox_historico_transferencia_de_equipe_id_6110964f; Type: INDEX; Schema: public; Owner: -
--

CREATE INDEX inbox_historico_transferencia_de_equipe_id_6110964f ON public.inbox_historico_transferencia USING btree (de_equipe_id);


--
-- Name: inbox_historico_transferencia_para_agente_id_33e789c8; Type: INDEX; Schema: public; Owner: -
--

CREATE INDEX inbox_historico_transferencia_para_agente_id_33e789c8 ON public.inbox_historico_transferencia USING btree (para_agente_id);


--
-- Name: inbox_historico_transferencia_para_equipe_id_24079acc; Type: INDEX; Schema: public; Owner: -
--

CREATE INDEX inbox_historico_transferencia_para_equipe_id_24079acc ON public.inbox_historico_transferencia USING btree (para_equipe_id);


--
-- Name: inbox_historico_transferencia_para_fila_id_dd59f578; Type: INDEX; Schema: public; Owner: -
--

CREATE INDEX inbox_historico_transferencia_para_fila_id_dd59f578 ON public.inbox_historico_transferencia USING btree (para_fila_id);


--
-- Name: inbox_historico_transferencia_tenant_id_fce886a5; Type: INDEX; Schema: public; Owner: -
--

CREATE INDEX inbox_historico_transferencia_tenant_id_fce886a5 ON public.inbox_historico_transferencia USING btree (tenant_id);


--
-- Name: inbox_historico_transferencia_transferido_por_id_7c0b929b; Type: INDEX; Schema: public; Owner: -
--

CREATE INDEX inbox_historico_transferencia_transferido_por_id_7c0b929b ON public.inbox_historico_transferencia USING btree (transferido_por_id);


--
-- Name: inbox_horario_atendimento_fila_id_55d96e04; Type: INDEX; Schema: public; Owner: -
--

CREATE INDEX inbox_horario_atendimento_fila_id_55d96e04 ON public.inbox_horario_atendimento USING btree (fila_id);


--
-- Name: inbox_horario_atendimento_tenant_id_8be88eb1; Type: INDEX; Schema: public; Owner: -
--

CREATE INDEX inbox_horario_atendimento_tenant_id_8be88eb1 ON public.inbox_horario_atendimento USING btree (tenant_id);


--
-- Name: inbox_membros_equipe_equipe_id_413e4e3e; Type: INDEX; Schema: public; Owner: -
--

CREATE INDEX inbox_membros_equipe_equipe_id_413e4e3e ON public.inbox_membros_equipe USING btree (equipe_id);


--
-- Name: inbox_membros_equipe_tenant_id_bc7c559c; Type: INDEX; Schema: public; Owner: -
--

CREATE INDEX inbox_membros_equipe_tenant_id_bc7c559c ON public.inbox_membros_equipe USING btree (tenant_id);


--
-- Name: inbox_membros_equipe_user_id_35b40538; Type: INDEX; Schema: public; Owner: -
--

CREATE INDEX inbox_membros_equipe_user_id_35b40538 ON public.inbox_membros_equipe USING btree (user_id);


--
-- Name: inbox_mensa_convers_f575d5_idx; Type: INDEX; Schema: public; Owner: -
--

CREATE INDEX inbox_mensa_convers_f575d5_idx ON public.inbox_mensagens USING btree (conversa_id, data_envio);


--
-- Name: inbox_mensa_identif_e8a9c3_idx; Type: INDEX; Schema: public; Owner: -
--

CREATE INDEX inbox_mensa_identif_e8a9c3_idx ON public.inbox_mensagens USING btree (identificador_externo);


--
-- Name: inbox_mensagens_conversa_id_1141b395; Type: INDEX; Schema: public; Owner: -
--

CREATE INDEX inbox_mensagens_conversa_id_1141b395 ON public.inbox_mensagens USING btree (conversa_id);


--
-- Name: inbox_mensagens_identificador_externo_4e89a2d5; Type: INDEX; Schema: public; Owner: -
--

CREATE INDEX inbox_mensagens_identificador_externo_4e89a2d5 ON public.inbox_mensagens USING btree (identificador_externo);


--
-- Name: inbox_mensagens_identificador_externo_4e89a2d5_like; Type: INDEX; Schema: public; Owner: -
--

CREATE INDEX inbox_mensagens_identificador_externo_4e89a2d5_like ON public.inbox_mensagens USING btree (identificador_externo varchar_pattern_ops);


--
-- Name: inbox_mensagens_remetente_user_id_deece21e; Type: INDEX; Schema: public; Owner: -
--

CREATE INDEX inbox_mensagens_remetente_user_id_deece21e ON public.inbox_mensagens USING btree (remetente_user_id);


--
-- Name: inbox_mensagens_tenant_id_bd82872b; Type: INDEX; Schema: public; Owner: -
--

CREATE INDEX inbox_mensagens_tenant_id_bd82872b ON public.inbox_mensagens USING btree (tenant_id);


--
-- Name: inbox_notas_internas_autor_id_6dde568b; Type: INDEX; Schema: public; Owner: -
--

CREATE INDEX inbox_notas_internas_autor_id_6dde568b ON public.inbox_notas_internas USING btree (autor_id);


--
-- Name: inbox_notas_internas_conversa_id_b0ab5e88; Type: INDEX; Schema: public; Owner: -
--

CREATE INDEX inbox_notas_internas_conversa_id_b0ab5e88 ON public.inbox_notas_internas USING btree (conversa_id);


--
-- Name: inbox_notas_internas_tenant_id_1aa6c9fa; Type: INDEX; Schema: public; Owner: -
--

CREATE INDEX inbox_notas_internas_tenant_id_1aa6c9fa ON public.inbox_notas_internas USING btree (tenant_id);


--
-- Name: inbox_perfis_agente_tenant_id_eed392c6; Type: INDEX; Schema: public; Owner: -
--

CREATE INDEX inbox_perfis_agente_tenant_id_eed392c6 ON public.inbox_perfis_agente USING btree (tenant_id);


--
-- Name: inbox_regras_roteamento_canal_id_f16dc608; Type: INDEX; Schema: public; Owner: -
--

CREATE INDEX inbox_regras_roteamento_canal_id_f16dc608 ON public.inbox_regras_roteamento USING btree (canal_id);


--
-- Name: inbox_regras_roteamento_etiqueta_id_66468a53; Type: INDEX; Schema: public; Owner: -
--

CREATE INDEX inbox_regras_roteamento_etiqueta_id_66468a53 ON public.inbox_regras_roteamento USING btree (etiqueta_id);


--
-- Name: inbox_regras_roteamento_fila_id_4df254ee; Type: INDEX; Schema: public; Owner: -
--

CREATE INDEX inbox_regras_roteamento_fila_id_4df254ee ON public.inbox_regras_roteamento USING btree (fila_id);


--
-- Name: inbox_regras_roteamento_tenant_id_25ffb027; Type: INDEX; Schema: public; Owner: -
--

CREATE INDEX inbox_regras_roteamento_tenant_id_25ffb027 ON public.inbox_regras_roteamento USING btree (tenant_id);


--
-- Name: inbox_respostas_rapidas_criado_por_id_cc34bfbe; Type: INDEX; Schema: public; Owner: -
--

CREATE INDEX inbox_respostas_rapidas_criado_por_id_cc34bfbe ON public.inbox_respostas_rapidas USING btree (criado_por_id);


--
-- Name: inbox_respostas_rapidas_tenant_id_d46fd8b7; Type: INDEX; Schema: public; Owner: -
--

CREATE INDEX inbox_respostas_rapidas_tenant_id_d46fd8b7 ON public.inbox_respostas_rapidas USING btree (tenant_id);


--
-- Name: inbox_widget_config_tenant_id_65e37530; Type: INDEX; Schema: public; Owner: -
--

CREATE INDEX inbox_widget_config_tenant_id_65e37530 ON public.inbox_widget_config USING btree (tenant_id);


--
-- Name: indicacoes_indicacao_membro_indicado_id_d5e8b530; Type: INDEX; Schema: public; Owner: -
--

CREATE INDEX indicacoes_indicacao_membro_indicado_id_d5e8b530 ON public.indicacoes_indicacao USING btree (membro_indicado_id);


--
-- Name: indicacoes_indicacao_membro_indicador_id_46f34fdb; Type: INDEX; Schema: public; Owner: -
--

CREATE INDEX indicacoes_indicacao_membro_indicador_id_46f34fdb ON public.indicacoes_indicacao USING btree (membro_indicador_id);


--
-- Name: indicacoes_indicacao_status_30f22078; Type: INDEX; Schema: public; Owner: -
--

CREATE INDEX indicacoes_indicacao_status_30f22078 ON public.indicacoes_indicacao USING btree (status);


--
-- Name: indicacoes_indicacao_status_30f22078_like; Type: INDEX; Schema: public; Owner: -
--

CREATE INDEX indicacoes_indicacao_status_30f22078_like ON public.indicacoes_indicacao USING btree (status varchar_pattern_ops);


--
-- Name: indicacoes_indicacao_tenant_id_02d073c5; Type: INDEX; Schema: public; Owner: -
--

CREATE INDEX indicacoes_indicacao_tenant_id_02d073c5 ON public.indicacoes_indicacao USING btree (tenant_id);


--
-- Name: indicacoes_indicacaoconfig_tenant_id_eb35982b; Type: INDEX; Schema: public; Owner: -
--

CREATE INDEX indicacoes_indicacaoconfig_tenant_id_eb35982b ON public.indicacoes_indicacaoconfig USING btree (tenant_id);


--
-- Name: integracoes_api_api_token_7069112f; Type: INDEX; Schema: public; Owner: -
--

CREATE INDEX integracoes_api_api_token_7069112f ON public.integracoes_api USING btree (api_token);


--
-- Name: integracoes_api_api_token_7069112f_like; Type: INDEX; Schema: public; Owner: -
--

CREATE INDEX integracoes_api_api_token_7069112f_like ON public.integracoes_api USING btree (api_token varchar_pattern_ops);


--
-- Name: integracoes_api_tenant_id_1042ccde; Type: INDEX; Schema: public; Owner: -
--

CREATE INDEX integracoes_api_tenant_id_1042ccde ON public.integracoes_api USING btree (tenant_id);


--
-- Name: integracoes_api_tipo_09375ada; Type: INDEX; Schema: public; Owner: -
--

CREATE INDEX integracoes_api_tipo_09375ada ON public.integracoes_api USING btree (tipo);


--
-- Name: integracoes_api_tipo_09375ada_like; Type: INDEX; Schema: public; Owner: -
--

CREATE INDEX integracoes_api_tipo_09375ada_like ON public.integracoes_api USING btree (tipo varchar_pattern_ops);


--
-- Name: leads_prosp_canal_e_bf753f_idx; Type: INDEX; Schema: public; Owner: -
--

CREATE INDEX leads_prosp_canal_e_bf753f_idx ON public.leads_prospectos USING btree (canal_entrada);


--
-- Name: leads_prosp_canal_e_c84337_idx; Type: INDEX; Schema: public; Owner: -
--

CREATE INDEX leads_prosp_canal_e_c84337_idx ON public.leads_prospectos USING btree (canal_entrada, data_cadastro);


--
-- Name: leads_prosp_data_ca_fb3e15_idx; Type: INDEX; Schema: public; Owner: -
--

CREATE INDEX leads_prosp_data_ca_fb3e15_idx ON public.leads_prospectos USING btree (data_cadastro);


--
-- Name: leads_prosp_data_ul_3fc6e1_idx; Type: INDEX; Schema: public; Owner: -
--

CREATE INDEX leads_prosp_data_ul_3fc6e1_idx ON public.leads_prospectos USING btree (data_ultimo_contato);


--
-- Name: leads_prosp_data_ul_6e46eb_idx; Type: INDEX; Schema: public; Owner: -
--

CREATE INDEX leads_prosp_data_ul_6e46eb_idx ON public.leads_prospectos USING btree (data_ultimo_contato, tentativas_contato);


--
-- Name: leads_prosp_email_414191_idx; Type: INDEX; Schema: public; Owner: -
--

CREATE INDEX leads_prosp_email_414191_idx ON public.leads_prospectos USING btree (email);


--
-- Name: leads_prosp_id_hubs_32a959_idx; Type: INDEX; Schema: public; Owner: -
--

CREATE INDEX leads_prosp_id_hubs_32a959_idx ON public.leads_prospectos USING btree (id_hubsoft);


--
-- Name: leads_prosp_id_orig_e65820_idx; Type: INDEX; Schema: public; Owner: -
--

CREATE INDEX leads_prosp_id_orig_e65820_idx ON public.leads_prospectos USING btree (id_origem);


--
-- Name: leads_prosp_id_orig_f2e894_idx; Type: INDEX; Schema: public; Owner: -
--

CREATE INDEX leads_prosp_id_orig_f2e894_idx ON public.leads_prospectos USING btree (id_origem_servico);


--
-- Name: leads_prosp_origem_85b6d6_idx; Type: INDEX; Schema: public; Owner: -
--

CREATE INDEX leads_prosp_origem_85b6d6_idx ON public.leads_prospectos USING btree (origem);


--
-- Name: leads_prosp_score_q_60b836_idx; Type: INDEX; Schema: public; Owner: -
--

CREATE INDEX leads_prosp_score_q_60b836_idx ON public.leads_prospectos USING btree (score_qualificacao, status_api);


--
-- Name: leads_prosp_score_q_c74bf0_idx; Type: INDEX; Schema: public; Owner: -
--

CREATE INDEX leads_prosp_score_q_c74bf0_idx ON public.leads_prospectos USING btree (score_qualificacao);


--
-- Name: leads_prosp_status__5a52c2_idx; Type: INDEX; Schema: public; Owner: -
--

CREATE INDEX leads_prosp_status__5a52c2_idx ON public.leads_prospectos USING btree (status_api);


--
-- Name: leads_prosp_telefon_d5e731_idx; Type: INDEX; Schema: public; Owner: -
--

CREATE INDEX leads_prosp_telefon_d5e731_idx ON public.leads_prospectos USING btree (telefone);


--
-- Name: leads_prosp_tentati_f48189_idx; Type: INDEX; Schema: public; Owner: -
--

CREATE INDEX leads_prosp_tentati_f48189_idx ON public.leads_prospectos USING btree (tentativas_contato);


--
-- Name: leads_prosp_tipo_en_3d0197_idx; Type: INDEX; Schema: public; Owner: -
--

CREATE INDEX leads_prosp_tipo_en_3d0197_idx ON public.leads_prospectos USING btree (tipo_entrada, ativo);


--
-- Name: leads_prosp_tipo_en_fdceb2_idx; Type: INDEX; Schema: public; Owner: -
--

CREATE INDEX leads_prosp_tipo_en_fdceb2_idx ON public.leads_prospectos USING btree (tipo_entrada);


--
-- Name: leads_prospectos_campanha_conversao_id_6f85bb63; Type: INDEX; Schema: public; Owner: -
--

CREATE INDEX leads_prospectos_campanha_conversao_id_6f85bb63 ON public.leads_prospectos USING btree (campanha_conversao_id);


--
-- Name: leads_prospectos_campanha_origem_id_293dd282; Type: INDEX; Schema: public; Owner: -
--

CREATE INDEX leads_prospectos_campanha_origem_id_293dd282 ON public.leads_prospectos USING btree (campanha_origem_id);


--
-- Name: leads_prospectos_id_hubsoft_7c7c5a54; Type: INDEX; Schema: public; Owner: -
--

CREATE INDEX leads_prospectos_id_hubsoft_7c7c5a54 ON public.leads_prospectos USING btree (id_hubsoft);


--
-- Name: leads_prospectos_id_hubsoft_7c7c5a54_like; Type: INDEX; Schema: public; Owner: -
--

CREATE INDEX leads_prospectos_id_hubsoft_7c7c5a54_like ON public.leads_prospectos USING btree (id_hubsoft varchar_pattern_ops);


--
-- Name: leads_prospectos_id_origem_af6479a1; Type: INDEX; Schema: public; Owner: -
--

CREATE INDEX leads_prospectos_id_origem_af6479a1 ON public.leads_prospectos USING btree (id_origem);


--
-- Name: leads_prospectos_id_origem_af6479a1_like; Type: INDEX; Schema: public; Owner: -
--

CREATE INDEX leads_prospectos_id_origem_af6479a1_like ON public.leads_prospectos USING btree (id_origem varchar_pattern_ops);


--
-- Name: leads_prospectos_id_origem_servico_b0d295b1; Type: INDEX; Schema: public; Owner: -
--

CREATE INDEX leads_prospectos_id_origem_servico_b0d295b1 ON public.leads_prospectos USING btree (id_origem_servico);


--
-- Name: leads_prospectos_id_origem_servico_b0d295b1_like; Type: INDEX; Schema: public; Owner: -
--

CREATE INDEX leads_prospectos_id_origem_servico_b0d295b1_like ON public.leads_prospectos USING btree (id_origem_servico varchar_pattern_ops);


--
-- Name: leads_prospectos_tenant_id_e9743232; Type: INDEX; Schema: public; Owner: -
--

CREATE INDEX leads_prospectos_tenant_id_e9743232 ON public.leads_prospectos USING btree (tenant_id);


--
-- Name: log_sistema_categor_26d003_idx; Type: INDEX; Schema: public; Owner: -
--

CREATE INDEX log_sistema_categor_26d003_idx ON public.log_sistema USING btree (categoria, acao);


--
-- Name: log_sistema_categor_f59555_idx; Type: INDEX; Schema: public; Owner: -
--

CREATE INDEX log_sistema_categor_f59555_idx ON public.log_sistema USING btree (categoria);


--
-- Name: log_sistema_categoria_c91a2bc7; Type: INDEX; Schema: public; Owner: -
--

CREATE INDEX log_sistema_categoria_c91a2bc7 ON public.log_sistema USING btree (categoria);


--
-- Name: log_sistema_categoria_c91a2bc7_like; Type: INDEX; Schema: public; Owner: -
--

CREATE INDEX log_sistema_categoria_c91a2bc7_like ON public.log_sistema USING btree (categoria varchar_pattern_ops);


--
-- Name: log_sistema_data_cr_aae550_idx; Type: INDEX; Schema: public; Owner: -
--

CREATE INDEX log_sistema_data_cr_aae550_idx ON public.log_sistema USING btree (data_criacao);


--
-- Name: log_sistema_entidad_4b8a61_idx; Type: INDEX; Schema: public; Owner: -
--

CREATE INDEX log_sistema_entidad_4b8a61_idx ON public.log_sistema USING btree (entidade, entidade_id);


--
-- Name: log_sistema_modulo_a0fbdb_idx; Type: INDEX; Schema: public; Owner: -
--

CREATE INDEX log_sistema_modulo_a0fbdb_idx ON public.log_sistema USING btree (modulo);


--
-- Name: log_sistema_nivel_570003_idx; Type: INDEX; Schema: public; Owner: -
--

CREATE INDEX log_sistema_nivel_570003_idx ON public.log_sistema USING btree (nivel);


--
-- Name: log_sistema_tenant_id_11ab4512; Type: INDEX; Schema: public; Owner: -
--

CREATE INDEX log_sistema_tenant_id_11ab4512 ON public.log_sistema USING btree (tenant_id);


--
-- Name: logs_integr_data_cr_27afbf_idx; Type: INDEX; Schema: public; Owner: -
--

CREATE INDEX logs_integr_data_cr_27afbf_idx ON public.logs_integracao USING btree (data_criacao DESC);


--
-- Name: logs_integr_integra_d3d746_idx; Type: INDEX; Schema: public; Owner: -
--

CREATE INDEX logs_integr_integra_d3d746_idx ON public.logs_integracao USING btree (integracao_id, sucesso);


--
-- Name: logs_integr_lead_id_6eb2cb_idx; Type: INDEX; Schema: public; Owner: -
--

CREATE INDEX logs_integr_lead_id_6eb2cb_idx ON public.logs_integracao USING btree (lead_id);


--
-- Name: logs_integr_status__70424f_idx; Type: INDEX; Schema: public; Owner: -
--

CREATE INDEX logs_integr_status__70424f_idx ON public.logs_integracao USING btree (status_code);


--
-- Name: logs_integracao_integracao_id_e7ac3300; Type: INDEX; Schema: public; Owner: -
--

CREATE INDEX logs_integracao_integracao_id_e7ac3300 ON public.logs_integracao USING btree (integracao_id);


--
-- Name: logs_integracao_lead_id_4202a563; Type: INDEX; Schema: public; Owner: -
--

CREATE INDEX logs_integracao_lead_id_4202a563 ON public.logs_integracao USING btree (lead_id);


--
-- Name: logs_integracao_tenant_id_caeb324c; Type: INDEX; Schema: public; Owner: -
--

CREATE INDEX logs_integracao_tenant_id_caeb324c ON public.logs_integracao USING btree (tenant_id);


--
-- Name: marketing_categoria_template_tenant_id_e7e4c685; Type: INDEX; Schema: public; Owner: -
--

CREATE INDEX marketing_categoria_template_tenant_id_e7e4c685 ON public.marketing_categoria_template USING btree (tenant_id);


--
-- Name: marketing_e_status_7c3989_idx; Type: INDEX; Schema: public; Owner: -
--

CREATE INDEX marketing_e_status_7c3989_idx ON public.marketing_envio_email USING btree (status);


--
-- Name: marketing_e_trackin_0411a2_idx; Type: INDEX; Schema: public; Owner: -
--

CREATE INDEX marketing_e_trackin_0411a2_idx ON public.marketing_envio_email USING btree (tracking_id);


--
-- Name: marketing_envio_email_automacao_id_9f3843ce; Type: INDEX; Schema: public; Owner: -
--

CREATE INDEX marketing_envio_email_automacao_id_9f3843ce ON public.marketing_envio_email USING btree (automacao_id);


--
-- Name: marketing_envio_email_lead_id_eb7bd015; Type: INDEX; Schema: public; Owner: -
--

CREATE INDEX marketing_envio_email_lead_id_eb7bd015 ON public.marketing_envio_email USING btree (lead_id);


--
-- Name: marketing_envio_email_status_7d5ad720; Type: INDEX; Schema: public; Owner: -
--

CREATE INDEX marketing_envio_email_status_7d5ad720 ON public.marketing_envio_email USING btree (status);


--
-- Name: marketing_envio_email_status_7d5ad720_like; Type: INDEX; Schema: public; Owner: -
--

CREATE INDEX marketing_envio_email_status_7d5ad720_like ON public.marketing_envio_email USING btree (status varchar_pattern_ops);


--
-- Name: marketing_envio_email_template_id_e26e4707; Type: INDEX; Schema: public; Owner: -
--

CREATE INDEX marketing_envio_email_template_id_e26e4707 ON public.marketing_envio_email USING btree (template_id);


--
-- Name: marketing_envio_email_tenant_id_41dbbfdc; Type: INDEX; Schema: public; Owner: -
--

CREATE INDEX marketing_envio_email_tenant_id_41dbbfdc ON public.marketing_envio_email USING btree (tenant_id);


--
-- Name: marketing_t_eh_mode_030c69_idx; Type: INDEX; Schema: public; Owner: -
--

CREATE INDEX marketing_t_eh_mode_030c69_idx ON public.marketing_template_email USING btree (eh_modelo_base);


--
-- Name: marketing_t_status_51962b_idx; Type: INDEX; Schema: public; Owner: -
--

CREATE INDEX marketing_t_status_51962b_idx ON public.marketing_template_email USING btree (status);


--
-- Name: marketing_template_email_categoria_id_0b57d083; Type: INDEX; Schema: public; Owner: -
--

CREATE INDEX marketing_template_email_categoria_id_0b57d083 ON public.marketing_template_email USING btree (categoria_id);


--
-- Name: marketing_template_email_criado_por_id_7636521d; Type: INDEX; Schema: public; Owner: -
--

CREATE INDEX marketing_template_email_criado_por_id_7636521d ON public.marketing_template_email USING btree (criado_por_id);


--
-- Name: marketing_template_email_status_78d19b76; Type: INDEX; Schema: public; Owner: -
--

CREATE INDEX marketing_template_email_status_78d19b76 ON public.marketing_template_email USING btree (status);


--
-- Name: marketing_template_email_status_78d19b76_like; Type: INDEX; Schema: public; Owner: -
--

CREATE INDEX marketing_template_email_status_78d19b76_like ON public.marketing_template_email USING btree (status varchar_pattern_ops);


--
-- Name: marketing_template_email_tenant_id_b5a88e30; Type: INDEX; Schema: public; Owner: -
--

CREATE INDEX marketing_template_email_tenant_id_b5a88e30 ON public.marketing_template_email USING btree (tenant_id);


--
-- Name: notificacoe_canal_i_20f27e_idx; Type: INDEX; Schema: public; Owner: -
--

CREATE INDEX notificacoe_canal_i_20f27e_idx ON public.notificacoes_notificacao USING btree (canal_id);


--
-- Name: notificacoe_data_cr_1961f5_idx; Type: INDEX; Schema: public; Owner: -
--

CREATE INDEX notificacoe_data_cr_1961f5_idx ON public.notificacoes_notificacao USING btree (data_criacao);


--
-- Name: notificacoe_status_3cf862_idx; Type: INDEX; Schema: public; Owner: -
--

CREATE INDEX notificacoe_status_3cf862_idx ON public.notificacoes_notificacao USING btree (status);


--
-- Name: notificacoe_tipo_id_1dc7b9_idx; Type: INDEX; Schema: public; Owner: -
--

CREATE INDEX notificacoe_tipo_id_1dc7b9_idx ON public.notificacoes_notificacao USING btree (tipo_id);


--
-- Name: notificacoes_canalnotificacao_tenant_id_63ad33c9; Type: INDEX; Schema: public; Owner: -
--

CREATE INDEX notificacoes_canalnotificacao_tenant_id_63ad33c9 ON public.notificacoes_canalnotificacao USING btree (tenant_id);


--
-- Name: notificacoes_notificacao_canal_id_6dbf631d; Type: INDEX; Schema: public; Owner: -
--

CREATE INDEX notificacoes_notificacao_canal_id_6dbf631d ON public.notificacoes_notificacao USING btree (canal_id);


--
-- Name: notificacoes_notificacao_destinatario_id_0cc3ca16; Type: INDEX; Schema: public; Owner: -
--

CREATE INDEX notificacoes_notificacao_destinatario_id_0cc3ca16 ON public.notificacoes_notificacao USING btree (destinatario_id);


--
-- Name: notificacoes_notificacao_tenant_id_8b195b9a; Type: INDEX; Schema: public; Owner: -
--

CREATE INDEX notificacoes_notificacao_tenant_id_8b195b9a ON public.notificacoes_notificacao USING btree (tenant_id);


--
-- Name: notificacoes_notificacao_tipo_id_f23f6cd7; Type: INDEX; Schema: public; Owner: -
--

CREATE INDEX notificacoes_notificacao_tipo_id_f23f6cd7 ON public.notificacoes_notificacao USING btree (tipo_id);


--
-- Name: notificacoes_preferenciano_tipo_notificacao_id_3411bd04; Type: INDEX; Schema: public; Owner: -
--

CREATE INDEX notificacoes_preferenciano_tipo_notificacao_id_3411bd04 ON public.notificacoes_preferencianotificacao USING btree (tipo_notificacao_id);


--
-- Name: notificacoes_preferencianotificacao_canal_preferido_id_dfe1439d; Type: INDEX; Schema: public; Owner: -
--

CREATE INDEX notificacoes_preferencianotificacao_canal_preferido_id_dfe1439d ON public.notificacoes_preferencianotificacao USING btree (canal_preferido_id);


--
-- Name: notificacoes_preferencianotificacao_tenant_id_43ea53cd; Type: INDEX; Schema: public; Owner: -
--

CREATE INDEX notificacoes_preferencianotificacao_tenant_id_43ea53cd ON public.notificacoes_preferencianotificacao USING btree (tenant_id);


--
-- Name: notificacoes_preferencianotificacao_usuario_id_079a27dc; Type: INDEX; Schema: public; Owner: -
--

CREATE INDEX notificacoes_preferencianotificacao_usuario_id_079a27dc ON public.notificacoes_preferencianotificacao USING btree (usuario_id);


--
-- Name: notificacoes_templatenotificacao_canal_id_c7680d0d; Type: INDEX; Schema: public; Owner: -
--

CREATE INDEX notificacoes_templatenotificacao_canal_id_c7680d0d ON public.notificacoes_templatenotificacao USING btree (canal_id);


--
-- Name: notificacoes_templatenotificacao_tenant_id_5ef7b4e1; Type: INDEX; Schema: public; Owner: -
--

CREATE INDEX notificacoes_templatenotificacao_tenant_id_5ef7b4e1 ON public.notificacoes_templatenotificacao USING btree (tenant_id);


--
-- Name: notificacoes_templatenotificacao_tipo_notificacao_id_08a8c2e2; Type: INDEX; Schema: public; Owner: -
--

CREATE INDEX notificacoes_templatenotificacao_tipo_notificacao_id_08a8c2e2 ON public.notificacoes_templatenotificacao USING btree (tipo_notificacao_id);


--
-- Name: notificacoes_tiponotificacao_tenant_id_0b39180f; Type: INDEX; Schema: public; Owner: -
--

CREATE INDEX notificacoes_tiponotificacao_tenant_id_0b39180f ON public.notificacoes_tiponotificacao USING btree (tenant_id);


--
-- Name: nps_configuracaonps_tenant_id_90855f87; Type: INDEX; Schema: public; Owner: -
--

CREATE INDEX nps_configuracaonps_tenant_id_90855f87 ON public.nps_configuracaonps USING btree (tenant_id);


--
-- Name: nps_pesquisanps_cliente_id_6ba22ee6; Type: INDEX; Schema: public; Owner: -
--

CREATE INDEX nps_pesquisanps_cliente_id_6ba22ee6 ON public.nps_pesquisanps USING btree (cliente_id);


--
-- Name: nps_pesquisanps_membro_id_5f93aadb; Type: INDEX; Schema: public; Owner: -
--

CREATE INDEX nps_pesquisanps_membro_id_5f93aadb ON public.nps_pesquisanps USING btree (membro_id);


--
-- Name: nps_pesquisanps_tenant_id_13546b04; Type: INDEX; Schema: public; Owner: -
--

CREATE INDEX nps_pesquisanps_tenant_id_13546b04 ON public.nps_pesquisanps USING btree (tenant_id);


--
-- Name: opcoes_vencimento_tenant_id_e32eb503; Type: INDEX; Schema: public; Owner: -
--

CREATE INDEX opcoes_vencimento_tenant_id_e32eb503 ON public.opcoes_vencimento USING btree (tenant_id);


--
-- Name: parceiros_categoriaparceiro_slug_d3c430ee; Type: INDEX; Schema: public; Owner: -
--

CREATE INDEX parceiros_categoriaparceiro_slug_d3c430ee ON public.parceiros_categoriaparceiro USING btree (slug);


--
-- Name: parceiros_categoriaparceiro_slug_d3c430ee_like; Type: INDEX; Schema: public; Owner: -
--

CREATE INDEX parceiros_categoriaparceiro_slug_d3c430ee_like ON public.parceiros_categoriaparceiro USING btree (slug varchar_pattern_ops);


--
-- Name: parceiros_categoriaparceiro_tenant_id_1bd00eac; Type: INDEX; Schema: public; Owner: -
--

CREATE INDEX parceiros_categoriaparceiro_tenant_id_1bd00eac ON public.parceiros_categoriaparceiro USING btree (tenant_id);


--
-- Name: parceiros_cupomdesconto_ativo_b48e038c; Type: INDEX; Schema: public; Owner: -
--

CREATE INDEX parceiros_cupomdesconto_ativo_b48e038c ON public.parceiros_cupomdesconto USING btree (ativo);


--
-- Name: parceiros_cupomdesconto_ci_cupomdesconto_id_f6a659df; Type: INDEX; Schema: public; Owner: -
--

CREATE INDEX parceiros_cupomdesconto_ci_cupomdesconto_id_f6a659df ON public.parceiros_cupomdesconto_cidades_permitidas USING btree (cupomdesconto_id);


--
-- Name: parceiros_cupomdesconto_cidades_permitidas_cidade_id_6844df60; Type: INDEX; Schema: public; Owner: -
--

CREATE INDEX parceiros_cupomdesconto_cidades_permitidas_cidade_id_6844df60 ON public.parceiros_cupomdesconto_cidades_permitidas USING btree (cidade_id);


--
-- Name: parceiros_cupomdesconto_data_fim_03c4713b; Type: INDEX; Schema: public; Owner: -
--

CREATE INDEX parceiros_cupomdesconto_data_fim_03c4713b ON public.parceiros_cupomdesconto USING btree (data_fim);


--
-- Name: parceiros_cupomdesconto_nivel_minimo_id_faafb64d; Type: INDEX; Schema: public; Owner: -
--

CREATE INDEX parceiros_cupomdesconto_nivel_minimo_id_faafb64d ON public.parceiros_cupomdesconto USING btree (nivel_minimo_id);


--
-- Name: parceiros_cupomdesconto_parceiro_id_dff111f8; Type: INDEX; Schema: public; Owner: -
--

CREATE INDEX parceiros_cupomdesconto_parceiro_id_dff111f8 ON public.parceiros_cupomdesconto USING btree (parceiro_id);


--
-- Name: parceiros_cupomdesconto_status_aprovacao_06efad01; Type: INDEX; Schema: public; Owner: -
--

CREATE INDEX parceiros_cupomdesconto_status_aprovacao_06efad01 ON public.parceiros_cupomdesconto USING btree (status_aprovacao);


--
-- Name: parceiros_cupomdesconto_status_aprovacao_06efad01_like; Type: INDEX; Schema: public; Owner: -
--

CREATE INDEX parceiros_cupomdesconto_status_aprovacao_06efad01_like ON public.parceiros_cupomdesconto USING btree (status_aprovacao varchar_pattern_ops);


--
-- Name: parceiros_cupomdesconto_tenant_id_c5044679; Type: INDEX; Schema: public; Owner: -
--

CREATE INDEX parceiros_cupomdesconto_tenant_id_c5044679 ON public.parceiros_cupomdesconto USING btree (tenant_id);


--
-- Name: parceiros_parceiro_categoria_id_8d6b564e; Type: INDEX; Schema: public; Owner: -
--

CREATE INDEX parceiros_parceiro_categoria_id_8d6b564e ON public.parceiros_parceiro USING btree (categoria_id);


--
-- Name: parceiros_parceiro_cidades_cidade_id_33725c67; Type: INDEX; Schema: public; Owner: -
--

CREATE INDEX parceiros_parceiro_cidades_cidade_id_33725c67 ON public.parceiros_parceiro_cidades USING btree (cidade_id);


--
-- Name: parceiros_parceiro_cidades_parceiro_id_f44569bb; Type: INDEX; Schema: public; Owner: -
--

CREATE INDEX parceiros_parceiro_cidades_parceiro_id_f44569bb ON public.parceiros_parceiro_cidades USING btree (parceiro_id);


--
-- Name: parceiros_parceiro_tenant_id_c34427dc; Type: INDEX; Schema: public; Owner: -
--

CREATE INDEX parceiros_parceiro_tenant_id_c34427dc ON public.parceiros_parceiro USING btree (tenant_id);


--
-- Name: parceiros_resgatecupom_cupom_id_b6332b42; Type: INDEX; Schema: public; Owner: -
--

CREATE INDEX parceiros_resgatecupom_cupom_id_b6332b42 ON public.parceiros_resgatecupom USING btree (cupom_id);


--
-- Name: parceiros_resgatecupom_data_resgate_833f7103; Type: INDEX; Schema: public; Owner: -
--

CREATE INDEX parceiros_resgatecupom_data_resgate_833f7103 ON public.parceiros_resgatecupom USING btree (data_resgate);


--
-- Name: parceiros_resgatecupom_membro_id_e258aefd; Type: INDEX; Schema: public; Owner: -
--

CREATE INDEX parceiros_resgatecupom_membro_id_e258aefd ON public.parceiros_resgatecupom USING btree (membro_id);


--
-- Name: parceiros_resgatecupom_status_21ff11ce; Type: INDEX; Schema: public; Owner: -
--

CREATE INDEX parceiros_resgatecupom_status_21ff11ce ON public.parceiros_resgatecupom USING btree (status);


--
-- Name: parceiros_resgatecupom_status_21ff11ce_like; Type: INDEX; Schema: public; Owner: -
--

CREATE INDEX parceiros_resgatecupom_status_21ff11ce_like ON public.parceiros_resgatecupom USING btree (status varchar_pattern_ops);


--
-- Name: parceiros_resgatecupom_tenant_id_5f818b71; Type: INDEX; Schema: public; Owner: -
--

CREATE INDEX parceiros_resgatecupom_tenant_id_5f818b71 ON public.parceiros_resgatecupom USING btree (tenant_id);


--
-- Name: planos_internet_tenant_id_49c90302; Type: INDEX; Schema: public; Owner: -
--

CREATE INDEX planos_internet_tenant_id_49c90302 ON public.planos_internet USING btree (tenant_id);


--
-- Name: prospectos_data_cr_978d2e_idx; Type: INDEX; Schema: public; Owner: -
--

CREATE INDEX prospectos_data_cr_978d2e_idx ON public.prospectos USING btree (data_criacao);


--
-- Name: prospectos_data_fi_298986_idx; Type: INDEX; Schema: public; Owner: -
--

CREATE INDEX prospectos_data_fi_298986_idx ON public.prospectos USING btree (data_fim_processamento);


--
-- Name: prospectos_data_in_768e09_idx; Type: INDEX; Schema: public; Owner: -
--

CREATE INDEX prospectos_data_in_768e09_idx ON public.prospectos USING btree (data_inicio_processamento);


--
-- Name: prospectos_id_pros_a37429_idx; Type: INDEX; Schema: public; Owner: -
--

CREATE INDEX prospectos_id_pros_a37429_idx ON public.prospectos USING btree (id_prospecto_hubsoft);


--
-- Name: prospectos_id_prospecto_hubsoft_a208bbc4_like; Type: INDEX; Schema: public; Owner: -
--

CREATE INDEX prospectos_id_prospecto_hubsoft_a208bbc4_like ON public.prospectos USING btree (id_prospecto_hubsoft varchar_pattern_ops);


--
-- Name: prospectos_lead_id_3c3cdb02; Type: INDEX; Schema: public; Owner: -
--

CREATE INDEX prospectos_lead_id_3c3cdb02 ON public.prospectos USING btree (lead_id);


--
-- Name: prospectos_priorid_1e3057_idx; Type: INDEX; Schema: public; Owner: -
--

CREATE INDEX prospectos_priorid_1e3057_idx ON public.prospectos USING btree (prioridade, data_criacao);


--
-- Name: prospectos_score_c_57dabd_idx; Type: INDEX; Schema: public; Owner: -
--

CREATE INDEX prospectos_score_c_57dabd_idx ON public.prospectos USING btree (score_conversao);


--
-- Name: prospectos_score_c_bfee71_idx; Type: INDEX; Schema: public; Owner: -
--

CREATE INDEX prospectos_score_c_bfee71_idx ON public.prospectos USING btree (score_conversao, status);


--
-- Name: prospectos_status_79c72a_idx; Type: INDEX; Schema: public; Owner: -
--

CREATE INDEX prospectos_status_79c72a_idx ON public.prospectos USING btree (status);


--
-- Name: prospectos_status_dd0be9_idx; Type: INDEX; Schema: public; Owner: -
--

CREATE INDEX prospectos_status_dd0be9_idx ON public.prospectos USING btree (status, data_inicio_processamento);


--
-- Name: prospectos_tenant_id_675e2f79; Type: INDEX; Schema: public; Owner: -
--

CREATE INDEX prospectos_tenant_id_675e2f79 ON public.prospectos USING btree (tenant_id);


--
-- Name: prospectos_tentati_6d61d7_idx; Type: INDEX; Schema: public; Owner: -
--

CREATE INDEX prospectos_tentati_6d61d7_idx ON public.prospectos USING btree (tentativas_processamento);


--
-- Name: prospectos_usuario_ffb44b_idx; Type: INDEX; Schema: public; Owner: -
--

CREATE INDEX prospectos_usuario_ffb44b_idx ON public.prospectos USING btree (usuario_processamento);


--
-- Name: questoes_fl_ativo_1f73dc_idx; Type: INDEX; Schema: public; Owner: -
--

CREATE INDEX questoes_fl_ativo_1f73dc_idx ON public.questoes_fluxo USING btree (ativo);


--
-- Name: questoes_fl_fluxo_i_b10554_idx; Type: INDEX; Schema: public; Owner: -
--

CREATE INDEX questoes_fl_fluxo_i_b10554_idx ON public.questoes_fluxo USING btree (fluxo_id, indice);


--
-- Name: questoes_fl_tipo_qu_cf0996_idx; Type: INDEX; Schema: public; Owner: -
--

CREATE INDEX questoes_fl_tipo_qu_cf0996_idx ON public.questoes_fluxo USING btree (tipo_questao);


--
-- Name: questoes_fluxo_fluxo_id_a3aaf851; Type: INDEX; Schema: public; Owner: -
--

CREATE INDEX questoes_fluxo_fluxo_id_a3aaf851 ON public.questoes_fluxo USING btree (fluxo_id);


--
-- Name: questoes_fluxo_questao_dependencia_id_6113a4dc; Type: INDEX; Schema: public; Owner: -
--

CREATE INDEX questoes_fluxo_questao_dependencia_id_6113a4dc ON public.questoes_fluxo USING btree (questao_dependencia_id);


--
-- Name: questoes_fluxo_questao_erro_redirecionamento_id_00fa6b70; Type: INDEX; Schema: public; Owner: -
--

CREATE INDEX questoes_fluxo_questao_erro_redirecionamento_id_00fa6b70 ON public.questoes_fluxo USING btree (questao_erro_redirecionamento_id);


--
-- Name: questoes_fluxo_questao_padrao_proxima_id_cebd69c9; Type: INDEX; Schema: public; Owner: -
--

CREATE INDEX questoes_fluxo_questao_padrao_proxima_id_cebd69c9 ON public.questoes_fluxo USING btree (questao_padrao_proxima_id);


--
-- Name: questoes_fluxo_tenant_id_5564789d; Type: INDEX; Schema: public; Owner: -
--

CREATE INDEX questoes_fluxo_tenant_id_5564789d ON public.questoes_fluxo USING btree (tenant_id);


--
-- Name: respostas_q_atendim_ab85d0_idx; Type: INDEX; Schema: public; Owner: -
--

CREATE INDEX respostas_q_atendim_ab85d0_idx ON public.respostas_questao USING btree (atendimento_id, questao_id);


--
-- Name: respostas_q_data_re_19b0f8_idx; Type: INDEX; Schema: public; Owner: -
--

CREATE INDEX respostas_q_data_re_19b0f8_idx ON public.respostas_questao USING btree (data_resposta);


--
-- Name: respostas_q_valida_3a6321_idx; Type: INDEX; Schema: public; Owner: -
--

CREATE INDEX respostas_q_valida_3a6321_idx ON public.respostas_questao USING btree (valida);


--
-- Name: respostas_questao_atendimento_id_abf534fa; Type: INDEX; Schema: public; Owner: -
--

CREATE INDEX respostas_questao_atendimento_id_abf534fa ON public.respostas_questao USING btree (atendimento_id);


--
-- Name: respostas_questao_questao_id_898b87c8; Type: INDEX; Schema: public; Owner: -
--

CREATE INDEX respostas_questao_questao_id_898b87c8 ON public.respostas_questao USING btree (questao_id);


--
-- Name: respostas_questao_tenant_id_6862b637; Type: INDEX; Schema: public; Owner: -
--

CREATE INDEX respostas_questao_tenant_id_6862b637 ON public.respostas_questao USING btree (tenant_id);


--
-- Name: retencao_acaoretencao_alerta_id_56523155; Type: INDEX; Schema: public; Owner: -
--

CREATE INDEX retencao_acaoretencao_alerta_id_56523155 ON public.retencao_acaoretencao USING btree (alerta_id);


--
-- Name: retencao_acaoretencao_responsavel_id_b8296c4c; Type: INDEX; Schema: public; Owner: -
--

CREATE INDEX retencao_acaoretencao_responsavel_id_b8296c4c ON public.retencao_acaoretencao USING btree (responsavel_id);


--
-- Name: retencao_acaoretencao_tenant_id_91378384; Type: INDEX; Schema: public; Owner: -
--

CREATE INDEX retencao_acaoretencao_tenant_id_91378384 ON public.retencao_acaoretencao USING btree (tenant_id);


--
-- Name: retencao_alertachurn_cliente_id_b1fb56bc; Type: INDEX; Schema: public; Owner: -
--

CREATE INDEX retencao_alertachurn_cliente_id_b1fb56bc ON public.retencao_alertachurn USING btree (cliente_id);


--
-- Name: retencao_alertachurn_tenant_id_0b31d08a; Type: INDEX; Schema: public; Owner: -
--

CREATE INDEX retencao_alertachurn_tenant_id_0b31d08a ON public.retencao_alertachurn USING btree (tenant_id);


--
-- Name: retencao_scorecliente_cliente_id_19080328; Type: INDEX; Schema: public; Owner: -
--

CREATE INDEX retencao_scorecliente_cliente_id_19080328 ON public.retencao_scorecliente USING btree (cliente_id);


--
-- Name: retencao_scorecliente_tenant_id_dd72a6ac; Type: INDEX; Schema: public; Owner: -
--

CREATE INDEX retencao_scorecliente_tenant_id_dd72a6ac ON public.retencao_scorecliente USING btree (tenant_id);


--
-- Name: roleta_bannerclube_tenant_id_4c5631cc; Type: INDEX; Schema: public; Owner: -
--

CREATE INDEX roleta_bannerclube_tenant_id_4c5631cc ON public.roleta_bannerclube USING btree (tenant_id);


--
-- Name: roleta_cidade_tenant_id_bf110fa8; Type: INDEX; Schema: public; Owner: -
--

CREATE INDEX roleta_cidade_tenant_id_bf110fa8 ON public.roleta_cidade USING btree (tenant_id);


--
-- Name: roleta_extratopontuacao_membro_id_51e649db; Type: INDEX; Schema: public; Owner: -
--

CREATE INDEX roleta_extratopontuacao_membro_id_51e649db ON public.roleta_extratopontuacao USING btree (membro_id);


--
-- Name: roleta_extratopontuacao_regra_id_e043c6f7; Type: INDEX; Schema: public; Owner: -
--

CREATE INDEX roleta_extratopontuacao_regra_id_e043c6f7 ON public.roleta_extratopontuacao USING btree (regra_id);


--
-- Name: roleta_extratopontuacao_tenant_id_b199c8ef; Type: INDEX; Schema: public; Owner: -
--

CREATE INDEX roleta_extratopontuacao_tenant_id_b199c8ef ON public.roleta_extratopontuacao USING btree (tenant_id);


--
-- Name: roleta_landingconfig_tenant_id_8f42430a; Type: INDEX; Schema: public; Owner: -
--

CREATE INDEX roleta_landingconfig_tenant_id_8f42430a ON public.roleta_landingconfig USING btree (tenant_id);


--
-- Name: roleta_membroclube_id_cliente_hubsoft_f70fe851; Type: INDEX; Schema: public; Owner: -
--

CREATE INDEX roleta_membroclube_id_cliente_hubsoft_f70fe851 ON public.roleta_membroclube USING btree (id_cliente_hubsoft);


--
-- Name: roleta_membroclube_tenant_id_81c4f7dd; Type: INDEX; Schema: public; Owner: -
--

CREATE INDEX roleta_membroclube_tenant_id_81c4f7dd ON public.roleta_membroclube USING btree (tenant_id);


--
-- Name: roleta_membroclube_validado_637bd1d4; Type: INDEX; Schema: public; Owner: -
--

CREATE INDEX roleta_membroclube_validado_637bd1d4 ON public.roleta_membroclube USING btree (validado);


--
-- Name: roleta_nivelclube_tenant_id_d1e842e0; Type: INDEX; Schema: public; Owner: -
--

CREATE INDEX roleta_nivelclube_tenant_id_d1e842e0 ON public.roleta_nivelclube USING btree (tenant_id);


--
-- Name: roleta_participanteroleta_membro_id_ad2cdb2a; Type: INDEX; Schema: public; Owner: -
--

CREATE INDEX roleta_participanteroleta_membro_id_ad2cdb2a ON public.roleta_participanteroleta USING btree (membro_id);


--
-- Name: roleta_participanteroleta_status_4b2143de; Type: INDEX; Schema: public; Owner: -
--

CREATE INDEX roleta_participanteroleta_status_4b2143de ON public.roleta_participanteroleta USING btree (status);


--
-- Name: roleta_participanteroleta_status_4b2143de_like; Type: INDEX; Schema: public; Owner: -
--

CREATE INDEX roleta_participanteroleta_status_4b2143de_like ON public.roleta_participanteroleta USING btree (status varchar_pattern_ops);


--
-- Name: roleta_participanteroleta_tenant_id_a3d3d91f; Type: INDEX; Schema: public; Owner: -
--

CREATE INDEX roleta_participanteroleta_tenant_id_a3d3d91f ON public.roleta_participanteroleta USING btree (tenant_id);


--
-- Name: roleta_premioroleta_cidades_permitidas_cidade_id_c965109d; Type: INDEX; Schema: public; Owner: -
--

CREATE INDEX roleta_premioroleta_cidades_permitidas_cidade_id_c965109d ON public.roleta_premioroleta_cidades_permitidas USING btree (cidade_id);


--
-- Name: roleta_premioroleta_cidades_permitidas_premioroleta_id_3a1fd16e; Type: INDEX; Schema: public; Owner: -
--

CREATE INDEX roleta_premioroleta_cidades_permitidas_premioroleta_id_3a1fd16e ON public.roleta_premioroleta_cidades_permitidas USING btree (premioroleta_id);


--
-- Name: roleta_premioroleta_tenant_id_1a2e4f6e; Type: INDEX; Schema: public; Owner: -
--

CREATE INDEX roleta_premioroleta_tenant_id_1a2e4f6e ON public.roleta_premioroleta USING btree (tenant_id);


--
-- Name: roleta_regrapontuacao_ativo_0f8a0e70; Type: INDEX; Schema: public; Owner: -
--

CREATE INDEX roleta_regrapontuacao_ativo_0f8a0e70 ON public.roleta_regrapontuacao USING btree (ativo);


--
-- Name: roleta_regrapontuacao_tenant_id_2dac758c; Type: INDEX; Schema: public; Owner: -
--

CREATE INDEX roleta_regrapontuacao_tenant_id_2dac758c ON public.roleta_regrapontuacao USING btree (tenant_id);


--
-- Name: roleta_roletaconfig_tenant_id_36c297d5; Type: INDEX; Schema: public; Owner: -
--

CREATE INDEX roleta_roletaconfig_tenant_id_36c297d5 ON public.roleta_roletaconfig USING btree (tenant_id);


--
-- Name: roleta_rouletteasset_tenant_id_848dec51; Type: INDEX; Schema: public; Owner: -
--

CREATE INDEX roleta_rouletteasset_tenant_id_848dec51 ON public.roleta_rouletteasset USING btree (tenant_id);


--
-- Name: servicos_cl_cliente_5af831_idx; Type: INDEX; Schema: public; Owner: -
--

CREATE INDEX servicos_cl_cliente_5af831_idx ON public.servicos_cliente_hubsoft USING btree (cliente_id);


--
-- Name: servicos_cl_id_clie_1a6eb2_idx; Type: INDEX; Schema: public; Owner: -
--

CREATE INDEX servicos_cl_id_clie_1a6eb2_idx ON public.servicos_cliente_hubsoft USING btree (id_cliente_servico);


--
-- Name: servicos_cl_status__048c02_idx; Type: INDEX; Schema: public; Owner: -
--

CREATE INDEX servicos_cl_status__048c02_idx ON public.servicos_cliente_hubsoft USING btree (status_prefixo);


--
-- Name: servicos_cliente_hubsoft_cliente_id_42e7fcad; Type: INDEX; Schema: public; Owner: -
--

CREATE INDEX servicos_cliente_hubsoft_cliente_id_42e7fcad ON public.servicos_cliente_hubsoft USING btree (cliente_id);


--
-- Name: servicos_cliente_hubsoft_tenant_id_eff46bea; Type: INDEX; Schema: public; Owner: -
--

CREATE INDEX servicos_cliente_hubsoft_tenant_id_eff46bea ON public.servicos_cliente_hubsoft USING btree (tenant_id);


--
-- Name: sistema_feature_plano_plano_id_9a3416ee; Type: INDEX; Schema: public; Owner: -
--

CREATE INDEX sistema_feature_plano_plano_id_9a3416ee ON public.sistema_feature_plano USING btree (plano_id);


--
-- Name: sistema_feature_plano_slug_e9b4a259; Type: INDEX; Schema: public; Owner: -
--

CREATE INDEX sistema_feature_plano_slug_e9b4a259 ON public.sistema_feature_plano USING btree (slug);


--
-- Name: sistema_feature_plano_slug_e9b4a259_like; Type: INDEX; Schema: public; Owner: -
--

CREATE INDEX sistema_feature_plano_slug_e9b4a259_like ON public.sistema_feature_plano USING btree (slug varchar_pattern_ops);


--
-- Name: sistema_funcionalidade_codigo_a0165598_like; Type: INDEX; Schema: public; Owner: -
--

CREATE INDEX sistema_funcionalidade_codigo_a0165598_like ON public.sistema_funcionalidade USING btree (codigo varchar_pattern_ops);


--
-- Name: sistema_perfil_permissao_f_funcionalidade_id_0006a154; Type: INDEX; Schema: public; Owner: -
--

CREATE INDEX sistema_perfil_permissao_f_funcionalidade_id_0006a154 ON public.sistema_perfil_permissao_funcionalidades USING btree (funcionalidade_id);


--
-- Name: sistema_perfil_permissao_f_perfilpermissao_id_52a8c65f; Type: INDEX; Schema: public; Owner: -
--

CREATE INDEX sistema_perfil_permissao_f_perfilpermissao_id_52a8c65f ON public.sistema_perfil_permissao_funcionalidades USING btree (perfilpermissao_id);


--
-- Name: sistema_perfil_permissao_tenant_id_6eb0bdf4; Type: INDEX; Schema: public; Owner: -
--

CREATE INDEX sistema_perfil_permissao_tenant_id_6eb0bdf4 ON public.sistema_perfil_permissao USING btree (tenant_id);


--
-- Name: sistema_perfil_usuario_tenant_id_2e2726d7; Type: INDEX; Schema: public; Owner: -
--

CREATE INDEX sistema_perfil_usuario_tenant_id_2e2726d7 ON public.sistema_perfil_usuario USING btree (tenant_id);


--
-- Name: sistema_permissao_usuario_perfil_id_b7f20ed1; Type: INDEX; Schema: public; Owner: -
--

CREATE INDEX sistema_permissao_usuario_perfil_id_b7f20ed1 ON public.sistema_permissao_usuario USING btree (perfil_id);


--
-- Name: sistema_permissao_usuario_tenant_id_a1618b99; Type: INDEX; Schema: public; Owner: -
--

CREATE INDEX sistema_permissao_usuario_tenant_id_a1618b99 ON public.sistema_permissao_usuario USING btree (tenant_id);


--
-- Name: sistema_tenant_cnpj_94196a86_like; Type: INDEX; Schema: public; Owner: -
--

CREATE INDEX sistema_tenant_cnpj_94196a86_like ON public.sistema_tenant USING btree (cnpj varchar_pattern_ops);


--
-- Name: sistema_tenant_plano_comercial_ref_id_27e2711f; Type: INDEX; Schema: public; Owner: -
--

CREATE INDEX sistema_tenant_plano_comercial_ref_id_27e2711f ON public.sistema_tenant USING btree (plano_comercial_ref_id);


--
-- Name: sistema_tenant_plano_cs_ref_id_3e530f74; Type: INDEX; Schema: public; Owner: -
--

CREATE INDEX sistema_tenant_plano_cs_ref_id_3e530f74 ON public.sistema_tenant USING btree (plano_cs_ref_id);


--
-- Name: sistema_tenant_plano_marketing_ref_id_e3a03005; Type: INDEX; Schema: public; Owner: -
--

CREATE INDEX sistema_tenant_plano_marketing_ref_id_e3a03005 ON public.sistema_tenant USING btree (plano_marketing_ref_id);


--
-- Name: sistema_tenant_slug_8d1290fa_like; Type: INDEX; Schema: public; Owner: -
--

CREATE INDEX sistema_tenant_slug_8d1290fa_like ON public.sistema_tenant USING btree (slug varchar_pattern_ops);


--
-- Name: status_configuravel_codigo_73717992; Type: INDEX; Schema: public; Owner: -
--

CREATE INDEX status_configuravel_codigo_73717992 ON public.status_configuravel USING btree (codigo);


--
-- Name: status_configuravel_codigo_73717992_like; Type: INDEX; Schema: public; Owner: -
--

CREATE INDEX status_configuravel_codigo_73717992_like ON public.status_configuravel USING btree (codigo varchar_pattern_ops);


--
-- Name: status_configuravel_grupo_9c369e22; Type: INDEX; Schema: public; Owner: -
--

CREATE INDEX status_configuravel_grupo_9c369e22 ON public.status_configuravel USING btree (grupo);


--
-- Name: status_configuravel_grupo_9c369e22_like; Type: INDEX; Schema: public; Owner: -
--

CREATE INDEX status_configuravel_grupo_9c369e22_like ON public.status_configuravel USING btree (grupo varchar_pattern_ops);


--
-- Name: status_configuravel_tenant_id_6d1cb29b; Type: INDEX; Schema: public; Owner: -
--

CREATE INDEX status_configuravel_tenant_id_6d1cb29b ON public.status_configuravel USING btree (tenant_id);


--
-- Name: suporte_artigos_conhecimento_autor_id_23a0ba85; Type: INDEX; Schema: public; Owner: -
--

CREATE INDEX suporte_artigos_conhecimento_autor_id_23a0ba85 ON public.suporte_artigos_conhecimento USING btree (autor_id);


--
-- Name: suporte_artigos_conhecimento_categoria_id_4163f968; Type: INDEX; Schema: public; Owner: -
--

CREATE INDEX suporte_artigos_conhecimento_categoria_id_4163f968 ON public.suporte_artigos_conhecimento USING btree (categoria_id);


--
-- Name: suporte_artigos_conhecimento_slug_082badb2; Type: INDEX; Schema: public; Owner: -
--

CREATE INDEX suporte_artigos_conhecimento_slug_082badb2 ON public.suporte_artigos_conhecimento USING btree (slug);


--
-- Name: suporte_artigos_conhecimento_slug_082badb2_like; Type: INDEX; Schema: public; Owner: -
--

CREATE INDEX suporte_artigos_conhecimento_slug_082badb2_like ON public.suporte_artigos_conhecimento USING btree (slug varchar_pattern_ops);


--
-- Name: suporte_artigos_conhecimento_tenant_id_f3aff537; Type: INDEX; Schema: public; Owner: -
--

CREATE INDEX suporte_artigos_conhecimento_tenant_id_f3aff537 ON public.suporte_artigos_conhecimento USING btree (tenant_id);


--
-- Name: suporte_categorias_conhecimento_slug_107172e0; Type: INDEX; Schema: public; Owner: -
--

CREATE INDEX suporte_categorias_conhecimento_slug_107172e0 ON public.suporte_categorias_conhecimento USING btree (slug);


--
-- Name: suporte_categorias_conhecimento_slug_107172e0_like; Type: INDEX; Schema: public; Owner: -
--

CREATE INDEX suporte_categorias_conhecimento_slug_107172e0_like ON public.suporte_categorias_conhecimento USING btree (slug varchar_pattern_ops);


--
-- Name: suporte_categorias_conhecimento_tenant_id_78148d38; Type: INDEX; Schema: public; Owner: -
--

CREATE INDEX suporte_categorias_conhecimento_tenant_id_78148d38 ON public.suporte_categorias_conhecimento USING btree (tenant_id);


--
-- Name: suporte_categorias_fila_padrao_id_b1352a15; Type: INDEX; Schema: public; Owner: -
--

CREATE INDEX suporte_categorias_fila_padrao_id_b1352a15 ON public.suporte_categorias USING btree (fila_padrao_id);


--
-- Name: suporte_categorias_slug_441e2dd1; Type: INDEX; Schema: public; Owner: -
--

CREATE INDEX suporte_categorias_slug_441e2dd1 ON public.suporte_categorias USING btree (slug);


--
-- Name: suporte_categorias_slug_441e2dd1_like; Type: INDEX; Schema: public; Owner: -
--

CREATE INDEX suporte_categorias_slug_441e2dd1_like ON public.suporte_categorias USING btree (slug varchar_pattern_ops);


--
-- Name: suporte_categorias_tenant_id_d26530a3; Type: INDEX; Schema: public; Owner: -
--

CREATE INDEX suporte_categorias_tenant_id_d26530a3 ON public.suporte_categorias USING btree (tenant_id);


--
-- Name: suporte_comentarios_autor_id_85d58328; Type: INDEX; Schema: public; Owner: -
--

CREATE INDEX suporte_comentarios_autor_id_85d58328 ON public.suporte_comentarios USING btree (autor_id);


--
-- Name: suporte_comentarios_tenant_id_4255b0bb; Type: INDEX; Schema: public; Owner: -
--

CREATE INDEX suporte_comentarios_tenant_id_4255b0bb ON public.suporte_comentarios USING btree (tenant_id);


--
-- Name: suporte_comentarios_ticket_id_3597673d; Type: INDEX; Schema: public; Owner: -
--

CREATE INDEX suporte_comentarios_ticket_id_3597673d ON public.suporte_comentarios USING btree (ticket_id);


--
-- Name: suporte_historico_ticket_tenant_id_037bf7c1; Type: INDEX; Schema: public; Owner: -
--

CREATE INDEX suporte_historico_ticket_tenant_id_037bf7c1 ON public.suporte_historico_ticket USING btree (tenant_id);


--
-- Name: suporte_historico_ticket_ticket_id_36e60fac; Type: INDEX; Schema: public; Owner: -
--

CREATE INDEX suporte_historico_ticket_ticket_id_36e60fac ON public.suporte_historico_ticket USING btree (ticket_id);


--
-- Name: suporte_historico_ticket_usuario_id_e37daae6; Type: INDEX; Schema: public; Owner: -
--

CREATE INDEX suporte_historico_ticket_usuario_id_e37daae6 ON public.suporte_historico_ticket USING btree (usuario_id);


--
-- Name: suporte_sla_config_tenant_id_3ce2e439; Type: INDEX; Schema: public; Owner: -
--

CREATE INDEX suporte_sla_config_tenant_id_3ce2e439 ON public.suporte_sla_config USING btree (tenant_id);


--
-- Name: suporte_tic_atenden_9b5de9_idx; Type: INDEX; Schema: public; Owner: -
--

CREATE INDEX suporte_tic_atenden_9b5de9_idx ON public.suporte_tickets USING btree (atendente_id, status);


--
-- Name: suporte_tic_status_4c7729_idx; Type: INDEX; Schema: public; Owner: -
--

CREATE INDEX suporte_tic_status_4c7729_idx ON public.suporte_tickets USING btree (status, prioridade);


--
-- Name: suporte_tic_tenant__e16e06_idx; Type: INDEX; Schema: public; Owner: -
--

CREATE INDEX suporte_tic_tenant__e16e06_idx ON public.suporte_tickets USING btree (tenant_cliente_id);


--
-- Name: suporte_tickets_atendente_id_e0bbac21; Type: INDEX; Schema: public; Owner: -
--

CREATE INDEX suporte_tickets_atendente_id_e0bbac21 ON public.suporte_tickets USING btree (atendente_id);


--
-- Name: suporte_tickets_categoria_id_338ef1eb; Type: INDEX; Schema: public; Owner: -
--

CREATE INDEX suporte_tickets_categoria_id_338ef1eb ON public.suporte_tickets USING btree (categoria_id);


--
-- Name: suporte_tickets_solicitante_id_f478a04b; Type: INDEX; Schema: public; Owner: -
--

CREATE INDEX suporte_tickets_solicitante_id_f478a04b ON public.suporte_tickets USING btree (solicitante_id);


--
-- Name: suporte_tickets_tenant_cliente_id_bee059da; Type: INDEX; Schema: public; Owner: -
--

CREATE INDEX suporte_tickets_tenant_cliente_id_bee059da ON public.suporte_tickets USING btree (tenant_cliente_id);


--
-- Name: suporte_tickets_tenant_id_3048baa5; Type: INDEX; Schema: public; Owner: -
--

CREATE INDEX suporte_tickets_tenant_id_3048baa5 ON public.suporte_tickets USING btree (tenant_id);


--
-- Name: tentativas__atendim_ae5f36_idx; Type: INDEX; Schema: public; Owner: -
--

CREATE INDEX tentativas__atendim_ae5f36_idx ON public.tentativas_resposta USING btree (atendimento_id, questao_id);


--
-- Name: tentativas__data_te_32f1cf_idx; Type: INDEX; Schema: public; Owner: -
--

CREATE INDEX tentativas__data_te_32f1cf_idx ON public.tentativas_resposta USING btree (data_tentativa);


--
-- Name: tentativas__tentati_16cc9b_idx; Type: INDEX; Schema: public; Owner: -
--

CREATE INDEX tentativas__tentati_16cc9b_idx ON public.tentativas_resposta USING btree (tentativa_numero);


--
-- Name: tentativas__valida_799a8e_idx; Type: INDEX; Schema: public; Owner: -
--

CREATE INDEX tentativas__valida_799a8e_idx ON public.tentativas_resposta USING btree (valida);


--
-- Name: tentativas_resposta_atendimento_id_f05feaf1; Type: INDEX; Schema: public; Owner: -
--

CREATE INDEX tentativas_resposta_atendimento_id_f05feaf1 ON public.tentativas_resposta USING btree (atendimento_id);


--
-- Name: tentativas_resposta_questao_id_f1b9bbfe; Type: INDEX; Schema: public; Owner: -
--

CREATE INDEX tentativas_resposta_questao_id_f1b9bbfe ON public.tentativas_resposta USING btree (questao_id);


--
-- Name: tentativas_resposta_tenant_id_b5361375; Type: INDEX; Schema: public; Owner: -
--

CREATE INDEX tentativas_resposta_tenant_id_b5361375 ON public.tentativas_resposta USING btree (tenant_id);


--
-- Name: vendas_web_configuracaoempresa_integracao_leads_id_c238cc99; Type: INDEX; Schema: public; Owner: -
--

CREATE INDEX vendas_web_configuracaoempresa_integracao_leads_id_c238cc99 ON public.vendas_web_configuracaoempresa USING btree (integracao_leads_id);


--
-- Name: vendas_web_configuracaoempresa_tenant_id_8f5de1a4; Type: INDEX; Schema: public; Owner: -
--

CREATE INDEX vendas_web_configuracaoempresa_tenant_id_8f5de1a4 ON public.vendas_web_configuracaoempresa USING btree (tenant_id);


--
-- Name: viabilidade_cidade_ede915_idx; Type: INDEX; Schema: public; Owner: -
--

CREATE INDEX viabilidade_cidade_ede915_idx ON public.viabilidade_cidadeviabilidade USING btree (cidade, estado);


--
-- Name: viabilidade_cidadeviabilidade_ativo_5cbd0e3c; Type: INDEX; Schema: public; Owner: -
--

CREATE INDEX viabilidade_cidadeviabilidade_ativo_5cbd0e3c ON public.viabilidade_cidadeviabilidade USING btree (ativo);


--
-- Name: viabilidade_cidadeviabilidade_cep_6cb4260e; Type: INDEX; Schema: public; Owner: -
--

CREATE INDEX viabilidade_cidadeviabilidade_cep_6cb4260e ON public.viabilidade_cidadeviabilidade USING btree (cep);


--
-- Name: viabilidade_cidadeviabilidade_cep_6cb4260e_like; Type: INDEX; Schema: public; Owner: -
--

CREATE INDEX viabilidade_cidadeviabilidade_cep_6cb4260e_like ON public.viabilidade_cidadeviabilidade USING btree (cep varchar_pattern_ops);


--
-- Name: viabilidade_cidadeviabilidade_cidade_895aef41; Type: INDEX; Schema: public; Owner: -
--

CREATE INDEX viabilidade_cidadeviabilidade_cidade_895aef41 ON public.viabilidade_cidadeviabilidade USING btree (cidade);


--
-- Name: viabilidade_cidadeviabilidade_cidade_895aef41_like; Type: INDEX; Schema: public; Owner: -
--

CREATE INDEX viabilidade_cidadeviabilidade_cidade_895aef41_like ON public.viabilidade_cidadeviabilidade USING btree (cidade varchar_pattern_ops);


--
-- Name: viabilidade_cidadeviabilidade_estado_2bdf9461; Type: INDEX; Schema: public; Owner: -
--

CREATE INDEX viabilidade_cidadeviabilidade_estado_2bdf9461 ON public.viabilidade_cidadeviabilidade USING btree (estado);


--
-- Name: viabilidade_cidadeviabilidade_estado_2bdf9461_like; Type: INDEX; Schema: public; Owner: -
--

CREATE INDEX viabilidade_cidadeviabilidade_estado_2bdf9461_like ON public.viabilidade_cidadeviabilidade USING btree (estado varchar_pattern_ops);


--
-- Name: viabilidade_cidadeviabilidade_tenant_id_c0ee25e1; Type: INDEX; Schema: public; Owner: -
--

CREATE INDEX viabilidade_cidadeviabilidade_tenant_id_c0ee25e1 ON public.viabilidade_cidadeviabilidade USING btree (tenant_id);


--
-- Name: atendimento_conexaonodo atendimento_conexaon_fluxo_id_fb9e81b2_fk_fluxos_at; Type: FK CONSTRAINT; Schema: public; Owner: -
--

ALTER TABLE ONLY public.atendimento_conexaonodo
    ADD CONSTRAINT atendimento_conexaon_fluxo_id_fb9e81b2_fk_fluxos_at FOREIGN KEY (fluxo_id) REFERENCES public.fluxos_atendimento(id) DEFERRABLE INITIALLY DEFERRED;


--
-- Name: atendimento_conexaonodo atendimento_conexaon_nodo_destino_id_b9bcf113_fk_atendimen; Type: FK CONSTRAINT; Schema: public; Owner: -
--

ALTER TABLE ONLY public.atendimento_conexaonodo
    ADD CONSTRAINT atendimento_conexaon_nodo_destino_id_b9bcf113_fk_atendimen FOREIGN KEY (nodo_destino_id) REFERENCES public.atendimento_nodofluxo(id) DEFERRABLE INITIALLY DEFERRED;


--
-- Name: atendimento_conexaonodo atendimento_conexaon_nodo_origem_id_9e2b9ea6_fk_atendimen; Type: FK CONSTRAINT; Schema: public; Owner: -
--

ALTER TABLE ONLY public.atendimento_conexaonodo
    ADD CONSTRAINT atendimento_conexaon_nodo_origem_id_9e2b9ea6_fk_atendimen FOREIGN KEY (nodo_origem_id) REFERENCES public.atendimento_nodofluxo(id) DEFERRABLE INITIALLY DEFERRED;


--
-- Name: atendimento_conexaonodo atendimento_conexaonodo_tenant_id_32caaa8a_fk_sistema_tenant_id; Type: FK CONSTRAINT; Schema: public; Owner: -
--

ALTER TABLE ONLY public.atendimento_conexaonodo
    ADD CONSTRAINT atendimento_conexaonodo_tenant_id_32caaa8a_fk_sistema_tenant_id FOREIGN KEY (tenant_id) REFERENCES public.sistema_tenant(id) DEFERRABLE INITIALLY DEFERRED;


--
-- Name: atendimento_execucao_pendente atendimento_execucao_atendimento_id_db73685a_fk_atendimen; Type: FK CONSTRAINT; Schema: public; Owner: -
--

ALTER TABLE ONLY public.atendimento_execucao_pendente
    ADD CONSTRAINT atendimento_execucao_atendimento_id_db73685a_fk_atendimen FOREIGN KEY (atendimento_id) REFERENCES public.atendimentos_fluxo(id) DEFERRABLE INITIALLY DEFERRED;


--
-- Name: atendimento_execucao_pendente atendimento_execucao_nodo_id_f82beab1_fk_atendimen; Type: FK CONSTRAINT; Schema: public; Owner: -
--

ALTER TABLE ONLY public.atendimento_execucao_pendente
    ADD CONSTRAINT atendimento_execucao_nodo_id_f82beab1_fk_atendimen FOREIGN KEY (nodo_id) REFERENCES public.atendimento_nodofluxo(id) DEFERRABLE INITIALLY DEFERRED;


--
-- Name: atendimento_execucao_pendente atendimento_execucao_tenant_id_7e44a00b_fk_sistema_t; Type: FK CONSTRAINT; Schema: public; Owner: -
--

ALTER TABLE ONLY public.atendimento_execucao_pendente
    ADD CONSTRAINT atendimento_execucao_tenant_id_7e44a00b_fk_sistema_t FOREIGN KEY (tenant_id) REFERENCES public.sistema_tenant(id) DEFERRABLE INITIALLY DEFERRED;


--
-- Name: atendimento_log_fluxo atendimento_log_flux_atendimento_id_3db11c23_fk_atendimen; Type: FK CONSTRAINT; Schema: public; Owner: -
--

ALTER TABLE ONLY public.atendimento_log_fluxo
    ADD CONSTRAINT atendimento_log_flux_atendimento_id_3db11c23_fk_atendimen FOREIGN KEY (atendimento_id) REFERENCES public.atendimentos_fluxo(id) DEFERRABLE INITIALLY DEFERRED;


--
-- Name: atendimento_log_fluxo atendimento_log_flux_nodo_id_d017c2d1_fk_atendimen; Type: FK CONSTRAINT; Schema: public; Owner: -
--

ALTER TABLE ONLY public.atendimento_log_fluxo
    ADD CONSTRAINT atendimento_log_flux_nodo_id_d017c2d1_fk_atendimen FOREIGN KEY (nodo_id) REFERENCES public.atendimento_nodofluxo(id) DEFERRABLE INITIALLY DEFERRED;


--
-- Name: atendimento_log_fluxo atendimento_log_fluxo_lead_id_693c7d0a_fk_leads_prospectos_id; Type: FK CONSTRAINT; Schema: public; Owner: -
--

ALTER TABLE ONLY public.atendimento_log_fluxo
    ADD CONSTRAINT atendimento_log_fluxo_lead_id_693c7d0a_fk_leads_prospectos_id FOREIGN KEY (lead_id) REFERENCES public.leads_prospectos(id) DEFERRABLE INITIALLY DEFERRED;


--
-- Name: atendimento_log_fluxo atendimento_log_fluxo_tenant_id_c8f24887_fk_sistema_tenant_id; Type: FK CONSTRAINT; Schema: public; Owner: -
--

ALTER TABLE ONLY public.atendimento_log_fluxo
    ADD CONSTRAINT atendimento_log_fluxo_tenant_id_c8f24887_fk_sistema_tenant_id FOREIGN KEY (tenant_id) REFERENCES public.sistema_tenant(id) DEFERRABLE INITIALLY DEFERRED;


--
-- Name: atendimento_nodofluxo atendimento_nodoflux_fluxo_id_897e4317_fk_fluxos_at; Type: FK CONSTRAINT; Schema: public; Owner: -
--

ALTER TABLE ONLY public.atendimento_nodofluxo
    ADD CONSTRAINT atendimento_nodoflux_fluxo_id_897e4317_fk_fluxos_at FOREIGN KEY (fluxo_id) REFERENCES public.fluxos_atendimento(id) DEFERRABLE INITIALLY DEFERRED;


--
-- Name: atendimento_nodofluxo atendimento_nodofluxo_tenant_id_5cf2eff5_fk_sistema_tenant_id; Type: FK CONSTRAINT; Schema: public; Owner: -
--

ALTER TABLE ONLY public.atendimento_nodofluxo
    ADD CONSTRAINT atendimento_nodofluxo_tenant_id_5cf2eff5_fk_sistema_tenant_id FOREIGN KEY (tenant_id) REFERENCES public.sistema_tenant(id) DEFERRABLE INITIALLY DEFERRED;


--
-- Name: atendimentos_fluxo atendimentos_fluxo_fluxo_id_2e2ec71c_fk_fluxos_atendimento_id; Type: FK CONSTRAINT; Schema: public; Owner: -
--

ALTER TABLE ONLY public.atendimentos_fluxo
    ADD CONSTRAINT atendimentos_fluxo_fluxo_id_2e2ec71c_fk_fluxos_atendimento_id FOREIGN KEY (fluxo_id) REFERENCES public.fluxos_atendimento(id) DEFERRABLE INITIALLY DEFERRED;


--
-- Name: atendimentos_fluxo atendimentos_fluxo_historico_contato_id_8f8f6c47_fk_historico; Type: FK CONSTRAINT; Schema: public; Owner: -
--

ALTER TABLE ONLY public.atendimentos_fluxo
    ADD CONSTRAINT atendimentos_fluxo_historico_contato_id_8f8f6c47_fk_historico FOREIGN KEY (historico_contato_id) REFERENCES public.historico_contato(id) DEFERRABLE INITIALLY DEFERRED;


--
-- Name: atendimentos_fluxo atendimentos_fluxo_lead_id_16af9357_fk_leads_prospectos_id; Type: FK CONSTRAINT; Schema: public; Owner: -
--

ALTER TABLE ONLY public.atendimentos_fluxo
    ADD CONSTRAINT atendimentos_fluxo_lead_id_16af9357_fk_leads_prospectos_id FOREIGN KEY (lead_id) REFERENCES public.leads_prospectos(id) DEFERRABLE INITIALLY DEFERRED;


--
-- Name: atendimentos_fluxo atendimentos_fluxo_nodo_atual_id_7a009ae5_fk_atendimen; Type: FK CONSTRAINT; Schema: public; Owner: -
--

ALTER TABLE ONLY public.atendimentos_fluxo
    ADD CONSTRAINT atendimentos_fluxo_nodo_atual_id_7a009ae5_fk_atendimen FOREIGN KEY (nodo_atual_id) REFERENCES public.atendimento_nodofluxo(id) DEFERRABLE INITIALLY DEFERRED;


--
-- Name: atendimentos_fluxo atendimentos_fluxo_tenant_id_22344c01_fk_sistema_tenant_id; Type: FK CONSTRAINT; Schema: public; Owner: -
--

ALTER TABLE ONLY public.atendimentos_fluxo
    ADD CONSTRAINT atendimentos_fluxo_tenant_id_22344c01_fk_sistema_tenant_id FOREIGN KEY (tenant_id) REFERENCES public.sistema_tenant(id) DEFERRABLE INITIALLY DEFERRED;


--
-- Name: auth_group_permissions auth_group_permissio_permission_id_84c5c92e_fk_auth_perm; Type: FK CONSTRAINT; Schema: public; Owner: -
--

ALTER TABLE ONLY public.auth_group_permissions
    ADD CONSTRAINT auth_group_permissio_permission_id_84c5c92e_fk_auth_perm FOREIGN KEY (permission_id) REFERENCES public.auth_permission(id) DEFERRABLE INITIALLY DEFERRED;


--
-- Name: auth_group_permissions auth_group_permissions_group_id_b120cbf9_fk_auth_group_id; Type: FK CONSTRAINT; Schema: public; Owner: -
--

ALTER TABLE ONLY public.auth_group_permissions
    ADD CONSTRAINT auth_group_permissions_group_id_b120cbf9_fk_auth_group_id FOREIGN KEY (group_id) REFERENCES public.auth_group(id) DEFERRABLE INITIALLY DEFERRED;


--
-- Name: auth_permission auth_permission_content_type_id_2f476e4b_fk_django_co; Type: FK CONSTRAINT; Schema: public; Owner: -
--

ALTER TABLE ONLY public.auth_permission
    ADD CONSTRAINT auth_permission_content_type_id_2f476e4b_fk_django_co FOREIGN KEY (content_type_id) REFERENCES public.django_content_type(id) DEFERRABLE INITIALLY DEFERRED;


--
-- Name: auth_user_groups auth_user_groups_group_id_97559544_fk_auth_group_id; Type: FK CONSTRAINT; Schema: public; Owner: -
--

ALTER TABLE ONLY public.auth_user_groups
    ADD CONSTRAINT auth_user_groups_group_id_97559544_fk_auth_group_id FOREIGN KEY (group_id) REFERENCES public.auth_group(id) DEFERRABLE INITIALLY DEFERRED;


--
-- Name: auth_user_groups auth_user_groups_user_id_6a12ed8b_fk_auth_user_id; Type: FK CONSTRAINT; Schema: public; Owner: -
--

ALTER TABLE ONLY public.auth_user_groups
    ADD CONSTRAINT auth_user_groups_user_id_6a12ed8b_fk_auth_user_id FOREIGN KEY (user_id) REFERENCES public.auth_user(id) DEFERRABLE INITIALLY DEFERRED;


--
-- Name: auth_user_user_permissions auth_user_user_permi_permission_id_1fbb5f2c_fk_auth_perm; Type: FK CONSTRAINT; Schema: public; Owner: -
--

ALTER TABLE ONLY public.auth_user_user_permissions
    ADD CONSTRAINT auth_user_user_permi_permission_id_1fbb5f2c_fk_auth_perm FOREIGN KEY (permission_id) REFERENCES public.auth_permission(id) DEFERRABLE INITIALLY DEFERRED;


--
-- Name: auth_user_user_permissions auth_user_user_permissions_user_id_a95ead1b_fk_auth_user_id; Type: FK CONSTRAINT; Schema: public; Owner: -
--

ALTER TABLE ONLY public.auth_user_user_permissions
    ADD CONSTRAINT auth_user_user_permissions_user_id_a95ead1b_fk_auth_user_id FOREIGN KEY (user_id) REFERENCES public.auth_user(id) DEFERRABLE INITIALLY DEFERRED;


--
-- Name: automacoes_acaoregra automacoes_acaoregra_regra_id_864170b6_fk_automacoe; Type: FK CONSTRAINT; Schema: public; Owner: -
--

ALTER TABLE ONLY public.automacoes_acaoregra
    ADD CONSTRAINT automacoes_acaoregra_regra_id_864170b6_fk_automacoe FOREIGN KEY (regra_id) REFERENCES public.automacoes_regraautomacao(id) DEFERRABLE INITIALLY DEFERRED;


--
-- Name: automacoes_acaoregra automacoes_acaoregra_tenant_id_9cf1da44_fk_sistema_tenant_id; Type: FK CONSTRAINT; Schema: public; Owner: -
--

ALTER TABLE ONLY public.automacoes_acaoregra
    ADD CONSTRAINT automacoes_acaoregra_tenant_id_9cf1da44_fk_sistema_tenant_id FOREIGN KEY (tenant_id) REFERENCES public.sistema_tenant(id) DEFERRABLE INITIALLY DEFERRED;


--
-- Name: automacoes_condicaoregra automacoes_condicaor_regra_id_716da5ea_fk_automacoe; Type: FK CONSTRAINT; Schema: public; Owner: -
--

ALTER TABLE ONLY public.automacoes_condicaoregra
    ADD CONSTRAINT automacoes_condicaor_regra_id_716da5ea_fk_automacoe FOREIGN KEY (regra_id) REFERENCES public.automacoes_regraautomacao(id) DEFERRABLE INITIALLY DEFERRED;


--
-- Name: automacoes_condicaoregra automacoes_condicaor_tenant_id_5eb231bb_fk_sistema_t; Type: FK CONSTRAINT; Schema: public; Owner: -
--

ALTER TABLE ONLY public.automacoes_condicaoregra
    ADD CONSTRAINT automacoes_condicaor_tenant_id_5eb231bb_fk_sistema_t FOREIGN KEY (tenant_id) REFERENCES public.sistema_tenant(id) DEFERRABLE INITIALLY DEFERRED;


--
-- Name: automacoes_conexaonodo automacoes_conexaono_nodo_destino_id_cdc9b32d_fk_automacoe; Type: FK CONSTRAINT; Schema: public; Owner: -
--

ALTER TABLE ONLY public.automacoes_conexaonodo
    ADD CONSTRAINT automacoes_conexaono_nodo_destino_id_cdc9b32d_fk_automacoe FOREIGN KEY (nodo_destino_id) REFERENCES public.automacoes_nodofluxo(id) DEFERRABLE INITIALLY DEFERRED;


--
-- Name: automacoes_conexaonodo automacoes_conexaono_nodo_origem_id_db6d139b_fk_automacoe; Type: FK CONSTRAINT; Schema: public; Owner: -
--

ALTER TABLE ONLY public.automacoes_conexaonodo
    ADD CONSTRAINT automacoes_conexaono_nodo_origem_id_db6d139b_fk_automacoe FOREIGN KEY (nodo_origem_id) REFERENCES public.automacoes_nodofluxo(id) DEFERRABLE INITIALLY DEFERRED;


--
-- Name: automacoes_conexaonodo automacoes_conexaono_regra_id_c0d651b9_fk_automacoe; Type: FK CONSTRAINT; Schema: public; Owner: -
--

ALTER TABLE ONLY public.automacoes_conexaonodo
    ADD CONSTRAINT automacoes_conexaono_regra_id_c0d651b9_fk_automacoe FOREIGN KEY (regra_id) REFERENCES public.automacoes_regraautomacao(id) DEFERRABLE INITIALLY DEFERRED;


--
-- Name: automacoes_conexaonodo automacoes_conexaonodo_tenant_id_f072f9e9_fk_sistema_tenant_id; Type: FK CONSTRAINT; Schema: public; Owner: -
--

ALTER TABLE ONLY public.automacoes_conexaonodo
    ADD CONSTRAINT automacoes_conexaonodo_tenant_id_f072f9e9_fk_sistema_tenant_id FOREIGN KEY (tenant_id) REFERENCES public.sistema_tenant(id) DEFERRABLE INITIALLY DEFERRED;


--
-- Name: automacoes_controleexecucao automacoes_controlee_lead_id_40f25b4f_fk_leads_pro; Type: FK CONSTRAINT; Schema: public; Owner: -
--

ALTER TABLE ONLY public.automacoes_controleexecucao
    ADD CONSTRAINT automacoes_controlee_lead_id_40f25b4f_fk_leads_pro FOREIGN KEY (lead_id) REFERENCES public.leads_prospectos(id) DEFERRABLE INITIALLY DEFERRED;


--
-- Name: automacoes_controleexecucao automacoes_controlee_regra_id_bf4cc5fc_fk_automacoe; Type: FK CONSTRAINT; Schema: public; Owner: -
--

ALTER TABLE ONLY public.automacoes_controleexecucao
    ADD CONSTRAINT automacoes_controlee_regra_id_bf4cc5fc_fk_automacoe FOREIGN KEY (regra_id) REFERENCES public.automacoes_regraautomacao(id) DEFERRABLE INITIALLY DEFERRED;


--
-- Name: automacoes_controleexecucao automacoes_controlee_tenant_id_f21595e4_fk_sistema_t; Type: FK CONSTRAINT; Schema: public; Owner: -
--

ALTER TABLE ONLY public.automacoes_controleexecucao
    ADD CONSTRAINT automacoes_controlee_tenant_id_f21595e4_fk_sistema_t FOREIGN KEY (tenant_id) REFERENCES public.sistema_tenant(id) DEFERRABLE INITIALLY DEFERRED;


--
-- Name: automacoes_execucaopendente automacoes_execucaop_acao_id_8b25dace_fk_automacoe; Type: FK CONSTRAINT; Schema: public; Owner: -
--

ALTER TABLE ONLY public.automacoes_execucaopendente
    ADD CONSTRAINT automacoes_execucaop_acao_id_8b25dace_fk_automacoe FOREIGN KEY (acao_id) REFERENCES public.automacoes_acaoregra(id) DEFERRABLE INITIALLY DEFERRED;


--
-- Name: automacoes_execucaopendente automacoes_execucaop_lead_id_50ef4fee_fk_leads_pro; Type: FK CONSTRAINT; Schema: public; Owner: -
--

ALTER TABLE ONLY public.automacoes_execucaopendente
    ADD CONSTRAINT automacoes_execucaop_lead_id_50ef4fee_fk_leads_pro FOREIGN KEY (lead_id) REFERENCES public.leads_prospectos(id) DEFERRABLE INITIALLY DEFERRED;


--
-- Name: automacoes_execucaopendente automacoes_execucaop_nodo_id_b1c07d0d_fk_automacoe; Type: FK CONSTRAINT; Schema: public; Owner: -
--

ALTER TABLE ONLY public.automacoes_execucaopendente
    ADD CONSTRAINT automacoes_execucaop_nodo_id_b1c07d0d_fk_automacoe FOREIGN KEY (nodo_id) REFERENCES public.automacoes_nodofluxo(id) DEFERRABLE INITIALLY DEFERRED;


--
-- Name: automacoes_execucaopendente automacoes_execucaop_regra_id_725e2e9a_fk_automacoe; Type: FK CONSTRAINT; Schema: public; Owner: -
--

ALTER TABLE ONLY public.automacoes_execucaopendente
    ADD CONSTRAINT automacoes_execucaop_regra_id_725e2e9a_fk_automacoe FOREIGN KEY (regra_id) REFERENCES public.automacoes_regraautomacao(id) DEFERRABLE INITIALLY DEFERRED;


--
-- Name: automacoes_execucaopendente automacoes_execucaop_tenant_id_c4e40e5b_fk_sistema_t; Type: FK CONSTRAINT; Schema: public; Owner: -
--

ALTER TABLE ONLY public.automacoes_execucaopendente
    ADD CONSTRAINT automacoes_execucaop_tenant_id_c4e40e5b_fk_sistema_t FOREIGN KEY (tenant_id) REFERENCES public.sistema_tenant(id) DEFERRABLE INITIALLY DEFERRED;


--
-- Name: automacoes_logexecucao automacoes_logexecuc_acao_id_bf3dc0df_fk_automacoe; Type: FK CONSTRAINT; Schema: public; Owner: -
--

ALTER TABLE ONLY public.automacoes_logexecucao
    ADD CONSTRAINT automacoes_logexecuc_acao_id_bf3dc0df_fk_automacoe FOREIGN KEY (acao_id) REFERENCES public.automacoes_acaoregra(id) DEFERRABLE INITIALLY DEFERRED;


--
-- Name: automacoes_logexecucao automacoes_logexecuc_nodo_id_aacc6a53_fk_automacoe; Type: FK CONSTRAINT; Schema: public; Owner: -
--

ALTER TABLE ONLY public.automacoes_logexecucao
    ADD CONSTRAINT automacoes_logexecuc_nodo_id_aacc6a53_fk_automacoe FOREIGN KEY (nodo_id) REFERENCES public.automacoes_nodofluxo(id) DEFERRABLE INITIALLY DEFERRED;


--
-- Name: automacoes_logexecucao automacoes_logexecuc_regra_id_5f70a532_fk_automacoe; Type: FK CONSTRAINT; Schema: public; Owner: -
--

ALTER TABLE ONLY public.automacoes_logexecucao
    ADD CONSTRAINT automacoes_logexecuc_regra_id_5f70a532_fk_automacoe FOREIGN KEY (regra_id) REFERENCES public.automacoes_regraautomacao(id) DEFERRABLE INITIALLY DEFERRED;


--
-- Name: automacoes_logexecucao automacoes_logexecucao_lead_id_c3346eb9_fk_leads_prospectos_id; Type: FK CONSTRAINT; Schema: public; Owner: -
--

ALTER TABLE ONLY public.automacoes_logexecucao
    ADD CONSTRAINT automacoes_logexecucao_lead_id_c3346eb9_fk_leads_prospectos_id FOREIGN KEY (lead_id) REFERENCES public.leads_prospectos(id) DEFERRABLE INITIALLY DEFERRED;


--
-- Name: automacoes_logexecucao automacoes_logexecucao_tenant_id_30730be3_fk_sistema_tenant_id; Type: FK CONSTRAINT; Schema: public; Owner: -
--

ALTER TABLE ONLY public.automacoes_logexecucao
    ADD CONSTRAINT automacoes_logexecucao_tenant_id_30730be3_fk_sistema_tenant_id FOREIGN KEY (tenant_id) REFERENCES public.sistema_tenant(id) DEFERRABLE INITIALLY DEFERRED;


--
-- Name: automacoes_nodofluxo automacoes_nodofluxo_regra_id_4e9ab746_fk_automacoe; Type: FK CONSTRAINT; Schema: public; Owner: -
--

ALTER TABLE ONLY public.automacoes_nodofluxo
    ADD CONSTRAINT automacoes_nodofluxo_regra_id_4e9ab746_fk_automacoe FOREIGN KEY (regra_id) REFERENCES public.automacoes_regraautomacao(id) DEFERRABLE INITIALLY DEFERRED;


--
-- Name: automacoes_nodofluxo automacoes_nodofluxo_tenant_id_426840bb_fk_sistema_tenant_id; Type: FK CONSTRAINT; Schema: public; Owner: -
--

ALTER TABLE ONLY public.automacoes_nodofluxo
    ADD CONSTRAINT automacoes_nodofluxo_tenant_id_426840bb_fk_sistema_tenant_id FOREIGN KEY (tenant_id) REFERENCES public.sistema_tenant(id) DEFERRABLE INITIALLY DEFERRED;


--
-- Name: automacoes_regraautomacao automacoes_regraauto_criado_por_id_1fd20cc4_fk_auth_user; Type: FK CONSTRAINT; Schema: public; Owner: -
--

ALTER TABLE ONLY public.automacoes_regraautomacao
    ADD CONSTRAINT automacoes_regraauto_criado_por_id_1fd20cc4_fk_auth_user FOREIGN KEY (criado_por_id) REFERENCES public.auth_user(id) DEFERRABLE INITIALLY DEFERRED;


--
-- Name: automacoes_regraautomacao automacoes_regraauto_segmento_id_6550ccfe_fk_crm_segme; Type: FK CONSTRAINT; Schema: public; Owner: -
--

ALTER TABLE ONLY public.automacoes_regraautomacao
    ADD CONSTRAINT automacoes_regraauto_segmento_id_6550ccfe_fk_crm_segme FOREIGN KEY (segmento_id) REFERENCES public.crm_segmentos(id) DEFERRABLE INITIALLY DEFERRED;


--
-- Name: automacoes_regraautomacao automacoes_regraauto_tenant_id_7a3af9ae_fk_sistema_t; Type: FK CONSTRAINT; Schema: public; Owner: -
--

ALTER TABLE ONLY public.automacoes_regraautomacao
    ADD CONSTRAINT automacoes_regraauto_tenant_id_7a3af9ae_fk_sistema_t FOREIGN KEY (tenant_id) REFERENCES public.sistema_tenant(id) DEFERRABLE INITIALLY DEFERRED;


--
-- Name: cadastros_clientes cadastros_clientes_lead_gerado_id_1421e321_fk_leads_pro; Type: FK CONSTRAINT; Schema: public; Owner: -
--

ALTER TABLE ONLY public.cadastros_clientes
    ADD CONSTRAINT cadastros_clientes_lead_gerado_id_1421e321_fk_leads_pro FOREIGN KEY (lead_gerado_id) REFERENCES public.leads_prospectos(id) DEFERRABLE INITIALLY DEFERRED;


--
-- Name: cadastros_clientes cadastros_clientes_plano_selecionado_id_8f33de4b_fk_planos_in; Type: FK CONSTRAINT; Schema: public; Owner: -
--

ALTER TABLE ONLY public.cadastros_clientes
    ADD CONSTRAINT cadastros_clientes_plano_selecionado_id_8f33de4b_fk_planos_in FOREIGN KEY (plano_selecionado_id) REFERENCES public.planos_internet(id) DEFERRABLE INITIALLY DEFERRED;


--
-- Name: cadastros_clientes cadastros_clientes_tenant_id_a50e719b_fk_sistema_tenant_id; Type: FK CONSTRAINT; Schema: public; Owner: -
--

ALTER TABLE ONLY public.cadastros_clientes
    ADD CONSTRAINT cadastros_clientes_tenant_id_a50e719b_fk_sistema_tenant_id FOREIGN KEY (tenant_id) REFERENCES public.sistema_tenant(id) DEFERRABLE INITIALLY DEFERRED;


--
-- Name: cadastros_clientes cadastros_clientes_vencimento_seleciona_232edaea_fk_opcoes_ve; Type: FK CONSTRAINT; Schema: public; Owner: -
--

ALTER TABLE ONLY public.cadastros_clientes
    ADD CONSTRAINT cadastros_clientes_vencimento_seleciona_232edaea_fk_opcoes_ve FOREIGN KEY (vencimento_selecionado_id) REFERENCES public.opcoes_vencimento(id) DEFERRABLE INITIALLY DEFERRED;


--
-- Name: campanha_trafego campanha_trafego_criado_por_id_8be96f1d_fk_auth_user_id; Type: FK CONSTRAINT; Schema: public; Owner: -
--

ALTER TABLE ONLY public.campanha_trafego
    ADD CONSTRAINT campanha_trafego_criado_por_id_8be96f1d_fk_auth_user_id FOREIGN KEY (criado_por_id) REFERENCES public.auth_user(id) DEFERRABLE INITIALLY DEFERRED;


--
-- Name: campanha_trafego campanha_trafego_tenant_id_7d5758c9_fk_sistema_tenant_id; Type: FK CONSTRAINT; Schema: public; Owner: -
--

ALTER TABLE ONLY public.campanha_trafego
    ADD CONSTRAINT campanha_trafego_tenant_id_7d5758c9_fk_sistema_tenant_id FOREIGN KEY (tenant_id) REFERENCES public.sistema_tenant(id) DEFERRABLE INITIALLY DEFERRED;


--
-- Name: campos_customizados campos_customizados__tenant_id_5913b5f9_fk_sistema_t; Type: FK CONSTRAINT; Schema: public; Owner: -
--

ALTER TABLE ONLY public.campos_customizados
    ADD CONSTRAINT campos_customizados__tenant_id_5913b5f9_fk_sistema_t FOREIGN KEY (tenant_id) REFERENCES public.sistema_tenant(id) DEFERRABLE INITIALLY DEFERRED;


--
-- Name: carteirinha_carteirinhamembro carteirinha_carteiri_membro_id_4bdddfd9_fk_roleta_me; Type: FK CONSTRAINT; Schema: public; Owner: -
--

ALTER TABLE ONLY public.carteirinha_carteirinhamembro
    ADD CONSTRAINT carteirinha_carteiri_membro_id_4bdddfd9_fk_roleta_me FOREIGN KEY (membro_id) REFERENCES public.roleta_membroclube(id) DEFERRABLE INITIALLY DEFERRED;


--
-- Name: carteirinha_carteirinhamembro carteirinha_carteiri_modelo_id_98c462ef_fk_carteirin; Type: FK CONSTRAINT; Schema: public; Owner: -
--

ALTER TABLE ONLY public.carteirinha_carteirinhamembro
    ADD CONSTRAINT carteirinha_carteiri_modelo_id_98c462ef_fk_carteirin FOREIGN KEY (modelo_id) REFERENCES public.carteirinha_modelocarteirinha(id) DEFERRABLE INITIALLY DEFERRED;


--
-- Name: carteirinha_carteirinhamembro carteirinha_carteiri_tenant_id_a4ef0fb9_fk_sistema_t; Type: FK CONSTRAINT; Schema: public; Owner: -
--

ALTER TABLE ONLY public.carteirinha_carteirinhamembro
    ADD CONSTRAINT carteirinha_carteiri_tenant_id_a4ef0fb9_fk_sistema_t FOREIGN KEY (tenant_id) REFERENCES public.sistema_tenant(id) DEFERRABLE INITIALLY DEFERRED;


--
-- Name: carteirinha_modelocarteirinha carteirinha_modeloca_tenant_id_04d31501_fk_sistema_t; Type: FK CONSTRAINT; Schema: public; Owner: -
--

ALTER TABLE ONLY public.carteirinha_modelocarteirinha
    ADD CONSTRAINT carteirinha_modeloca_tenant_id_04d31501_fk_sistema_t FOREIGN KEY (tenant_id) REFERENCES public.sistema_tenant(id) DEFERRABLE INITIALLY DEFERRED;


--
-- Name: carteirinha_regraatribuicao carteirinha_regraatr_modelo_id_1506b2ca_fk_carteirin; Type: FK CONSTRAINT; Schema: public; Owner: -
--

ALTER TABLE ONLY public.carteirinha_regraatribuicao
    ADD CONSTRAINT carteirinha_regraatr_modelo_id_1506b2ca_fk_carteirin FOREIGN KEY (modelo_id) REFERENCES public.carteirinha_modelocarteirinha(id) DEFERRABLE INITIALLY DEFERRED;


--
-- Name: carteirinha_regraatribuicao carteirinha_regraatr_nivel_id_bddbd1ee_fk_roleta_ni; Type: FK CONSTRAINT; Schema: public; Owner: -
--

ALTER TABLE ONLY public.carteirinha_regraatribuicao
    ADD CONSTRAINT carteirinha_regraatr_nivel_id_bddbd1ee_fk_roleta_ni FOREIGN KEY (nivel_id) REFERENCES public.roleta_nivelclube(id) DEFERRABLE INITIALLY DEFERRED;


--
-- Name: carteirinha_regraatribuicao carteirinha_regraatr_tenant_id_f3a2a2ae_fk_sistema_t; Type: FK CONSTRAINT; Schema: public; Owner: -
--

ALTER TABLE ONLY public.carteirinha_regraatribuicao
    ADD CONSTRAINT carteirinha_regraatr_tenant_id_f3a2a2ae_fk_sistema_t FOREIGN KEY (tenant_id) REFERENCES public.sistema_tenant(id) DEFERRABLE INITIALLY DEFERRED;


--
-- Name: clientes_hubsoft clientes_hubsoft_lead_id_cbd976f1_fk_leads_prospectos_id; Type: FK CONSTRAINT; Schema: public; Owner: -
--

ALTER TABLE ONLY public.clientes_hubsoft
    ADD CONSTRAINT clientes_hubsoft_lead_id_cbd976f1_fk_leads_prospectos_id FOREIGN KEY (lead_id) REFERENCES public.leads_prospectos(id) DEFERRABLE INITIALLY DEFERRED;


--
-- Name: clientes_hubsoft clientes_hubsoft_tenant_id_2f6715a4_fk_sistema_tenant_id; Type: FK CONSTRAINT; Schema: public; Owner: -
--

ALTER TABLE ONLY public.clientes_hubsoft
    ADD CONSTRAINT clientes_hubsoft_tenant_id_2f6715a4_fk_sistema_tenant_id FOREIGN KEY (tenant_id) REFERENCES public.sistema_tenant(id) DEFERRABLE INITIALLY DEFERRED;


--
-- Name: configuracao_sistema configuracao_sistema_tenant_id_e0db1559_fk_sistema_tenant_id; Type: FK CONSTRAINT; Schema: public; Owner: -
--

ALTER TABLE ONLY public.configuracao_sistema
    ADD CONSTRAINT configuracao_sistema_tenant_id_e0db1559_fk_sistema_tenant_id FOREIGN KEY (tenant_id) REFERENCES public.sistema_tenant(id) DEFERRABLE INITIALLY DEFERRED;


--
-- Name: configuracoes_cadastro configuracoes_cadast_plano_padrao_id_8413d3ac_fk_planos_in; Type: FK CONSTRAINT; Schema: public; Owner: -
--

ALTER TABLE ONLY public.configuracoes_cadastro
    ADD CONSTRAINT configuracoes_cadast_plano_padrao_id_8413d3ac_fk_planos_in FOREIGN KEY (plano_padrao_id) REFERENCES public.planos_internet(id) DEFERRABLE INITIALLY DEFERRED;


--
-- Name: configuracoes_cadastro configuracoes_cadastro_tenant_id_95f2bba9_fk_sistema_tenant_id; Type: FK CONSTRAINT; Schema: public; Owner: -
--

ALTER TABLE ONLY public.configuracoes_cadastro
    ADD CONSTRAINT configuracoes_cadastro_tenant_id_95f2bba9_fk_sistema_tenant_id FOREIGN KEY (tenant_id) REFERENCES public.sistema_tenant(id) DEFERRABLE INITIALLY DEFERRED;


--
-- Name: configuracoes_recontato configuracoes_recontato_tenant_id_46fcce5d_fk_sistema_tenant_id; Type: FK CONSTRAINT; Schema: public; Owner: -
--

ALTER TABLE ONLY public.configuracoes_recontato
    ADD CONSTRAINT configuracoes_recontato_tenant_id_46fcce5d_fk_sistema_tenant_id FOREIGN KEY (tenant_id) REFERENCES public.sistema_tenant(id) DEFERRABLE INITIALLY DEFERRED;


--
-- Name: crm_alertas_retencao crm_alertas_retencao_cliente_hubsoft_id_c6f8e4d7_fk_clientes_; Type: FK CONSTRAINT; Schema: public; Owner: -
--

ALTER TABLE ONLY public.crm_alertas_retencao
    ADD CONSTRAINT crm_alertas_retencao_cliente_hubsoft_id_c6f8e4d7_fk_clientes_ FOREIGN KEY (cliente_hubsoft_id) REFERENCES public.clientes_hubsoft(id) DEFERRABLE INITIALLY DEFERRED;


--
-- Name: crm_alertas_retencao crm_alertas_retencao_lead_id_74f285e4_fk_leads_prospectos_id; Type: FK CONSTRAINT; Schema: public; Owner: -
--

ALTER TABLE ONLY public.crm_alertas_retencao
    ADD CONSTRAINT crm_alertas_retencao_lead_id_74f285e4_fk_leads_prospectos_id FOREIGN KEY (lead_id) REFERENCES public.leads_prospectos(id) DEFERRABLE INITIALLY DEFERRED;


--
-- Name: crm_alertas_retencao crm_alertas_retencao_oportunidade_id_20ae2d59_fk_crm_oport; Type: FK CONSTRAINT; Schema: public; Owner: -
--

ALTER TABLE ONLY public.crm_alertas_retencao
    ADD CONSTRAINT crm_alertas_retencao_oportunidade_id_20ae2d59_fk_crm_oport FOREIGN KEY (oportunidade_id) REFERENCES public.crm_oportunidades(id) DEFERRABLE INITIALLY DEFERRED;


--
-- Name: crm_alertas_retencao crm_alertas_retencao_responsavel_id_2724e7a4_fk_auth_user_id; Type: FK CONSTRAINT; Schema: public; Owner: -
--

ALTER TABLE ONLY public.crm_alertas_retencao
    ADD CONSTRAINT crm_alertas_retencao_responsavel_id_2724e7a4_fk_auth_user_id FOREIGN KEY (responsavel_id) REFERENCES public.auth_user(id) DEFERRABLE INITIALLY DEFERRED;


--
-- Name: crm_alertas_retencao crm_alertas_retencao_tenant_id_6d1d0b1a_fk_sistema_tenant_id; Type: FK CONSTRAINT; Schema: public; Owner: -
--

ALTER TABLE ONLY public.crm_alertas_retencao
    ADD CONSTRAINT crm_alertas_retencao_tenant_id_6d1d0b1a_fk_sistema_tenant_id FOREIGN KEY (tenant_id) REFERENCES public.sistema_tenant(id) DEFERRABLE INITIALLY DEFERRED;


--
-- Name: crm_configuracao crm_configuracao_estagio_inicial_padr_04b2e6ad_fk_crm_pipel; Type: FK CONSTRAINT; Schema: public; Owner: -
--

ALTER TABLE ONLY public.crm_configuracao
    ADD CONSTRAINT crm_configuracao_estagio_inicial_padr_04b2e6ad_fk_crm_pipel FOREIGN KEY (estagio_inicial_padrao_id) REFERENCES public.crm_pipeline_estagios(id) DEFERRABLE INITIALLY DEFERRED;


--
-- Name: crm_configuracao crm_configuracao_pipeline_padrao_id_e0d15c31_fk_crm_pipel; Type: FK CONSTRAINT; Schema: public; Owner: -
--

ALTER TABLE ONLY public.crm_configuracao
    ADD CONSTRAINT crm_configuracao_pipeline_padrao_id_e0d15c31_fk_crm_pipel FOREIGN KEY (pipeline_padrao_id) REFERENCES public.crm_pipelines(id) DEFERRABLE INITIALLY DEFERRED;


--
-- Name: crm_configuracao crm_configuracao_tenant_id_9378f9b2_fk_sistema_tenant_id; Type: FK CONSTRAINT; Schema: public; Owner: -
--

ALTER TABLE ONLY public.crm_configuracao
    ADD CONSTRAINT crm_configuracao_tenant_id_9378f9b2_fk_sistema_tenant_id FOREIGN KEY (tenant_id) REFERENCES public.sistema_tenant(id) DEFERRABLE INITIALLY DEFERRED;


--
-- Name: crm_equipes crm_equipes_lider_id_04b997c2_fk_auth_user_id; Type: FK CONSTRAINT; Schema: public; Owner: -
--

ALTER TABLE ONLY public.crm_equipes
    ADD CONSTRAINT crm_equipes_lider_id_04b997c2_fk_auth_user_id FOREIGN KEY (lider_id) REFERENCES public.auth_user(id) DEFERRABLE INITIALLY DEFERRED;


--
-- Name: crm_equipes crm_equipes_tenant_id_c437c403_fk_sistema_tenant_id; Type: FK CONSTRAINT; Schema: public; Owner: -
--

ALTER TABLE ONLY public.crm_equipes
    ADD CONSTRAINT crm_equipes_tenant_id_c437c403_fk_sistema_tenant_id FOREIGN KEY (tenant_id) REFERENCES public.sistema_tenant(id) DEFERRABLE INITIALLY DEFERRED;


--
-- Name: crm_historico_estagio crm_historico_estagi_estagio_anterior_id_43616838_fk_crm_pipel; Type: FK CONSTRAINT; Schema: public; Owner: -
--

ALTER TABLE ONLY public.crm_historico_estagio
    ADD CONSTRAINT crm_historico_estagi_estagio_anterior_id_43616838_fk_crm_pipel FOREIGN KEY (estagio_anterior_id) REFERENCES public.crm_pipeline_estagios(id) DEFERRABLE INITIALLY DEFERRED;


--
-- Name: crm_historico_estagio crm_historico_estagi_estagio_novo_id_f8caa1b6_fk_crm_pipel; Type: FK CONSTRAINT; Schema: public; Owner: -
--

ALTER TABLE ONLY public.crm_historico_estagio
    ADD CONSTRAINT crm_historico_estagi_estagio_novo_id_f8caa1b6_fk_crm_pipel FOREIGN KEY (estagio_novo_id) REFERENCES public.crm_pipeline_estagios(id) DEFERRABLE INITIALLY DEFERRED;


--
-- Name: crm_historico_estagio crm_historico_estagi_oportunidade_id_ed4b0154_fk_crm_oport; Type: FK CONSTRAINT; Schema: public; Owner: -
--

ALTER TABLE ONLY public.crm_historico_estagio
    ADD CONSTRAINT crm_historico_estagi_oportunidade_id_ed4b0154_fk_crm_oport FOREIGN KEY (oportunidade_id) REFERENCES public.crm_oportunidades(id) DEFERRABLE INITIALLY DEFERRED;


--
-- Name: crm_historico_estagio crm_historico_estagio_movido_por_id_83cbba3c_fk_auth_user_id; Type: FK CONSTRAINT; Schema: public; Owner: -
--

ALTER TABLE ONLY public.crm_historico_estagio
    ADD CONSTRAINT crm_historico_estagio_movido_por_id_83cbba3c_fk_auth_user_id FOREIGN KEY (movido_por_id) REFERENCES public.auth_user(id) DEFERRABLE INITIALLY DEFERRED;


--
-- Name: crm_historico_estagio crm_historico_estagio_tenant_id_2363910b_fk_sistema_tenant_id; Type: FK CONSTRAINT; Schema: public; Owner: -
--

ALTER TABLE ONLY public.crm_historico_estagio
    ADD CONSTRAINT crm_historico_estagio_tenant_id_2363910b_fk_sistema_tenant_id FOREIGN KEY (tenant_id) REFERENCES public.sistema_tenant(id) DEFERRABLE INITIALLY DEFERRED;


--
-- Name: crm_membros_segmento crm_membros_segmento_adicionado_por_id_3e5ee23d_fk_auth_user_id; Type: FK CONSTRAINT; Schema: public; Owner: -
--

ALTER TABLE ONLY public.crm_membros_segmento
    ADD CONSTRAINT crm_membros_segmento_adicionado_por_id_3e5ee23d_fk_auth_user_id FOREIGN KEY (adicionado_por_id) REFERENCES public.auth_user(id) DEFERRABLE INITIALLY DEFERRED;


--
-- Name: crm_membros_segmento crm_membros_segmento_lead_id_a36eb528_fk_leads_prospectos_id; Type: FK CONSTRAINT; Schema: public; Owner: -
--

ALTER TABLE ONLY public.crm_membros_segmento
    ADD CONSTRAINT crm_membros_segmento_lead_id_a36eb528_fk_leads_prospectos_id FOREIGN KEY (lead_id) REFERENCES public.leads_prospectos(id) DEFERRABLE INITIALLY DEFERRED;


--
-- Name: crm_membros_segmento crm_membros_segmento_segmento_id_6aa453f1_fk_crm_segmentos_id; Type: FK CONSTRAINT; Schema: public; Owner: -
--

ALTER TABLE ONLY public.crm_membros_segmento
    ADD CONSTRAINT crm_membros_segmento_segmento_id_6aa453f1_fk_crm_segmentos_id FOREIGN KEY (segmento_id) REFERENCES public.crm_segmentos(id) DEFERRABLE INITIALLY DEFERRED;


--
-- Name: crm_membros_segmento crm_membros_segmento_tenant_id_e04520f2_fk_sistema_tenant_id; Type: FK CONSTRAINT; Schema: public; Owner: -
--

ALTER TABLE ONLY public.crm_membros_segmento
    ADD CONSTRAINT crm_membros_segmento_tenant_id_e04520f2_fk_sistema_tenant_id FOREIGN KEY (tenant_id) REFERENCES public.sistema_tenant(id) DEFERRABLE INITIALLY DEFERRED;


--
-- Name: crm_metas_vendas crm_metas_vendas_criado_por_id_f28ac24c_fk_auth_user_id; Type: FK CONSTRAINT; Schema: public; Owner: -
--

ALTER TABLE ONLY public.crm_metas_vendas
    ADD CONSTRAINT crm_metas_vendas_criado_por_id_f28ac24c_fk_auth_user_id FOREIGN KEY (criado_por_id) REFERENCES public.auth_user(id) DEFERRABLE INITIALLY DEFERRED;


--
-- Name: crm_metas_vendas crm_metas_vendas_equipe_id_6d788e29_fk_crm_equipes_id; Type: FK CONSTRAINT; Schema: public; Owner: -
--

ALTER TABLE ONLY public.crm_metas_vendas
    ADD CONSTRAINT crm_metas_vendas_equipe_id_6d788e29_fk_crm_equipes_id FOREIGN KEY (equipe_id) REFERENCES public.crm_equipes(id) DEFERRABLE INITIALLY DEFERRED;


--
-- Name: crm_metas_vendas crm_metas_vendas_tenant_id_b392b40f_fk_sistema_tenant_id; Type: FK CONSTRAINT; Schema: public; Owner: -
--

ALTER TABLE ONLY public.crm_metas_vendas
    ADD CONSTRAINT crm_metas_vendas_tenant_id_b392b40f_fk_sistema_tenant_id FOREIGN KEY (tenant_id) REFERENCES public.sistema_tenant(id) DEFERRABLE INITIALLY DEFERRED;


--
-- Name: crm_metas_vendas crm_metas_vendas_vendedor_id_70288684_fk_auth_user_id; Type: FK CONSTRAINT; Schema: public; Owner: -
--

ALTER TABLE ONLY public.crm_metas_vendas
    ADD CONSTRAINT crm_metas_vendas_vendedor_id_70288684_fk_auth_user_id FOREIGN KEY (vendedor_id) REFERENCES public.auth_user(id) DEFERRABLE INITIALLY DEFERRED;


--
-- Name: crm_notas_internas crm_notas_internas_autor_id_7953d11a_fk_auth_user_id; Type: FK CONSTRAINT; Schema: public; Owner: -
--

ALTER TABLE ONLY public.crm_notas_internas
    ADD CONSTRAINT crm_notas_internas_autor_id_7953d11a_fk_auth_user_id FOREIGN KEY (autor_id) REFERENCES public.auth_user(id) DEFERRABLE INITIALLY DEFERRED;


--
-- Name: crm_notas_internas crm_notas_internas_lead_id_4735a194_fk_leads_prospectos_id; Type: FK CONSTRAINT; Schema: public; Owner: -
--

ALTER TABLE ONLY public.crm_notas_internas
    ADD CONSTRAINT crm_notas_internas_lead_id_4735a194_fk_leads_prospectos_id FOREIGN KEY (lead_id) REFERENCES public.leads_prospectos(id) DEFERRABLE INITIALLY DEFERRED;


--
-- Name: crm_notas_internas_mencoes crm_notas_internas_m_notainterna_id_1f82260f_fk_crm_notas; Type: FK CONSTRAINT; Schema: public; Owner: -
--

ALTER TABLE ONLY public.crm_notas_internas_mencoes
    ADD CONSTRAINT crm_notas_internas_m_notainterna_id_1f82260f_fk_crm_notas FOREIGN KEY (notainterna_id) REFERENCES public.crm_notas_internas(id) DEFERRABLE INITIALLY DEFERRED;


--
-- Name: crm_notas_internas_mencoes crm_notas_internas_mencoes_user_id_dfcdc16c_fk_auth_user_id; Type: FK CONSTRAINT; Schema: public; Owner: -
--

ALTER TABLE ONLY public.crm_notas_internas_mencoes
    ADD CONSTRAINT crm_notas_internas_mencoes_user_id_dfcdc16c_fk_auth_user_id FOREIGN KEY (user_id) REFERENCES public.auth_user(id) DEFERRABLE INITIALLY DEFERRED;


--
-- Name: crm_notas_internas crm_notas_internas_oportunidade_id_142b7a43_fk_crm_oport; Type: FK CONSTRAINT; Schema: public; Owner: -
--

ALTER TABLE ONLY public.crm_notas_internas
    ADD CONSTRAINT crm_notas_internas_oportunidade_id_142b7a43_fk_crm_oport FOREIGN KEY (oportunidade_id) REFERENCES public.crm_oportunidades(id) DEFERRABLE INITIALLY DEFERRED;


--
-- Name: crm_notas_internas crm_notas_internas_tenant_id_dfe8a1d1_fk_sistema_tenant_id; Type: FK CONSTRAINT; Schema: public; Owner: -
--

ALTER TABLE ONLY public.crm_notas_internas
    ADD CONSTRAINT crm_notas_internas_tenant_id_dfe8a1d1_fk_sistema_tenant_id FOREIGN KEY (tenant_id) REFERENCES public.sistema_tenant(id) DEFERRABLE INITIALLY DEFERRED;


--
-- Name: crm_oportunidades crm_oportunidades_criado_por_id_299bc23a_fk_auth_user_id; Type: FK CONSTRAINT; Schema: public; Owner: -
--

ALTER TABLE ONLY public.crm_oportunidades
    ADD CONSTRAINT crm_oportunidades_criado_por_id_299bc23a_fk_auth_user_id FOREIGN KEY (criado_por_id) REFERENCES public.auth_user(id) DEFERRABLE INITIALLY DEFERRED;


--
-- Name: crm_oportunidades crm_oportunidades_estagio_id_efa1e67d_fk_crm_pipel; Type: FK CONSTRAINT; Schema: public; Owner: -
--

ALTER TABLE ONLY public.crm_oportunidades
    ADD CONSTRAINT crm_oportunidades_estagio_id_efa1e67d_fk_crm_pipel FOREIGN KEY (estagio_id) REFERENCES public.crm_pipeline_estagios(id) DEFERRABLE INITIALLY DEFERRED;


--
-- Name: crm_oportunidades crm_oportunidades_lead_id_b6cc9c3e_fk_leads_prospectos_id; Type: FK CONSTRAINT; Schema: public; Owner: -
--

ALTER TABLE ONLY public.crm_oportunidades
    ADD CONSTRAINT crm_oportunidades_lead_id_b6cc9c3e_fk_leads_prospectos_id FOREIGN KEY (lead_id) REFERENCES public.leads_prospectos(id) DEFERRABLE INITIALLY DEFERRED;


--
-- Name: crm_oportunidades crm_oportunidades_pipeline_id_78291433_fk_crm_pipelines_id; Type: FK CONSTRAINT; Schema: public; Owner: -
--

ALTER TABLE ONLY public.crm_oportunidades
    ADD CONSTRAINT crm_oportunidades_pipeline_id_78291433_fk_crm_pipelines_id FOREIGN KEY (pipeline_id) REFERENCES public.crm_pipelines(id) DEFERRABLE INITIALLY DEFERRED;


--
-- Name: crm_oportunidades crm_oportunidades_plano_interesse_id_640d75a5_fk_planos_in; Type: FK CONSTRAINT; Schema: public; Owner: -
--

ALTER TABLE ONLY public.crm_oportunidades
    ADD CONSTRAINT crm_oportunidades_plano_interesse_id_640d75a5_fk_planos_in FOREIGN KEY (plano_interesse_id) REFERENCES public.planos_internet(id) DEFERRABLE INITIALLY DEFERRED;


--
-- Name: crm_oportunidades crm_oportunidades_responsavel_id_00fa3d76_fk_auth_user_id; Type: FK CONSTRAINT; Schema: public; Owner: -
--

ALTER TABLE ONLY public.crm_oportunidades
    ADD CONSTRAINT crm_oportunidades_responsavel_id_00fa3d76_fk_auth_user_id FOREIGN KEY (responsavel_id) REFERENCES public.auth_user(id) DEFERRABLE INITIALLY DEFERRED;


--
-- Name: crm_oportunidades_tags crm_oportunidades_ta_oportunidadevenda_id_aa047036_fk_crm_oport; Type: FK CONSTRAINT; Schema: public; Owner: -
--

ALTER TABLE ONLY public.crm_oportunidades_tags
    ADD CONSTRAINT crm_oportunidades_ta_oportunidadevenda_id_aa047036_fk_crm_oport FOREIGN KEY (oportunidadevenda_id) REFERENCES public.crm_oportunidades(id) DEFERRABLE INITIALLY DEFERRED;


--
-- Name: crm_oportunidades_tags crm_oportunidades_tags_tagcrm_id_e0e9470d_fk_crm_tags_id; Type: FK CONSTRAINT; Schema: public; Owner: -
--

ALTER TABLE ONLY public.crm_oportunidades_tags
    ADD CONSTRAINT crm_oportunidades_tags_tagcrm_id_e0e9470d_fk_crm_tags_id FOREIGN KEY (tagcrm_id) REFERENCES public.crm_tags(id) DEFERRABLE INITIALLY DEFERRED;


--
-- Name: crm_oportunidades crm_oportunidades_tenant_id_c2fa5fc5_fk_sistema_tenant_id; Type: FK CONSTRAINT; Schema: public; Owner: -
--

ALTER TABLE ONLY public.crm_oportunidades
    ADD CONSTRAINT crm_oportunidades_tenant_id_c2fa5fc5_fk_sistema_tenant_id FOREIGN KEY (tenant_id) REFERENCES public.sistema_tenant(id) DEFERRABLE INITIALLY DEFERRED;


--
-- Name: crm_perfis_vendedor crm_perfis_vendedor_equipe_id_289ac30f_fk_crm_equipes_id; Type: FK CONSTRAINT; Schema: public; Owner: -
--

ALTER TABLE ONLY public.crm_perfis_vendedor
    ADD CONSTRAINT crm_perfis_vendedor_equipe_id_289ac30f_fk_crm_equipes_id FOREIGN KEY (equipe_id) REFERENCES public.crm_equipes(id) DEFERRABLE INITIALLY DEFERRED;


--
-- Name: crm_perfis_vendedor crm_perfis_vendedor_tenant_id_a12d4801_fk_sistema_tenant_id; Type: FK CONSTRAINT; Schema: public; Owner: -
--

ALTER TABLE ONLY public.crm_perfis_vendedor
    ADD CONSTRAINT crm_perfis_vendedor_tenant_id_a12d4801_fk_sistema_tenant_id FOREIGN KEY (tenant_id) REFERENCES public.sistema_tenant(id) DEFERRABLE INITIALLY DEFERRED;


--
-- Name: crm_perfis_vendedor crm_perfis_vendedor_user_id_3eb24650_fk_auth_user_id; Type: FK CONSTRAINT; Schema: public; Owner: -
--

ALTER TABLE ONLY public.crm_perfis_vendedor
    ADD CONSTRAINT crm_perfis_vendedor_user_id_3eb24650_fk_auth_user_id FOREIGN KEY (user_id) REFERENCES public.auth_user(id) DEFERRABLE INITIALLY DEFERRED;


--
-- Name: crm_pipeline_estagios crm_pipeline_estagios_pipeline_id_bde7c2e2_fk_crm_pipelines_id; Type: FK CONSTRAINT; Schema: public; Owner: -
--

ALTER TABLE ONLY public.crm_pipeline_estagios
    ADD CONSTRAINT crm_pipeline_estagios_pipeline_id_bde7c2e2_fk_crm_pipelines_id FOREIGN KEY (pipeline_id) REFERENCES public.crm_pipelines(id) DEFERRABLE INITIALLY DEFERRED;


--
-- Name: crm_pipeline_estagios crm_pipeline_estagios_tenant_id_eefbf06a_fk_sistema_tenant_id; Type: FK CONSTRAINT; Schema: public; Owner: -
--

ALTER TABLE ONLY public.crm_pipeline_estagios
    ADD CONSTRAINT crm_pipeline_estagios_tenant_id_eefbf06a_fk_sistema_tenant_id FOREIGN KEY (tenant_id) REFERENCES public.sistema_tenant(id) DEFERRABLE INITIALLY DEFERRED;


--
-- Name: crm_pipelines crm_pipelines_tenant_id_eb3ee941_fk_sistema_tenant_id; Type: FK CONSTRAINT; Schema: public; Owner: -
--

ALTER TABLE ONLY public.crm_pipelines
    ADD CONSTRAINT crm_pipelines_tenant_id_eb3ee941_fk_sistema_tenant_id FOREIGN KEY (tenant_id) REFERENCES public.sistema_tenant(id) DEFERRABLE INITIALLY DEFERRED;


--
-- Name: crm_segmentos crm_segmentos_criado_por_id_52b8e9e8_fk_auth_user_id; Type: FK CONSTRAINT; Schema: public; Owner: -
--

ALTER TABLE ONLY public.crm_segmentos
    ADD CONSTRAINT crm_segmentos_criado_por_id_52b8e9e8_fk_auth_user_id FOREIGN KEY (criado_por_id) REFERENCES public.auth_user(id) DEFERRABLE INITIALLY DEFERRED;


--
-- Name: crm_segmentos crm_segmentos_tenant_id_1f9bc8e0_fk_sistema_tenant_id; Type: FK CONSTRAINT; Schema: public; Owner: -
--

ALTER TABLE ONLY public.crm_segmentos
    ADD CONSTRAINT crm_segmentos_tenant_id_1f9bc8e0_fk_sistema_tenant_id FOREIGN KEY (tenant_id) REFERENCES public.sistema_tenant(id) DEFERRABLE INITIALLY DEFERRED;


--
-- Name: crm_tags crm_tags_criado_por_id_d761b4b2_fk_auth_user_id; Type: FK CONSTRAINT; Schema: public; Owner: -
--

ALTER TABLE ONLY public.crm_tags
    ADD CONSTRAINT crm_tags_criado_por_id_d761b4b2_fk_auth_user_id FOREIGN KEY (criado_por_id) REFERENCES public.auth_user(id) DEFERRABLE INITIALLY DEFERRED;


--
-- Name: crm_tags crm_tags_tenant_id_d085b245_fk_sistema_tenant_id; Type: FK CONSTRAINT; Schema: public; Owner: -
--

ALTER TABLE ONLY public.crm_tags
    ADD CONSTRAINT crm_tags_tenant_id_d085b245_fk_sistema_tenant_id FOREIGN KEY (tenant_id) REFERENCES public.sistema_tenant(id) DEFERRABLE INITIALLY DEFERRED;


--
-- Name: crm_tarefas crm_tarefas_criado_por_id_888fd27e_fk_auth_user_id; Type: FK CONSTRAINT; Schema: public; Owner: -
--

ALTER TABLE ONLY public.crm_tarefas
    ADD CONSTRAINT crm_tarefas_criado_por_id_888fd27e_fk_auth_user_id FOREIGN KEY (criado_por_id) REFERENCES public.auth_user(id) DEFERRABLE INITIALLY DEFERRED;


--
-- Name: crm_tarefas crm_tarefas_lead_id_812a1785_fk_leads_prospectos_id; Type: FK CONSTRAINT; Schema: public; Owner: -
--

ALTER TABLE ONLY public.crm_tarefas
    ADD CONSTRAINT crm_tarefas_lead_id_812a1785_fk_leads_prospectos_id FOREIGN KEY (lead_id) REFERENCES public.leads_prospectos(id) DEFERRABLE INITIALLY DEFERRED;


--
-- Name: crm_tarefas crm_tarefas_oportunidade_id_06062206_fk_crm_oportunidades_id; Type: FK CONSTRAINT; Schema: public; Owner: -
--

ALTER TABLE ONLY public.crm_tarefas
    ADD CONSTRAINT crm_tarefas_oportunidade_id_06062206_fk_crm_oportunidades_id FOREIGN KEY (oportunidade_id) REFERENCES public.crm_oportunidades(id) DEFERRABLE INITIALLY DEFERRED;


--
-- Name: crm_tarefas crm_tarefas_responsavel_id_f411dc9c_fk_auth_user_id; Type: FK CONSTRAINT; Schema: public; Owner: -
--

ALTER TABLE ONLY public.crm_tarefas
    ADD CONSTRAINT crm_tarefas_responsavel_id_f411dc9c_fk_auth_user_id FOREIGN KEY (responsavel_id) REFERENCES public.auth_user(id) DEFERRABLE INITIALLY DEFERRED;


--
-- Name: crm_tarefas crm_tarefas_tenant_id_f41b8e5a_fk_sistema_tenant_id; Type: FK CONSTRAINT; Schema: public; Owner: -
--

ALTER TABLE ONLY public.crm_tarefas
    ADD CONSTRAINT crm_tarefas_tenant_id_f41b8e5a_fk_sistema_tenant_id FOREIGN KEY (tenant_id) REFERENCES public.sistema_tenant(id) DEFERRABLE INITIALLY DEFERRED;


--
-- Name: deteccao_campanha deteccao_campanha_campanha_id_0b5adca4_fk_campanha_trafego_id; Type: FK CONSTRAINT; Schema: public; Owner: -
--

ALTER TABLE ONLY public.deteccao_campanha
    ADD CONSTRAINT deteccao_campanha_campanha_id_0b5adca4_fk_campanha_trafego_id FOREIGN KEY (campanha_id) REFERENCES public.campanha_trafego(id) DEFERRABLE INITIALLY DEFERRED;


--
-- Name: deteccao_campanha deteccao_campanha_lead_id_691a477a_fk_leads_prospectos_id; Type: FK CONSTRAINT; Schema: public; Owner: -
--

ALTER TABLE ONLY public.deteccao_campanha
    ADD CONSTRAINT deteccao_campanha_lead_id_691a477a_fk_leads_prospectos_id FOREIGN KEY (lead_id) REFERENCES public.leads_prospectos(id) DEFERRABLE INITIALLY DEFERRED;


--
-- Name: deteccao_campanha deteccao_campanha_rejeitada_por_id_661cafec_fk_auth_user_id; Type: FK CONSTRAINT; Schema: public; Owner: -
--

ALTER TABLE ONLY public.deteccao_campanha
    ADD CONSTRAINT deteccao_campanha_rejeitada_por_id_661cafec_fk_auth_user_id FOREIGN KEY (rejeitada_por_id) REFERENCES public.auth_user(id) DEFERRABLE INITIALLY DEFERRED;


--
-- Name: deteccao_campanha deteccao_campanha_tenant_id_6850fc69_fk_sistema_tenant_id; Type: FK CONSTRAINT; Schema: public; Owner: -
--

ALTER TABLE ONLY public.deteccao_campanha
    ADD CONSTRAINT deteccao_campanha_tenant_id_6850fc69_fk_sistema_tenant_id FOREIGN KEY (tenant_id) REFERENCES public.sistema_tenant(id) DEFERRABLE INITIALLY DEFERRED;


--
-- Name: django_admin_log django_admin_log_content_type_id_c4bce8eb_fk_django_co; Type: FK CONSTRAINT; Schema: public; Owner: -
--

ALTER TABLE ONLY public.django_admin_log
    ADD CONSTRAINT django_admin_log_content_type_id_c4bce8eb_fk_django_co FOREIGN KEY (content_type_id) REFERENCES public.django_content_type(id) DEFERRABLE INITIALLY DEFERRED;


--
-- Name: django_admin_log django_admin_log_user_id_c564eba6_fk_auth_user_id; Type: FK CONSTRAINT; Schema: public; Owner: -
--

ALTER TABLE ONLY public.django_admin_log
    ADD CONSTRAINT django_admin_log_user_id_c564eba6_fk_auth_user_id FOREIGN KEY (user_id) REFERENCES public.auth_user(id) DEFERRABLE INITIALLY DEFERRED;


--
-- Name: documentos_lead documentos_lead_lead_id_5ac76a32_fk_leads_prospectos_id; Type: FK CONSTRAINT; Schema: public; Owner: -
--

ALTER TABLE ONLY public.documentos_lead
    ADD CONSTRAINT documentos_lead_lead_id_5ac76a32_fk_leads_prospectos_id FOREIGN KEY (lead_id) REFERENCES public.leads_prospectos(id) DEFERRABLE INITIALLY DEFERRED;


--
-- Name: documentos_lead documentos_lead_tenant_id_882e87ed_fk_sistema_tenant_id; Type: FK CONSTRAINT; Schema: public; Owner: -
--

ALTER TABLE ONLY public.documentos_lead
    ADD CONSTRAINT documentos_lead_tenant_id_882e87ed_fk_sistema_tenant_id FOREIGN KEY (tenant_id) REFERENCES public.sistema_tenant(id) DEFERRABLE INITIALLY DEFERRED;


--
-- Name: fluxos_atendimento fluxos_atendimento_tenant_id_c481c743_fk_sistema_tenant_id; Type: FK CONSTRAINT; Schema: public; Owner: -
--

ALTER TABLE ONLY public.fluxos_atendimento
    ADD CONSTRAINT fluxos_atendimento_tenant_id_c481c743_fk_sistema_tenant_id FOREIGN KEY (tenant_id) REFERENCES public.sistema_tenant(id) DEFERRABLE INITIALLY DEFERRED;


--
-- Name: historico_contato historico_contato_lead_id_53b297ce_fk_leads_prospectos_id; Type: FK CONSTRAINT; Schema: public; Owner: -
--

ALTER TABLE ONLY public.historico_contato
    ADD CONSTRAINT historico_contato_lead_id_53b297ce_fk_leads_prospectos_id FOREIGN KEY (lead_id) REFERENCES public.leads_prospectos(id) DEFERRABLE INITIALLY DEFERRED;


--
-- Name: historico_contato historico_contato_tenant_id_c1826a89_fk_sistema_tenant_id; Type: FK CONSTRAINT; Schema: public; Owner: -
--

ALTER TABLE ONLY public.historico_contato
    ADD CONSTRAINT historico_contato_tenant_id_c1826a89_fk_sistema_tenant_id FOREIGN KEY (tenant_id) REFERENCES public.sistema_tenant(id) DEFERRABLE INITIALLY DEFERRED;


--
-- Name: imagens_lead_prospecto imagens_lead_prospecto_lead_id_b088c30a_fk_leads_prospectos_id; Type: FK CONSTRAINT; Schema: public; Owner: -
--

ALTER TABLE ONLY public.imagens_lead_prospecto
    ADD CONSTRAINT imagens_lead_prospecto_lead_id_b088c30a_fk_leads_prospectos_id FOREIGN KEY (lead_id) REFERENCES public.leads_prospectos(id) DEFERRABLE INITIALLY DEFERRED;


--
-- Name: imagens_lead_prospecto imagens_lead_prospecto_tenant_id_aa03d769_fk_sistema_tenant_id; Type: FK CONSTRAINT; Schema: public; Owner: -
--

ALTER TABLE ONLY public.imagens_lead_prospecto
    ADD CONSTRAINT imagens_lead_prospecto_tenant_id_aa03d769_fk_sistema_tenant_id FOREIGN KEY (tenant_id) REFERENCES public.sistema_tenant(id) DEFERRABLE INITIALLY DEFERRED;


--
-- Name: inbox_canais inbox_canais_fluxo_id_cafa9f93_fk_fluxos_atendimento_id; Type: FK CONSTRAINT; Schema: public; Owner: -
--

ALTER TABLE ONLY public.inbox_canais
    ADD CONSTRAINT inbox_canais_fluxo_id_cafa9f93_fk_fluxos_atendimento_id FOREIGN KEY (fluxo_id) REFERENCES public.fluxos_atendimento(id) DEFERRABLE INITIALLY DEFERRED;


--
-- Name: inbox_canais inbox_canais_integracao_id_0d3b0956_fk_integracoes_api_id; Type: FK CONSTRAINT; Schema: public; Owner: -
--

ALTER TABLE ONLY public.inbox_canais
    ADD CONSTRAINT inbox_canais_integracao_id_0d3b0956_fk_integracoes_api_id FOREIGN KEY (integracao_id) REFERENCES public.integracoes_api(id) DEFERRABLE INITIALLY DEFERRED;


--
-- Name: inbox_canais inbox_canais_tenant_id_860a30f4_fk_sistema_tenant_id; Type: FK CONSTRAINT; Schema: public; Owner: -
--

ALTER TABLE ONLY public.inbox_canais
    ADD CONSTRAINT inbox_canais_tenant_id_860a30f4_fk_sistema_tenant_id FOREIGN KEY (tenant_id) REFERENCES public.sistema_tenant(id) DEFERRABLE INITIALLY DEFERRED;


--
-- Name: inbox_configuracao inbox_configuracao_tenant_id_8b01f001_fk_sistema_tenant_id; Type: FK CONSTRAINT; Schema: public; Owner: -
--

ALTER TABLE ONLY public.inbox_configuracao
    ADD CONSTRAINT inbox_configuracao_tenant_id_8b01f001_fk_sistema_tenant_id FOREIGN KEY (tenant_id) REFERENCES public.sistema_tenant(id) DEFERRABLE INITIALLY DEFERRED;


--
-- Name: inbox_conversas inbox_conversas_agente_id_054e7541_fk_auth_user_id; Type: FK CONSTRAINT; Schema: public; Owner: -
--

ALTER TABLE ONLY public.inbox_conversas
    ADD CONSTRAINT inbox_conversas_agente_id_054e7541_fk_auth_user_id FOREIGN KEY (agente_id) REFERENCES public.auth_user(id) DEFERRABLE INITIALLY DEFERRED;


--
-- Name: inbox_conversas inbox_conversas_canal_id_df61d64d_fk_inbox_canais_id; Type: FK CONSTRAINT; Schema: public; Owner: -
--

ALTER TABLE ONLY public.inbox_conversas
    ADD CONSTRAINT inbox_conversas_canal_id_df61d64d_fk_inbox_canais_id FOREIGN KEY (canal_id) REFERENCES public.inbox_canais(id) DEFERRABLE INITIALLY DEFERRED;


--
-- Name: inbox_conversas inbox_conversas_equipe_id_5dc1224f_fk_inbox_equipes_id; Type: FK CONSTRAINT; Schema: public; Owner: -
--

ALTER TABLE ONLY public.inbox_conversas
    ADD CONSTRAINT inbox_conversas_equipe_id_5dc1224f_fk_inbox_equipes_id FOREIGN KEY (equipe_id) REFERENCES public.inbox_equipes(id) DEFERRABLE INITIALLY DEFERRED;


--
-- Name: inbox_conversas_etiquetas inbox_conversas_etiq_conversa_id_a3fc7c00_fk_inbox_con; Type: FK CONSTRAINT; Schema: public; Owner: -
--

ALTER TABLE ONLY public.inbox_conversas_etiquetas
    ADD CONSTRAINT inbox_conversas_etiq_conversa_id_a3fc7c00_fk_inbox_con FOREIGN KEY (conversa_id) REFERENCES public.inbox_conversas(id) DEFERRABLE INITIALLY DEFERRED;


--
-- Name: inbox_conversas_etiquetas inbox_conversas_etiq_etiquetaconversa_id_6c3b9470_fk_inbox_eti; Type: FK CONSTRAINT; Schema: public; Owner: -
--

ALTER TABLE ONLY public.inbox_conversas_etiquetas
    ADD CONSTRAINT inbox_conversas_etiq_etiquetaconversa_id_6c3b9470_fk_inbox_eti FOREIGN KEY (etiquetaconversa_id) REFERENCES public.inbox_etiquetas(id) DEFERRABLE INITIALLY DEFERRED;


--
-- Name: inbox_conversas inbox_conversas_fila_id_6f6c3adf_fk_inbox_filas_id; Type: FK CONSTRAINT; Schema: public; Owner: -
--

ALTER TABLE ONLY public.inbox_conversas
    ADD CONSTRAINT inbox_conversas_fila_id_6f6c3adf_fk_inbox_filas_id FOREIGN KEY (fila_id) REFERENCES public.inbox_filas(id) DEFERRABLE INITIALLY DEFERRED;


--
-- Name: inbox_conversas inbox_conversas_lead_id_43f76a15_fk_leads_prospectos_id; Type: FK CONSTRAINT; Schema: public; Owner: -
--

ALTER TABLE ONLY public.inbox_conversas
    ADD CONSTRAINT inbox_conversas_lead_id_43f76a15_fk_leads_prospectos_id FOREIGN KEY (lead_id) REFERENCES public.leads_prospectos(id) DEFERRABLE INITIALLY DEFERRED;


--
-- Name: inbox_conversas inbox_conversas_oportunidade_id_05d98dc3_fk_crm_oport; Type: FK CONSTRAINT; Schema: public; Owner: -
--

ALTER TABLE ONLY public.inbox_conversas
    ADD CONSTRAINT inbox_conversas_oportunidade_id_05d98dc3_fk_crm_oport FOREIGN KEY (oportunidade_id) REFERENCES public.crm_oportunidades(id) DEFERRABLE INITIALLY DEFERRED;


--
-- Name: inbox_conversas inbox_conversas_tenant_id_cc7641de_fk_sistema_tenant_id; Type: FK CONSTRAINT; Schema: public; Owner: -
--

ALTER TABLE ONLY public.inbox_conversas
    ADD CONSTRAINT inbox_conversas_tenant_id_cc7641de_fk_sistema_tenant_id FOREIGN KEY (tenant_id) REFERENCES public.sistema_tenant(id) DEFERRABLE INITIALLY DEFERRED;


--
-- Name: inbox_conversas inbox_conversas_ticket_id_18b2a41a_fk_suporte_tickets_id; Type: FK CONSTRAINT; Schema: public; Owner: -
--

ALTER TABLE ONLY public.inbox_conversas
    ADD CONSTRAINT inbox_conversas_ticket_id_18b2a41a_fk_suporte_tickets_id FOREIGN KEY (ticket_id) REFERENCES public.suporte_tickets(id) DEFERRABLE INITIALLY DEFERRED;


--
-- Name: inbox_equipes inbox_equipes_lider_id_a3604d52_fk_auth_user_id; Type: FK CONSTRAINT; Schema: public; Owner: -
--

ALTER TABLE ONLY public.inbox_equipes
    ADD CONSTRAINT inbox_equipes_lider_id_a3604d52_fk_auth_user_id FOREIGN KEY (lider_id) REFERENCES public.auth_user(id) DEFERRABLE INITIALLY DEFERRED;


--
-- Name: inbox_equipes inbox_equipes_tenant_id_58c4eefa_fk_sistema_tenant_id; Type: FK CONSTRAINT; Schema: public; Owner: -
--

ALTER TABLE ONLY public.inbox_equipes
    ADD CONSTRAINT inbox_equipes_tenant_id_58c4eefa_fk_sistema_tenant_id FOREIGN KEY (tenant_id) REFERENCES public.sistema_tenant(id) DEFERRABLE INITIALLY DEFERRED;


--
-- Name: inbox_etiquetas inbox_etiquetas_criado_por_id_7c372a70_fk_auth_user_id; Type: FK CONSTRAINT; Schema: public; Owner: -
--

ALTER TABLE ONLY public.inbox_etiquetas
    ADD CONSTRAINT inbox_etiquetas_criado_por_id_7c372a70_fk_auth_user_id FOREIGN KEY (criado_por_id) REFERENCES public.auth_user(id) DEFERRABLE INITIALLY DEFERRED;


--
-- Name: inbox_etiquetas inbox_etiquetas_tenant_id_1c9392cf_fk_sistema_tenant_id; Type: FK CONSTRAINT; Schema: public; Owner: -
--

ALTER TABLE ONLY public.inbox_etiquetas
    ADD CONSTRAINT inbox_etiquetas_tenant_id_1c9392cf_fk_sistema_tenant_id FOREIGN KEY (tenant_id) REFERENCES public.sistema_tenant(id) DEFERRABLE INITIALLY DEFERRED;


--
-- Name: inbox_faq_artigos inbox_faq_artigos_categoria_id_8d0c17ee_fk_inbox_faq; Type: FK CONSTRAINT; Schema: public; Owner: -
--

ALTER TABLE ONLY public.inbox_faq_artigos
    ADD CONSTRAINT inbox_faq_artigos_categoria_id_8d0c17ee_fk_inbox_faq FOREIGN KEY (categoria_id) REFERENCES public.inbox_faq_categorias(id) DEFERRABLE INITIALLY DEFERRED;


--
-- Name: inbox_faq_artigos inbox_faq_artigos_tenant_id_01991575_fk_sistema_tenant_id; Type: FK CONSTRAINT; Schema: public; Owner: -
--

ALTER TABLE ONLY public.inbox_faq_artigos
    ADD CONSTRAINT inbox_faq_artigos_tenant_id_01991575_fk_sistema_tenant_id FOREIGN KEY (tenant_id) REFERENCES public.sistema_tenant(id) DEFERRABLE INITIALLY DEFERRED;


--
-- Name: inbox_faq_categorias inbox_faq_categorias_tenant_id_da50cd2a_fk_sistema_tenant_id; Type: FK CONSTRAINT; Schema: public; Owner: -
--

ALTER TABLE ONLY public.inbox_faq_categorias
    ADD CONSTRAINT inbox_faq_categorias_tenant_id_da50cd2a_fk_sistema_tenant_id FOREIGN KEY (tenant_id) REFERENCES public.sistema_tenant(id) DEFERRABLE INITIALLY DEFERRED;


--
-- Name: inbox_filas inbox_filas_equipe_id_1842c0fd_fk_inbox_equipes_id; Type: FK CONSTRAINT; Schema: public; Owner: -
--

ALTER TABLE ONLY public.inbox_filas
    ADD CONSTRAINT inbox_filas_equipe_id_1842c0fd_fk_inbox_equipes_id FOREIGN KEY (equipe_id) REFERENCES public.inbox_equipes(id) DEFERRABLE INITIALLY DEFERRED;


--
-- Name: inbox_filas inbox_filas_tenant_id_859d6514_fk_sistema_tenant_id; Type: FK CONSTRAINT; Schema: public; Owner: -
--

ALTER TABLE ONLY public.inbox_filas
    ADD CONSTRAINT inbox_filas_tenant_id_859d6514_fk_sistema_tenant_id FOREIGN KEY (tenant_id) REFERENCES public.sistema_tenant(id) DEFERRABLE INITIALLY DEFERRED;


--
-- Name: inbox_historico_transferencia inbox_historico_tran_conversa_id_abd445ae_fk_inbox_con; Type: FK CONSTRAINT; Schema: public; Owner: -
--

ALTER TABLE ONLY public.inbox_historico_transferencia
    ADD CONSTRAINT inbox_historico_tran_conversa_id_abd445ae_fk_inbox_con FOREIGN KEY (conversa_id) REFERENCES public.inbox_conversas(id) DEFERRABLE INITIALLY DEFERRED;


--
-- Name: inbox_historico_transferencia inbox_historico_tran_de_agente_id_9e193c2f_fk_auth_user; Type: FK CONSTRAINT; Schema: public; Owner: -
--

ALTER TABLE ONLY public.inbox_historico_transferencia
    ADD CONSTRAINT inbox_historico_tran_de_agente_id_9e193c2f_fk_auth_user FOREIGN KEY (de_agente_id) REFERENCES public.auth_user(id) DEFERRABLE INITIALLY DEFERRED;


--
-- Name: inbox_historico_transferencia inbox_historico_tran_de_equipe_id_6110964f_fk_inbox_equ; Type: FK CONSTRAINT; Schema: public; Owner: -
--

ALTER TABLE ONLY public.inbox_historico_transferencia
    ADD CONSTRAINT inbox_historico_tran_de_equipe_id_6110964f_fk_inbox_equ FOREIGN KEY (de_equipe_id) REFERENCES public.inbox_equipes(id) DEFERRABLE INITIALLY DEFERRED;


--
-- Name: inbox_historico_transferencia inbox_historico_tran_para_agente_id_33e789c8_fk_auth_user; Type: FK CONSTRAINT; Schema: public; Owner: -
--

ALTER TABLE ONLY public.inbox_historico_transferencia
    ADD CONSTRAINT inbox_historico_tran_para_agente_id_33e789c8_fk_auth_user FOREIGN KEY (para_agente_id) REFERENCES public.auth_user(id) DEFERRABLE INITIALLY DEFERRED;


--
-- Name: inbox_historico_transferencia inbox_historico_tran_para_equipe_id_24079acc_fk_inbox_equ; Type: FK CONSTRAINT; Schema: public; Owner: -
--

ALTER TABLE ONLY public.inbox_historico_transferencia
    ADD CONSTRAINT inbox_historico_tran_para_equipe_id_24079acc_fk_inbox_equ FOREIGN KEY (para_equipe_id) REFERENCES public.inbox_equipes(id) DEFERRABLE INITIALLY DEFERRED;


--
-- Name: inbox_historico_transferencia inbox_historico_tran_para_fila_id_dd59f578_fk_inbox_fil; Type: FK CONSTRAINT; Schema: public; Owner: -
--

ALTER TABLE ONLY public.inbox_historico_transferencia
    ADD CONSTRAINT inbox_historico_tran_para_fila_id_dd59f578_fk_inbox_fil FOREIGN KEY (para_fila_id) REFERENCES public.inbox_filas(id) DEFERRABLE INITIALLY DEFERRED;


--
-- Name: inbox_historico_transferencia inbox_historico_tran_tenant_id_fce886a5_fk_sistema_t; Type: FK CONSTRAINT; Schema: public; Owner: -
--

ALTER TABLE ONLY public.inbox_historico_transferencia
    ADD CONSTRAINT inbox_historico_tran_tenant_id_fce886a5_fk_sistema_t FOREIGN KEY (tenant_id) REFERENCES public.sistema_tenant(id) DEFERRABLE INITIALLY DEFERRED;


--
-- Name: inbox_historico_transferencia inbox_historico_tran_transferido_por_id_7c0b929b_fk_auth_user; Type: FK CONSTRAINT; Schema: public; Owner: -
--

ALTER TABLE ONLY public.inbox_historico_transferencia
    ADD CONSTRAINT inbox_historico_tran_transferido_por_id_7c0b929b_fk_auth_user FOREIGN KEY (transferido_por_id) REFERENCES public.auth_user(id) DEFERRABLE INITIALLY DEFERRED;


--
-- Name: inbox_horario_atendimento inbox_horario_atendi_tenant_id_8be88eb1_fk_sistema_t; Type: FK CONSTRAINT; Schema: public; Owner: -
--

ALTER TABLE ONLY public.inbox_horario_atendimento
    ADD CONSTRAINT inbox_horario_atendi_tenant_id_8be88eb1_fk_sistema_t FOREIGN KEY (tenant_id) REFERENCES public.sistema_tenant(id) DEFERRABLE INITIALLY DEFERRED;


--
-- Name: inbox_horario_atendimento inbox_horario_atendimento_fila_id_55d96e04_fk_inbox_filas_id; Type: FK CONSTRAINT; Schema: public; Owner: -
--

ALTER TABLE ONLY public.inbox_horario_atendimento
    ADD CONSTRAINT inbox_horario_atendimento_fila_id_55d96e04_fk_inbox_filas_id FOREIGN KEY (fila_id) REFERENCES public.inbox_filas(id) DEFERRABLE INITIALLY DEFERRED;


--
-- Name: inbox_membros_equipe inbox_membros_equipe_equipe_id_413e4e3e_fk_inbox_equipes_id; Type: FK CONSTRAINT; Schema: public; Owner: -
--

ALTER TABLE ONLY public.inbox_membros_equipe
    ADD CONSTRAINT inbox_membros_equipe_equipe_id_413e4e3e_fk_inbox_equipes_id FOREIGN KEY (equipe_id) REFERENCES public.inbox_equipes(id) DEFERRABLE INITIALLY DEFERRED;


--
-- Name: inbox_membros_equipe inbox_membros_equipe_tenant_id_bc7c559c_fk_sistema_tenant_id; Type: FK CONSTRAINT; Schema: public; Owner: -
--

ALTER TABLE ONLY public.inbox_membros_equipe
    ADD CONSTRAINT inbox_membros_equipe_tenant_id_bc7c559c_fk_sistema_tenant_id FOREIGN KEY (tenant_id) REFERENCES public.sistema_tenant(id) DEFERRABLE INITIALLY DEFERRED;


--
-- Name: inbox_membros_equipe inbox_membros_equipe_user_id_35b40538_fk_auth_user_id; Type: FK CONSTRAINT; Schema: public; Owner: -
--

ALTER TABLE ONLY public.inbox_membros_equipe
    ADD CONSTRAINT inbox_membros_equipe_user_id_35b40538_fk_auth_user_id FOREIGN KEY (user_id) REFERENCES public.auth_user(id) DEFERRABLE INITIALLY DEFERRED;


--
-- Name: inbox_mensagens inbox_mensagens_conversa_id_1141b395_fk_inbox_conversas_id; Type: FK CONSTRAINT; Schema: public; Owner: -
--

ALTER TABLE ONLY public.inbox_mensagens
    ADD CONSTRAINT inbox_mensagens_conversa_id_1141b395_fk_inbox_conversas_id FOREIGN KEY (conversa_id) REFERENCES public.inbox_conversas(id) DEFERRABLE INITIALLY DEFERRED;


--
-- Name: inbox_mensagens inbox_mensagens_remetente_user_id_deece21e_fk_auth_user_id; Type: FK CONSTRAINT; Schema: public; Owner: -
--

ALTER TABLE ONLY public.inbox_mensagens
    ADD CONSTRAINT inbox_mensagens_remetente_user_id_deece21e_fk_auth_user_id FOREIGN KEY (remetente_user_id) REFERENCES public.auth_user(id) DEFERRABLE INITIALLY DEFERRED;


--
-- Name: inbox_mensagens inbox_mensagens_tenant_id_bd82872b_fk_sistema_tenant_id; Type: FK CONSTRAINT; Schema: public; Owner: -
--

ALTER TABLE ONLY public.inbox_mensagens
    ADD CONSTRAINT inbox_mensagens_tenant_id_bd82872b_fk_sistema_tenant_id FOREIGN KEY (tenant_id) REFERENCES public.sistema_tenant(id) DEFERRABLE INITIALLY DEFERRED;


--
-- Name: inbox_notas_internas inbox_notas_internas_autor_id_6dde568b_fk_auth_user_id; Type: FK CONSTRAINT; Schema: public; Owner: -
--

ALTER TABLE ONLY public.inbox_notas_internas
    ADD CONSTRAINT inbox_notas_internas_autor_id_6dde568b_fk_auth_user_id FOREIGN KEY (autor_id) REFERENCES public.auth_user(id) DEFERRABLE INITIALLY DEFERRED;


--
-- Name: inbox_notas_internas inbox_notas_internas_conversa_id_b0ab5e88_fk_inbox_conversas_id; Type: FK CONSTRAINT; Schema: public; Owner: -
--

ALTER TABLE ONLY public.inbox_notas_internas
    ADD CONSTRAINT inbox_notas_internas_conversa_id_b0ab5e88_fk_inbox_conversas_id FOREIGN KEY (conversa_id) REFERENCES public.inbox_conversas(id) DEFERRABLE INITIALLY DEFERRED;


--
-- Name: inbox_notas_internas inbox_notas_internas_tenant_id_1aa6c9fa_fk_sistema_tenant_id; Type: FK CONSTRAINT; Schema: public; Owner: -
--

ALTER TABLE ONLY public.inbox_notas_internas
    ADD CONSTRAINT inbox_notas_internas_tenant_id_1aa6c9fa_fk_sistema_tenant_id FOREIGN KEY (tenant_id) REFERENCES public.sistema_tenant(id) DEFERRABLE INITIALLY DEFERRED;


--
-- Name: inbox_perfis_agente inbox_perfis_agente_tenant_id_eed392c6_fk_sistema_tenant_id; Type: FK CONSTRAINT; Schema: public; Owner: -
--

ALTER TABLE ONLY public.inbox_perfis_agente
    ADD CONSTRAINT inbox_perfis_agente_tenant_id_eed392c6_fk_sistema_tenant_id FOREIGN KEY (tenant_id) REFERENCES public.sistema_tenant(id) DEFERRABLE INITIALLY DEFERRED;


--
-- Name: inbox_perfis_agente inbox_perfis_agente_user_id_2b0eac95_fk_auth_user_id; Type: FK CONSTRAINT; Schema: public; Owner: -
--

ALTER TABLE ONLY public.inbox_perfis_agente
    ADD CONSTRAINT inbox_perfis_agente_user_id_2b0eac95_fk_auth_user_id FOREIGN KEY (user_id) REFERENCES public.auth_user(id) DEFERRABLE INITIALLY DEFERRED;


--
-- Name: inbox_regras_roteamento inbox_regras_roteame_etiqueta_id_66468a53_fk_inbox_eti; Type: FK CONSTRAINT; Schema: public; Owner: -
--

ALTER TABLE ONLY public.inbox_regras_roteamento
    ADD CONSTRAINT inbox_regras_roteame_etiqueta_id_66468a53_fk_inbox_eti FOREIGN KEY (etiqueta_id) REFERENCES public.inbox_etiquetas(id) DEFERRABLE INITIALLY DEFERRED;


--
-- Name: inbox_regras_roteamento inbox_regras_roteamento_canal_id_f16dc608_fk_inbox_canais_id; Type: FK CONSTRAINT; Schema: public; Owner: -
--

ALTER TABLE ONLY public.inbox_regras_roteamento
    ADD CONSTRAINT inbox_regras_roteamento_canal_id_f16dc608_fk_inbox_canais_id FOREIGN KEY (canal_id) REFERENCES public.inbox_canais(id) DEFERRABLE INITIALLY DEFERRED;


--
-- Name: inbox_regras_roteamento inbox_regras_roteamento_fila_id_4df254ee_fk_inbox_filas_id; Type: FK CONSTRAINT; Schema: public; Owner: -
--

ALTER TABLE ONLY public.inbox_regras_roteamento
    ADD CONSTRAINT inbox_regras_roteamento_fila_id_4df254ee_fk_inbox_filas_id FOREIGN KEY (fila_id) REFERENCES public.inbox_filas(id) DEFERRABLE INITIALLY DEFERRED;


--
-- Name: inbox_regras_roteamento inbox_regras_roteamento_tenant_id_25ffb027_fk_sistema_tenant_id; Type: FK CONSTRAINT; Schema: public; Owner: -
--

ALTER TABLE ONLY public.inbox_regras_roteamento
    ADD CONSTRAINT inbox_regras_roteamento_tenant_id_25ffb027_fk_sistema_tenant_id FOREIGN KEY (tenant_id) REFERENCES public.sistema_tenant(id) DEFERRABLE INITIALLY DEFERRED;


--
-- Name: inbox_respostas_rapidas inbox_respostas_rapidas_criado_por_id_cc34bfbe_fk_auth_user_id; Type: FK CONSTRAINT; Schema: public; Owner: -
--

ALTER TABLE ONLY public.inbox_respostas_rapidas
    ADD CONSTRAINT inbox_respostas_rapidas_criado_por_id_cc34bfbe_fk_auth_user_id FOREIGN KEY (criado_por_id) REFERENCES public.auth_user(id) DEFERRABLE INITIALLY DEFERRED;


--
-- Name: inbox_respostas_rapidas inbox_respostas_rapidas_tenant_id_d46fd8b7_fk_sistema_tenant_id; Type: FK CONSTRAINT; Schema: public; Owner: -
--

ALTER TABLE ONLY public.inbox_respostas_rapidas
    ADD CONSTRAINT inbox_respostas_rapidas_tenant_id_d46fd8b7_fk_sistema_tenant_id FOREIGN KEY (tenant_id) REFERENCES public.sistema_tenant(id) DEFERRABLE INITIALLY DEFERRED;


--
-- Name: inbox_widget_config inbox_widget_config_tenant_id_65e37530_fk_sistema_tenant_id; Type: FK CONSTRAINT; Schema: public; Owner: -
--

ALTER TABLE ONLY public.inbox_widget_config
    ADD CONSTRAINT inbox_widget_config_tenant_id_65e37530_fk_sistema_tenant_id FOREIGN KEY (tenant_id) REFERENCES public.sistema_tenant(id) DEFERRABLE INITIALLY DEFERRED;


--
-- Name: indicacoes_indicacao indicacoes_indicacao_membro_indicado_id_d5e8b530_fk_roleta_me; Type: FK CONSTRAINT; Schema: public; Owner: -
--

ALTER TABLE ONLY public.indicacoes_indicacao
    ADD CONSTRAINT indicacoes_indicacao_membro_indicado_id_d5e8b530_fk_roleta_me FOREIGN KEY (membro_indicado_id) REFERENCES public.roleta_membroclube(id) DEFERRABLE INITIALLY DEFERRED;


--
-- Name: indicacoes_indicacao indicacoes_indicacao_membro_indicador_id_46f34fdb_fk_roleta_me; Type: FK CONSTRAINT; Schema: public; Owner: -
--

ALTER TABLE ONLY public.indicacoes_indicacao
    ADD CONSTRAINT indicacoes_indicacao_membro_indicador_id_46f34fdb_fk_roleta_me FOREIGN KEY (membro_indicador_id) REFERENCES public.roleta_membroclube(id) DEFERRABLE INITIALLY DEFERRED;


--
-- Name: indicacoes_indicacao indicacoes_indicacao_tenant_id_02d073c5_fk_sistema_tenant_id; Type: FK CONSTRAINT; Schema: public; Owner: -
--

ALTER TABLE ONLY public.indicacoes_indicacao
    ADD CONSTRAINT indicacoes_indicacao_tenant_id_02d073c5_fk_sistema_tenant_id FOREIGN KEY (tenant_id) REFERENCES public.sistema_tenant(id) DEFERRABLE INITIALLY DEFERRED;


--
-- Name: indicacoes_indicacaoconfig indicacoes_indicacao_tenant_id_eb35982b_fk_sistema_t; Type: FK CONSTRAINT; Schema: public; Owner: -
--

ALTER TABLE ONLY public.indicacoes_indicacaoconfig
    ADD CONSTRAINT indicacoes_indicacao_tenant_id_eb35982b_fk_sistema_t FOREIGN KEY (tenant_id) REFERENCES public.sistema_tenant(id) DEFERRABLE INITIALLY DEFERRED;


--
-- Name: integracoes_api integracoes_api_tenant_id_1042ccde_fk_sistema_tenant_id; Type: FK CONSTRAINT; Schema: public; Owner: -
--

ALTER TABLE ONLY public.integracoes_api
    ADD CONSTRAINT integracoes_api_tenant_id_1042ccde_fk_sistema_tenant_id FOREIGN KEY (tenant_id) REFERENCES public.sistema_tenant(id) DEFERRABLE INITIALLY DEFERRED;


--
-- Name: leads_prospectos leads_prospectos_campanha_conversao_i_6f85bb63_fk_campanha_; Type: FK CONSTRAINT; Schema: public; Owner: -
--

ALTER TABLE ONLY public.leads_prospectos
    ADD CONSTRAINT leads_prospectos_campanha_conversao_i_6f85bb63_fk_campanha_ FOREIGN KEY (campanha_conversao_id) REFERENCES public.campanha_trafego(id) DEFERRABLE INITIALLY DEFERRED;


--
-- Name: leads_prospectos leads_prospectos_campanha_origem_id_293dd282_fk_campanha_; Type: FK CONSTRAINT; Schema: public; Owner: -
--

ALTER TABLE ONLY public.leads_prospectos
    ADD CONSTRAINT leads_prospectos_campanha_origem_id_293dd282_fk_campanha_ FOREIGN KEY (campanha_origem_id) REFERENCES public.campanha_trafego(id) DEFERRABLE INITIALLY DEFERRED;


--
-- Name: leads_prospectos leads_prospectos_tenant_id_e9743232_fk_sistema_tenant_id; Type: FK CONSTRAINT; Schema: public; Owner: -
--

ALTER TABLE ONLY public.leads_prospectos
    ADD CONSTRAINT leads_prospectos_tenant_id_e9743232_fk_sistema_tenant_id FOREIGN KEY (tenant_id) REFERENCES public.sistema_tenant(id) DEFERRABLE INITIALLY DEFERRED;


--
-- Name: log_sistema log_sistema_tenant_id_11ab4512_fk_sistema_tenant_id; Type: FK CONSTRAINT; Schema: public; Owner: -
--

ALTER TABLE ONLY public.log_sistema
    ADD CONSTRAINT log_sistema_tenant_id_11ab4512_fk_sistema_tenant_id FOREIGN KEY (tenant_id) REFERENCES public.sistema_tenant(id) DEFERRABLE INITIALLY DEFERRED;


--
-- Name: logs_integracao logs_integracao_integracao_id_e7ac3300_fk_integracoes_api_id; Type: FK CONSTRAINT; Schema: public; Owner: -
--

ALTER TABLE ONLY public.logs_integracao
    ADD CONSTRAINT logs_integracao_integracao_id_e7ac3300_fk_integracoes_api_id FOREIGN KEY (integracao_id) REFERENCES public.integracoes_api(id) DEFERRABLE INITIALLY DEFERRED;


--
-- Name: logs_integracao logs_integracao_lead_id_4202a563_fk_leads_prospectos_id; Type: FK CONSTRAINT; Schema: public; Owner: -
--

ALTER TABLE ONLY public.logs_integracao
    ADD CONSTRAINT logs_integracao_lead_id_4202a563_fk_leads_prospectos_id FOREIGN KEY (lead_id) REFERENCES public.leads_prospectos(id) DEFERRABLE INITIALLY DEFERRED;


--
-- Name: logs_integracao logs_integracao_tenant_id_caeb324c_fk_sistema_tenant_id; Type: FK CONSTRAINT; Schema: public; Owner: -
--

ALTER TABLE ONLY public.logs_integracao
    ADD CONSTRAINT logs_integracao_tenant_id_caeb324c_fk_sistema_tenant_id FOREIGN KEY (tenant_id) REFERENCES public.sistema_tenant(id) DEFERRABLE INITIALLY DEFERRED;


--
-- Name: marketing_categoria_template marketing_categoria__tenant_id_e7e4c685_fk_sistema_t; Type: FK CONSTRAINT; Schema: public; Owner: -
--

ALTER TABLE ONLY public.marketing_categoria_template
    ADD CONSTRAINT marketing_categoria__tenant_id_e7e4c685_fk_sistema_t FOREIGN KEY (tenant_id) REFERENCES public.sistema_tenant(id) DEFERRABLE INITIALLY DEFERRED;


--
-- Name: marketing_envio_email marketing_envio_emai_automacao_id_9f3843ce_fk_automacoe; Type: FK CONSTRAINT; Schema: public; Owner: -
--

ALTER TABLE ONLY public.marketing_envio_email
    ADD CONSTRAINT marketing_envio_emai_automacao_id_9f3843ce_fk_automacoe FOREIGN KEY (automacao_id) REFERENCES public.automacoes_regraautomacao(id) DEFERRABLE INITIALLY DEFERRED;


--
-- Name: marketing_envio_email marketing_envio_emai_template_id_e26e4707_fk_marketing; Type: FK CONSTRAINT; Schema: public; Owner: -
--

ALTER TABLE ONLY public.marketing_envio_email
    ADD CONSTRAINT marketing_envio_emai_template_id_e26e4707_fk_marketing FOREIGN KEY (template_id) REFERENCES public.marketing_template_email(id) DEFERRABLE INITIALLY DEFERRED;


--
-- Name: marketing_envio_email marketing_envio_email_lead_id_eb7bd015_fk_leads_prospectos_id; Type: FK CONSTRAINT; Schema: public; Owner: -
--

ALTER TABLE ONLY public.marketing_envio_email
    ADD CONSTRAINT marketing_envio_email_lead_id_eb7bd015_fk_leads_prospectos_id FOREIGN KEY (lead_id) REFERENCES public.leads_prospectos(id) DEFERRABLE INITIALLY DEFERRED;


--
-- Name: marketing_envio_email marketing_envio_email_tenant_id_41dbbfdc_fk_sistema_tenant_id; Type: FK CONSTRAINT; Schema: public; Owner: -
--

ALTER TABLE ONLY public.marketing_envio_email
    ADD CONSTRAINT marketing_envio_email_tenant_id_41dbbfdc_fk_sistema_tenant_id FOREIGN KEY (tenant_id) REFERENCES public.sistema_tenant(id) DEFERRABLE INITIALLY DEFERRED;


--
-- Name: marketing_template_email marketing_template_e_categoria_id_0b57d083_fk_marketing; Type: FK CONSTRAINT; Schema: public; Owner: -
--

ALTER TABLE ONLY public.marketing_template_email
    ADD CONSTRAINT marketing_template_e_categoria_id_0b57d083_fk_marketing FOREIGN KEY (categoria_id) REFERENCES public.marketing_categoria_template(id) DEFERRABLE INITIALLY DEFERRED;


--
-- Name: marketing_template_email marketing_template_e_tenant_id_b5a88e30_fk_sistema_t; Type: FK CONSTRAINT; Schema: public; Owner: -
--

ALTER TABLE ONLY public.marketing_template_email
    ADD CONSTRAINT marketing_template_e_tenant_id_b5a88e30_fk_sistema_t FOREIGN KEY (tenant_id) REFERENCES public.sistema_tenant(id) DEFERRABLE INITIALLY DEFERRED;


--
-- Name: marketing_template_email marketing_template_email_criado_por_id_7636521d_fk_auth_user_id; Type: FK CONSTRAINT; Schema: public; Owner: -
--

ALTER TABLE ONLY public.marketing_template_email
    ADD CONSTRAINT marketing_template_email_criado_por_id_7636521d_fk_auth_user_id FOREIGN KEY (criado_por_id) REFERENCES public.auth_user(id) DEFERRABLE INITIALLY DEFERRED;


--
-- Name: notificacoes_canalnotificacao notificacoes_canalno_tenant_id_63ad33c9_fk_sistema_t; Type: FK CONSTRAINT; Schema: public; Owner: -
--

ALTER TABLE ONLY public.notificacoes_canalnotificacao
    ADD CONSTRAINT notificacoes_canalno_tenant_id_63ad33c9_fk_sistema_t FOREIGN KEY (tenant_id) REFERENCES public.sistema_tenant(id) DEFERRABLE INITIALLY DEFERRED;


--
-- Name: notificacoes_notificacao notificacoes_notific_canal_id_6dbf631d_fk_notificac; Type: FK CONSTRAINT; Schema: public; Owner: -
--

ALTER TABLE ONLY public.notificacoes_notificacao
    ADD CONSTRAINT notificacoes_notific_canal_id_6dbf631d_fk_notificac FOREIGN KEY (canal_id) REFERENCES public.notificacoes_canalnotificacao(id) DEFERRABLE INITIALLY DEFERRED;


--
-- Name: notificacoes_notificacao notificacoes_notific_destinatario_id_0cc3ca16_fk_auth_user; Type: FK CONSTRAINT; Schema: public; Owner: -
--

ALTER TABLE ONLY public.notificacoes_notificacao
    ADD CONSTRAINT notificacoes_notific_destinatario_id_0cc3ca16_fk_auth_user FOREIGN KEY (destinatario_id) REFERENCES public.auth_user(id) DEFERRABLE INITIALLY DEFERRED;


--
-- Name: notificacoes_notificacao notificacoes_notific_tenant_id_8b195b9a_fk_sistema_t; Type: FK CONSTRAINT; Schema: public; Owner: -
--

ALTER TABLE ONLY public.notificacoes_notificacao
    ADD CONSTRAINT notificacoes_notific_tenant_id_8b195b9a_fk_sistema_t FOREIGN KEY (tenant_id) REFERENCES public.sistema_tenant(id) DEFERRABLE INITIALLY DEFERRED;


--
-- Name: notificacoes_notificacao notificacoes_notific_tipo_id_f23f6cd7_fk_notificac; Type: FK CONSTRAINT; Schema: public; Owner: -
--

ALTER TABLE ONLY public.notificacoes_notificacao
    ADD CONSTRAINT notificacoes_notific_tipo_id_f23f6cd7_fk_notificac FOREIGN KEY (tipo_id) REFERENCES public.notificacoes_tiponotificacao(id) DEFERRABLE INITIALLY DEFERRED;


--
-- Name: notificacoes_preferencianotificacao notificacoes_prefere_canal_preferido_id_dfe1439d_fk_notificac; Type: FK CONSTRAINT; Schema: public; Owner: -
--

ALTER TABLE ONLY public.notificacoes_preferencianotificacao
    ADD CONSTRAINT notificacoes_prefere_canal_preferido_id_dfe1439d_fk_notificac FOREIGN KEY (canal_preferido_id) REFERENCES public.notificacoes_canalnotificacao(id) DEFERRABLE INITIALLY DEFERRED;


--
-- Name: notificacoes_preferencianotificacao notificacoes_prefere_tenant_id_43ea53cd_fk_sistema_t; Type: FK CONSTRAINT; Schema: public; Owner: -
--

ALTER TABLE ONLY public.notificacoes_preferencianotificacao
    ADD CONSTRAINT notificacoes_prefere_tenant_id_43ea53cd_fk_sistema_t FOREIGN KEY (tenant_id) REFERENCES public.sistema_tenant(id) DEFERRABLE INITIALLY DEFERRED;


--
-- Name: notificacoes_preferencianotificacao notificacoes_prefere_tipo_notificacao_id_3411bd04_fk_notificac; Type: FK CONSTRAINT; Schema: public; Owner: -
--

ALTER TABLE ONLY public.notificacoes_preferencianotificacao
    ADD CONSTRAINT notificacoes_prefere_tipo_notificacao_id_3411bd04_fk_notificac FOREIGN KEY (tipo_notificacao_id) REFERENCES public.notificacoes_tiponotificacao(id) DEFERRABLE INITIALLY DEFERRED;


--
-- Name: notificacoes_preferencianotificacao notificacoes_prefere_usuario_id_079a27dc_fk_auth_user; Type: FK CONSTRAINT; Schema: public; Owner: -
--

ALTER TABLE ONLY public.notificacoes_preferencianotificacao
    ADD CONSTRAINT notificacoes_prefere_usuario_id_079a27dc_fk_auth_user FOREIGN KEY (usuario_id) REFERENCES public.auth_user(id) DEFERRABLE INITIALLY DEFERRED;


--
-- Name: notificacoes_templatenotificacao notificacoes_templat_canal_id_c7680d0d_fk_notificac; Type: FK CONSTRAINT; Schema: public; Owner: -
--

ALTER TABLE ONLY public.notificacoes_templatenotificacao
    ADD CONSTRAINT notificacoes_templat_canal_id_c7680d0d_fk_notificac FOREIGN KEY (canal_id) REFERENCES public.notificacoes_canalnotificacao(id) DEFERRABLE INITIALLY DEFERRED;


--
-- Name: notificacoes_templatenotificacao notificacoes_templat_tenant_id_5ef7b4e1_fk_sistema_t; Type: FK CONSTRAINT; Schema: public; Owner: -
--

ALTER TABLE ONLY public.notificacoes_templatenotificacao
    ADD CONSTRAINT notificacoes_templat_tenant_id_5ef7b4e1_fk_sistema_t FOREIGN KEY (tenant_id) REFERENCES public.sistema_tenant(id) DEFERRABLE INITIALLY DEFERRED;


--
-- Name: notificacoes_templatenotificacao notificacoes_templat_tipo_notificacao_id_08a8c2e2_fk_notificac; Type: FK CONSTRAINT; Schema: public; Owner: -
--

ALTER TABLE ONLY public.notificacoes_templatenotificacao
    ADD CONSTRAINT notificacoes_templat_tipo_notificacao_id_08a8c2e2_fk_notificac FOREIGN KEY (tipo_notificacao_id) REFERENCES public.notificacoes_tiponotificacao(id) DEFERRABLE INITIALLY DEFERRED;


--
-- Name: notificacoes_tiponotificacao notificacoes_tiponot_tenant_id_0b39180f_fk_sistema_t; Type: FK CONSTRAINT; Schema: public; Owner: -
--

ALTER TABLE ONLY public.notificacoes_tiponotificacao
    ADD CONSTRAINT notificacoes_tiponot_tenant_id_0b39180f_fk_sistema_t FOREIGN KEY (tenant_id) REFERENCES public.sistema_tenant(id) DEFERRABLE INITIALLY DEFERRED;


--
-- Name: nps_configuracaonps nps_configuracaonps_tenant_id_90855f87_fk_sistema_tenant_id; Type: FK CONSTRAINT; Schema: public; Owner: -
--

ALTER TABLE ONLY public.nps_configuracaonps
    ADD CONSTRAINT nps_configuracaonps_tenant_id_90855f87_fk_sistema_tenant_id FOREIGN KEY (tenant_id) REFERENCES public.sistema_tenant(id) DEFERRABLE INITIALLY DEFERRED;


--
-- Name: nps_pesquisanps nps_pesquisanps_cliente_id_6ba22ee6_fk_clientes_hubsoft_id; Type: FK CONSTRAINT; Schema: public; Owner: -
--

ALTER TABLE ONLY public.nps_pesquisanps
    ADD CONSTRAINT nps_pesquisanps_cliente_id_6ba22ee6_fk_clientes_hubsoft_id FOREIGN KEY (cliente_id) REFERENCES public.clientes_hubsoft(id) DEFERRABLE INITIALLY DEFERRED;


--
-- Name: nps_pesquisanps nps_pesquisanps_membro_id_5f93aadb_fk_roleta_membroclube_id; Type: FK CONSTRAINT; Schema: public; Owner: -
--

ALTER TABLE ONLY public.nps_pesquisanps
    ADD CONSTRAINT nps_pesquisanps_membro_id_5f93aadb_fk_roleta_membroclube_id FOREIGN KEY (membro_id) REFERENCES public.roleta_membroclube(id) DEFERRABLE INITIALLY DEFERRED;


--
-- Name: nps_pesquisanps nps_pesquisanps_tenant_id_13546b04_fk_sistema_tenant_id; Type: FK CONSTRAINT; Schema: public; Owner: -
--

ALTER TABLE ONLY public.nps_pesquisanps
    ADD CONSTRAINT nps_pesquisanps_tenant_id_13546b04_fk_sistema_tenant_id FOREIGN KEY (tenant_id) REFERENCES public.sistema_tenant(id) DEFERRABLE INITIALLY DEFERRED;


--
-- Name: opcoes_vencimento opcoes_vencimento_tenant_id_e32eb503_fk_sistema_tenant_id; Type: FK CONSTRAINT; Schema: public; Owner: -
--

ALTER TABLE ONLY public.opcoes_vencimento
    ADD CONSTRAINT opcoes_vencimento_tenant_id_e32eb503_fk_sistema_tenant_id FOREIGN KEY (tenant_id) REFERENCES public.sistema_tenant(id) DEFERRABLE INITIALLY DEFERRED;


--
-- Name: parceiros_categoriaparceiro parceiros_categoriap_tenant_id_1bd00eac_fk_sistema_t; Type: FK CONSTRAINT; Schema: public; Owner: -
--

ALTER TABLE ONLY public.parceiros_categoriaparceiro
    ADD CONSTRAINT parceiros_categoriap_tenant_id_1bd00eac_fk_sistema_t FOREIGN KEY (tenant_id) REFERENCES public.sistema_tenant(id) DEFERRABLE INITIALLY DEFERRED;


--
-- Name: parceiros_cupomdesconto_cidades_permitidas parceiros_cupomdesco_cidade_id_6844df60_fk_roleta_ci; Type: FK CONSTRAINT; Schema: public; Owner: -
--

ALTER TABLE ONLY public.parceiros_cupomdesconto_cidades_permitidas
    ADD CONSTRAINT parceiros_cupomdesco_cidade_id_6844df60_fk_roleta_ci FOREIGN KEY (cidade_id) REFERENCES public.roleta_cidade(id) DEFERRABLE INITIALLY DEFERRED;


--
-- Name: parceiros_cupomdesconto_cidades_permitidas parceiros_cupomdesco_cupomdesconto_id_f6a659df_fk_parceiros; Type: FK CONSTRAINT; Schema: public; Owner: -
--

ALTER TABLE ONLY public.parceiros_cupomdesconto_cidades_permitidas
    ADD CONSTRAINT parceiros_cupomdesco_cupomdesconto_id_f6a659df_fk_parceiros FOREIGN KEY (cupomdesconto_id) REFERENCES public.parceiros_cupomdesconto(id) DEFERRABLE INITIALLY DEFERRED;


--
-- Name: parceiros_cupomdesconto parceiros_cupomdesco_nivel_minimo_id_faafb64d_fk_roleta_ni; Type: FK CONSTRAINT; Schema: public; Owner: -
--

ALTER TABLE ONLY public.parceiros_cupomdesconto
    ADD CONSTRAINT parceiros_cupomdesco_nivel_minimo_id_faafb64d_fk_roleta_ni FOREIGN KEY (nivel_minimo_id) REFERENCES public.roleta_nivelclube(id) DEFERRABLE INITIALLY DEFERRED;


--
-- Name: parceiros_cupomdesconto parceiros_cupomdesco_parceiro_id_dff111f8_fk_parceiros; Type: FK CONSTRAINT; Schema: public; Owner: -
--

ALTER TABLE ONLY public.parceiros_cupomdesconto
    ADD CONSTRAINT parceiros_cupomdesco_parceiro_id_dff111f8_fk_parceiros FOREIGN KEY (parceiro_id) REFERENCES public.parceiros_parceiro(id) DEFERRABLE INITIALLY DEFERRED;


--
-- Name: parceiros_cupomdesconto parceiros_cupomdesconto_tenant_id_c5044679_fk_sistema_tenant_id; Type: FK CONSTRAINT; Schema: public; Owner: -
--

ALTER TABLE ONLY public.parceiros_cupomdesconto
    ADD CONSTRAINT parceiros_cupomdesconto_tenant_id_c5044679_fk_sistema_tenant_id FOREIGN KEY (tenant_id) REFERENCES public.sistema_tenant(id) DEFERRABLE INITIALLY DEFERRED;


--
-- Name: parceiros_parceiro_cidades parceiros_parceiro_c_cidade_id_33725c67_fk_roleta_ci; Type: FK CONSTRAINT; Schema: public; Owner: -
--

ALTER TABLE ONLY public.parceiros_parceiro_cidades
    ADD CONSTRAINT parceiros_parceiro_c_cidade_id_33725c67_fk_roleta_ci FOREIGN KEY (cidade_id) REFERENCES public.roleta_cidade(id) DEFERRABLE INITIALLY DEFERRED;


--
-- Name: parceiros_parceiro_cidades parceiros_parceiro_c_parceiro_id_f44569bb_fk_parceiros; Type: FK CONSTRAINT; Schema: public; Owner: -
--

ALTER TABLE ONLY public.parceiros_parceiro_cidades
    ADD CONSTRAINT parceiros_parceiro_c_parceiro_id_f44569bb_fk_parceiros FOREIGN KEY (parceiro_id) REFERENCES public.parceiros_parceiro(id) DEFERRABLE INITIALLY DEFERRED;


--
-- Name: parceiros_parceiro parceiros_parceiro_categoria_id_8d6b564e_fk_parceiros; Type: FK CONSTRAINT; Schema: public; Owner: -
--

ALTER TABLE ONLY public.parceiros_parceiro
    ADD CONSTRAINT parceiros_parceiro_categoria_id_8d6b564e_fk_parceiros FOREIGN KEY (categoria_id) REFERENCES public.parceiros_categoriaparceiro(id) DEFERRABLE INITIALLY DEFERRED;


--
-- Name: parceiros_parceiro parceiros_parceiro_tenant_id_c34427dc_fk_sistema_tenant_id; Type: FK CONSTRAINT; Schema: public; Owner: -
--

ALTER TABLE ONLY public.parceiros_parceiro
    ADD CONSTRAINT parceiros_parceiro_tenant_id_c34427dc_fk_sistema_tenant_id FOREIGN KEY (tenant_id) REFERENCES public.sistema_tenant(id) DEFERRABLE INITIALLY DEFERRED;


--
-- Name: parceiros_parceiro parceiros_parceiro_usuario_id_dfc8dd8c_fk_auth_user_id; Type: FK CONSTRAINT; Schema: public; Owner: -
--

ALTER TABLE ONLY public.parceiros_parceiro
    ADD CONSTRAINT parceiros_parceiro_usuario_id_dfc8dd8c_fk_auth_user_id FOREIGN KEY (usuario_id) REFERENCES public.auth_user(id) DEFERRABLE INITIALLY DEFERRED;


--
-- Name: parceiros_resgatecupom parceiros_resgatecup_cupom_id_b6332b42_fk_parceiros; Type: FK CONSTRAINT; Schema: public; Owner: -
--

ALTER TABLE ONLY public.parceiros_resgatecupom
    ADD CONSTRAINT parceiros_resgatecup_cupom_id_b6332b42_fk_parceiros FOREIGN KEY (cupom_id) REFERENCES public.parceiros_cupomdesconto(id) DEFERRABLE INITIALLY DEFERRED;


--
-- Name: parceiros_resgatecupom parceiros_resgatecup_membro_id_e258aefd_fk_roleta_me; Type: FK CONSTRAINT; Schema: public; Owner: -
--

ALTER TABLE ONLY public.parceiros_resgatecupom
    ADD CONSTRAINT parceiros_resgatecup_membro_id_e258aefd_fk_roleta_me FOREIGN KEY (membro_id) REFERENCES public.roleta_membroclube(id) DEFERRABLE INITIALLY DEFERRED;


--
-- Name: parceiros_resgatecupom parceiros_resgatecupom_tenant_id_5f818b71_fk_sistema_tenant_id; Type: FK CONSTRAINT; Schema: public; Owner: -
--

ALTER TABLE ONLY public.parceiros_resgatecupom
    ADD CONSTRAINT parceiros_resgatecupom_tenant_id_5f818b71_fk_sistema_tenant_id FOREIGN KEY (tenant_id) REFERENCES public.sistema_tenant(id) DEFERRABLE INITIALLY DEFERRED;


--
-- Name: planos_internet planos_internet_tenant_id_49c90302_fk_sistema_tenant_id; Type: FK CONSTRAINT; Schema: public; Owner: -
--

ALTER TABLE ONLY public.planos_internet
    ADD CONSTRAINT planos_internet_tenant_id_49c90302_fk_sistema_tenant_id FOREIGN KEY (tenant_id) REFERENCES public.sistema_tenant(id) DEFERRABLE INITIALLY DEFERRED;


--
-- Name: prospectos prospectos_lead_id_3c3cdb02_fk_leads_prospectos_id; Type: FK CONSTRAINT; Schema: public; Owner: -
--

ALTER TABLE ONLY public.prospectos
    ADD CONSTRAINT prospectos_lead_id_3c3cdb02_fk_leads_prospectos_id FOREIGN KEY (lead_id) REFERENCES public.leads_prospectos(id) DEFERRABLE INITIALLY DEFERRED;


--
-- Name: prospectos prospectos_tenant_id_675e2f79_fk_sistema_tenant_id; Type: FK CONSTRAINT; Schema: public; Owner: -
--

ALTER TABLE ONLY public.prospectos
    ADD CONSTRAINT prospectos_tenant_id_675e2f79_fk_sistema_tenant_id FOREIGN KEY (tenant_id) REFERENCES public.sistema_tenant(id) DEFERRABLE INITIALLY DEFERRED;


--
-- Name: questoes_fluxo questoes_fluxo_fluxo_id_a3aaf851_fk_fluxos_atendimento_id; Type: FK CONSTRAINT; Schema: public; Owner: -
--

ALTER TABLE ONLY public.questoes_fluxo
    ADD CONSTRAINT questoes_fluxo_fluxo_id_a3aaf851_fk_fluxos_atendimento_id FOREIGN KEY (fluxo_id) REFERENCES public.fluxos_atendimento(id) DEFERRABLE INITIALLY DEFERRED;


--
-- Name: questoes_fluxo questoes_fluxo_questao_dependencia__6113a4dc_fk_questoes_; Type: FK CONSTRAINT; Schema: public; Owner: -
--

ALTER TABLE ONLY public.questoes_fluxo
    ADD CONSTRAINT questoes_fluxo_questao_dependencia__6113a4dc_fk_questoes_ FOREIGN KEY (questao_dependencia_id) REFERENCES public.questoes_fluxo(id) DEFERRABLE INITIALLY DEFERRED;


--
-- Name: questoes_fluxo questoes_fluxo_questao_erro_redirec_00fa6b70_fk_questoes_; Type: FK CONSTRAINT; Schema: public; Owner: -
--

ALTER TABLE ONLY public.questoes_fluxo
    ADD CONSTRAINT questoes_fluxo_questao_erro_redirec_00fa6b70_fk_questoes_ FOREIGN KEY (questao_erro_redirecionamento_id) REFERENCES public.questoes_fluxo(id) DEFERRABLE INITIALLY DEFERRED;


--
-- Name: questoes_fluxo questoes_fluxo_questao_padrao_proxi_cebd69c9_fk_questoes_; Type: FK CONSTRAINT; Schema: public; Owner: -
--

ALTER TABLE ONLY public.questoes_fluxo
    ADD CONSTRAINT questoes_fluxo_questao_padrao_proxi_cebd69c9_fk_questoes_ FOREIGN KEY (questao_padrao_proxima_id) REFERENCES public.questoes_fluxo(id) DEFERRABLE INITIALLY DEFERRED;


--
-- Name: questoes_fluxo questoes_fluxo_tenant_id_5564789d_fk_sistema_tenant_id; Type: FK CONSTRAINT; Schema: public; Owner: -
--

ALTER TABLE ONLY public.questoes_fluxo
    ADD CONSTRAINT questoes_fluxo_tenant_id_5564789d_fk_sistema_tenant_id FOREIGN KEY (tenant_id) REFERENCES public.sistema_tenant(id) DEFERRABLE INITIALLY DEFERRED;


--
-- Name: respostas_questao respostas_questao_atendimento_id_abf534fa_fk_atendimen; Type: FK CONSTRAINT; Schema: public; Owner: -
--

ALTER TABLE ONLY public.respostas_questao
    ADD CONSTRAINT respostas_questao_atendimento_id_abf534fa_fk_atendimen FOREIGN KEY (atendimento_id) REFERENCES public.atendimentos_fluxo(id) DEFERRABLE INITIALLY DEFERRED;


--
-- Name: respostas_questao respostas_questao_questao_id_898b87c8_fk_questoes_fluxo_id; Type: FK CONSTRAINT; Schema: public; Owner: -
--

ALTER TABLE ONLY public.respostas_questao
    ADD CONSTRAINT respostas_questao_questao_id_898b87c8_fk_questoes_fluxo_id FOREIGN KEY (questao_id) REFERENCES public.questoes_fluxo(id) DEFERRABLE INITIALLY DEFERRED;


--
-- Name: respostas_questao respostas_questao_tenant_id_6862b637_fk_sistema_tenant_id; Type: FK CONSTRAINT; Schema: public; Owner: -
--

ALTER TABLE ONLY public.respostas_questao
    ADD CONSTRAINT respostas_questao_tenant_id_6862b637_fk_sistema_tenant_id FOREIGN KEY (tenant_id) REFERENCES public.sistema_tenant(id) DEFERRABLE INITIALLY DEFERRED;


--
-- Name: retencao_acaoretencao retencao_acaoretenca_alerta_id_56523155_fk_retencao_; Type: FK CONSTRAINT; Schema: public; Owner: -
--

ALTER TABLE ONLY public.retencao_acaoretencao
    ADD CONSTRAINT retencao_acaoretenca_alerta_id_56523155_fk_retencao_ FOREIGN KEY (alerta_id) REFERENCES public.retencao_alertachurn(id) DEFERRABLE INITIALLY DEFERRED;


--
-- Name: retencao_acaoretencao retencao_acaoretencao_responsavel_id_b8296c4c_fk_auth_user_id; Type: FK CONSTRAINT; Schema: public; Owner: -
--

ALTER TABLE ONLY public.retencao_acaoretencao
    ADD CONSTRAINT retencao_acaoretencao_responsavel_id_b8296c4c_fk_auth_user_id FOREIGN KEY (responsavel_id) REFERENCES public.auth_user(id) DEFERRABLE INITIALLY DEFERRED;


--
-- Name: retencao_acaoretencao retencao_acaoretencao_tenant_id_91378384_fk_sistema_tenant_id; Type: FK CONSTRAINT; Schema: public; Owner: -
--

ALTER TABLE ONLY public.retencao_acaoretencao
    ADD CONSTRAINT retencao_acaoretencao_tenant_id_91378384_fk_sistema_tenant_id FOREIGN KEY (tenant_id) REFERENCES public.sistema_tenant(id) DEFERRABLE INITIALLY DEFERRED;


--
-- Name: retencao_alertachurn retencao_alertachurn_cliente_id_b1fb56bc_fk_clientes_hubsoft_id; Type: FK CONSTRAINT; Schema: public; Owner: -
--

ALTER TABLE ONLY public.retencao_alertachurn
    ADD CONSTRAINT retencao_alertachurn_cliente_id_b1fb56bc_fk_clientes_hubsoft_id FOREIGN KEY (cliente_id) REFERENCES public.clientes_hubsoft(id) DEFERRABLE INITIALLY DEFERRED;


--
-- Name: retencao_alertachurn retencao_alertachurn_tenant_id_0b31d08a_fk_sistema_tenant_id; Type: FK CONSTRAINT; Schema: public; Owner: -
--

ALTER TABLE ONLY public.retencao_alertachurn
    ADD CONSTRAINT retencao_alertachurn_tenant_id_0b31d08a_fk_sistema_tenant_id FOREIGN KEY (tenant_id) REFERENCES public.sistema_tenant(id) DEFERRABLE INITIALLY DEFERRED;


--
-- Name: retencao_scorecliente retencao_scoreclient_cliente_id_19080328_fk_clientes_; Type: FK CONSTRAINT; Schema: public; Owner: -
--

ALTER TABLE ONLY public.retencao_scorecliente
    ADD CONSTRAINT retencao_scoreclient_cliente_id_19080328_fk_clientes_ FOREIGN KEY (cliente_id) REFERENCES public.clientes_hubsoft(id) DEFERRABLE INITIALLY DEFERRED;


--
-- Name: retencao_scorecliente retencao_scorecliente_tenant_id_dd72a6ac_fk_sistema_tenant_id; Type: FK CONSTRAINT; Schema: public; Owner: -
--

ALTER TABLE ONLY public.retencao_scorecliente
    ADD CONSTRAINT retencao_scorecliente_tenant_id_dd72a6ac_fk_sistema_tenant_id FOREIGN KEY (tenant_id) REFERENCES public.sistema_tenant(id) DEFERRABLE INITIALLY DEFERRED;


--
-- Name: roleta_bannerclube roleta_bannerclube_tenant_id_4c5631cc_fk_sistema_tenant_id; Type: FK CONSTRAINT; Schema: public; Owner: -
--

ALTER TABLE ONLY public.roleta_bannerclube
    ADD CONSTRAINT roleta_bannerclube_tenant_id_4c5631cc_fk_sistema_tenant_id FOREIGN KEY (tenant_id) REFERENCES public.sistema_tenant(id) DEFERRABLE INITIALLY DEFERRED;


--
-- Name: roleta_cidade roleta_cidade_tenant_id_bf110fa8_fk_sistema_tenant_id; Type: FK CONSTRAINT; Schema: public; Owner: -
--

ALTER TABLE ONLY public.roleta_cidade
    ADD CONSTRAINT roleta_cidade_tenant_id_bf110fa8_fk_sistema_tenant_id FOREIGN KEY (tenant_id) REFERENCES public.sistema_tenant(id) DEFERRABLE INITIALLY DEFERRED;


--
-- Name: roleta_extratopontuacao roleta_extratopontua_membro_id_51e649db_fk_roleta_me; Type: FK CONSTRAINT; Schema: public; Owner: -
--

ALTER TABLE ONLY public.roleta_extratopontuacao
    ADD CONSTRAINT roleta_extratopontua_membro_id_51e649db_fk_roleta_me FOREIGN KEY (membro_id) REFERENCES public.roleta_membroclube(id) DEFERRABLE INITIALLY DEFERRED;


--
-- Name: roleta_extratopontuacao roleta_extratopontua_regra_id_e043c6f7_fk_roleta_re; Type: FK CONSTRAINT; Schema: public; Owner: -
--

ALTER TABLE ONLY public.roleta_extratopontuacao
    ADD CONSTRAINT roleta_extratopontua_regra_id_e043c6f7_fk_roleta_re FOREIGN KEY (regra_id) REFERENCES public.roleta_regrapontuacao(id) DEFERRABLE INITIALLY DEFERRED;


--
-- Name: roleta_extratopontuacao roleta_extratopontuacao_tenant_id_b199c8ef_fk_sistema_tenant_id; Type: FK CONSTRAINT; Schema: public; Owner: -
--

ALTER TABLE ONLY public.roleta_extratopontuacao
    ADD CONSTRAINT roleta_extratopontuacao_tenant_id_b199c8ef_fk_sistema_tenant_id FOREIGN KEY (tenant_id) REFERENCES public.sistema_tenant(id) DEFERRABLE INITIALLY DEFERRED;


--
-- Name: roleta_landingconfig roleta_landingconfig_tenant_id_8f42430a_fk_sistema_tenant_id; Type: FK CONSTRAINT; Schema: public; Owner: -
--

ALTER TABLE ONLY public.roleta_landingconfig
    ADD CONSTRAINT roleta_landingconfig_tenant_id_8f42430a_fk_sistema_tenant_id FOREIGN KEY (tenant_id) REFERENCES public.sistema_tenant(id) DEFERRABLE INITIALLY DEFERRED;


--
-- Name: roleta_membroclube roleta_membroclube_tenant_id_81c4f7dd_fk_sistema_tenant_id; Type: FK CONSTRAINT; Schema: public; Owner: -
--

ALTER TABLE ONLY public.roleta_membroclube
    ADD CONSTRAINT roleta_membroclube_tenant_id_81c4f7dd_fk_sistema_tenant_id FOREIGN KEY (tenant_id) REFERENCES public.sistema_tenant(id) DEFERRABLE INITIALLY DEFERRED;


--
-- Name: roleta_nivelclube roleta_nivelclube_tenant_id_d1e842e0_fk_sistema_tenant_id; Type: FK CONSTRAINT; Schema: public; Owner: -
--

ALTER TABLE ONLY public.roleta_nivelclube
    ADD CONSTRAINT roleta_nivelclube_tenant_id_d1e842e0_fk_sistema_tenant_id FOREIGN KEY (tenant_id) REFERENCES public.sistema_tenant(id) DEFERRABLE INITIALLY DEFERRED;


--
-- Name: roleta_participanteroleta roleta_participanter_membro_id_ad2cdb2a_fk_roleta_me; Type: FK CONSTRAINT; Schema: public; Owner: -
--

ALTER TABLE ONLY public.roleta_participanteroleta
    ADD CONSTRAINT roleta_participanter_membro_id_ad2cdb2a_fk_roleta_me FOREIGN KEY (membro_id) REFERENCES public.roleta_membroclube(id) DEFERRABLE INITIALLY DEFERRED;


--
-- Name: roleta_participanteroleta roleta_participanter_tenant_id_a3d3d91f_fk_sistema_t; Type: FK CONSTRAINT; Schema: public; Owner: -
--

ALTER TABLE ONLY public.roleta_participanteroleta
    ADD CONSTRAINT roleta_participanter_tenant_id_a3d3d91f_fk_sistema_t FOREIGN KEY (tenant_id) REFERENCES public.sistema_tenant(id) DEFERRABLE INITIALLY DEFERRED;


--
-- Name: roleta_premioroleta_cidades_permitidas roleta_premioroleta__cidade_id_c965109d_fk_roleta_ci; Type: FK CONSTRAINT; Schema: public; Owner: -
--

ALTER TABLE ONLY public.roleta_premioroleta_cidades_permitidas
    ADD CONSTRAINT roleta_premioroleta__cidade_id_c965109d_fk_roleta_ci FOREIGN KEY (cidade_id) REFERENCES public.roleta_cidade(id) DEFERRABLE INITIALLY DEFERRED;


--
-- Name: roleta_premioroleta_cidades_permitidas roleta_premioroleta__premioroleta_id_3a1fd16e_fk_roleta_pr; Type: FK CONSTRAINT; Schema: public; Owner: -
--

ALTER TABLE ONLY public.roleta_premioroleta_cidades_permitidas
    ADD CONSTRAINT roleta_premioroleta__premioroleta_id_3a1fd16e_fk_roleta_pr FOREIGN KEY (premioroleta_id) REFERENCES public.roleta_premioroleta(id) DEFERRABLE INITIALLY DEFERRED;


--
-- Name: roleta_premioroleta roleta_premioroleta_tenant_id_1a2e4f6e_fk_sistema_tenant_id; Type: FK CONSTRAINT; Schema: public; Owner: -
--

ALTER TABLE ONLY public.roleta_premioroleta
    ADD CONSTRAINT roleta_premioroleta_tenant_id_1a2e4f6e_fk_sistema_tenant_id FOREIGN KEY (tenant_id) REFERENCES public.sistema_tenant(id) DEFERRABLE INITIALLY DEFERRED;


--
-- Name: roleta_regrapontuacao roleta_regrapontuacao_tenant_id_2dac758c_fk_sistema_tenant_id; Type: FK CONSTRAINT; Schema: public; Owner: -
--

ALTER TABLE ONLY public.roleta_regrapontuacao
    ADD CONSTRAINT roleta_regrapontuacao_tenant_id_2dac758c_fk_sistema_tenant_id FOREIGN KEY (tenant_id) REFERENCES public.sistema_tenant(id) DEFERRABLE INITIALLY DEFERRED;


--
-- Name: roleta_roletaconfig roleta_roletaconfig_tenant_id_36c297d5_fk_sistema_tenant_id; Type: FK CONSTRAINT; Schema: public; Owner: -
--

ALTER TABLE ONLY public.roleta_roletaconfig
    ADD CONSTRAINT roleta_roletaconfig_tenant_id_36c297d5_fk_sistema_tenant_id FOREIGN KEY (tenant_id) REFERENCES public.sistema_tenant(id) DEFERRABLE INITIALLY DEFERRED;


--
-- Name: roleta_rouletteasset roleta_rouletteasset_tenant_id_848dec51_fk_sistema_tenant_id; Type: FK CONSTRAINT; Schema: public; Owner: -
--

ALTER TABLE ONLY public.roleta_rouletteasset
    ADD CONSTRAINT roleta_rouletteasset_tenant_id_848dec51_fk_sistema_tenant_id FOREIGN KEY (tenant_id) REFERENCES public.sistema_tenant(id) DEFERRABLE INITIALLY DEFERRED;


--
-- Name: servicos_cliente_hubsoft servicos_cliente_hub_cliente_id_42e7fcad_fk_clientes_; Type: FK CONSTRAINT; Schema: public; Owner: -
--

ALTER TABLE ONLY public.servicos_cliente_hubsoft
    ADD CONSTRAINT servicos_cliente_hub_cliente_id_42e7fcad_fk_clientes_ FOREIGN KEY (cliente_id) REFERENCES public.clientes_hubsoft(id) DEFERRABLE INITIALLY DEFERRED;


--
-- Name: servicos_cliente_hubsoft servicos_cliente_hub_tenant_id_eff46bea_fk_sistema_t; Type: FK CONSTRAINT; Schema: public; Owner: -
--

ALTER TABLE ONLY public.servicos_cliente_hubsoft
    ADD CONSTRAINT servicos_cliente_hub_tenant_id_eff46bea_fk_sistema_t FOREIGN KEY (tenant_id) REFERENCES public.sistema_tenant(id) DEFERRABLE INITIALLY DEFERRED;


--
-- Name: sistema_feature_plano sistema_feature_plano_plano_id_9a3416ee_fk_sistema_plano_id; Type: FK CONSTRAINT; Schema: public; Owner: -
--

ALTER TABLE ONLY public.sistema_feature_plano
    ADD CONSTRAINT sistema_feature_plano_plano_id_9a3416ee_fk_sistema_plano_id FOREIGN KEY (plano_id) REFERENCES public.sistema_plano(id) DEFERRABLE INITIALLY DEFERRED;


--
-- Name: sistema_perfil_permissao_funcionalidades sistema_perfil_permi_funcionalidade_id_0006a154_fk_sistema_f; Type: FK CONSTRAINT; Schema: public; Owner: -
--

ALTER TABLE ONLY public.sistema_perfil_permissao_funcionalidades
    ADD CONSTRAINT sistema_perfil_permi_funcionalidade_id_0006a154_fk_sistema_f FOREIGN KEY (funcionalidade_id) REFERENCES public.sistema_funcionalidade(id) DEFERRABLE INITIALLY DEFERRED;


--
-- Name: sistema_perfil_permissao_funcionalidades sistema_perfil_permi_perfilpermissao_id_52a8c65f_fk_sistema_p; Type: FK CONSTRAINT; Schema: public; Owner: -
--

ALTER TABLE ONLY public.sistema_perfil_permissao_funcionalidades
    ADD CONSTRAINT sistema_perfil_permi_perfilpermissao_id_52a8c65f_fk_sistema_p FOREIGN KEY (perfilpermissao_id) REFERENCES public.sistema_perfil_permissao(id) DEFERRABLE INITIALLY DEFERRED;


--
-- Name: sistema_perfil_permissao sistema_perfil_permi_tenant_id_6eb0bdf4_fk_sistema_t; Type: FK CONSTRAINT; Schema: public; Owner: -
--

ALTER TABLE ONLY public.sistema_perfil_permissao
    ADD CONSTRAINT sistema_perfil_permi_tenant_id_6eb0bdf4_fk_sistema_t FOREIGN KEY (tenant_id) REFERENCES public.sistema_tenant(id) DEFERRABLE INITIALLY DEFERRED;


--
-- Name: sistema_perfil_usuario sistema_perfil_usuario_tenant_id_2e2726d7_fk_sistema_tenant_id; Type: FK CONSTRAINT; Schema: public; Owner: -
--

ALTER TABLE ONLY public.sistema_perfil_usuario
    ADD CONSTRAINT sistema_perfil_usuario_tenant_id_2e2726d7_fk_sistema_tenant_id FOREIGN KEY (tenant_id) REFERENCES public.sistema_tenant(id) DEFERRABLE INITIALLY DEFERRED;


--
-- Name: sistema_perfil_usuario sistema_perfil_usuario_user_id_eb8c3343_fk_auth_user_id; Type: FK CONSTRAINT; Schema: public; Owner: -
--

ALTER TABLE ONLY public.sistema_perfil_usuario
    ADD CONSTRAINT sistema_perfil_usuario_user_id_eb8c3343_fk_auth_user_id FOREIGN KEY (user_id) REFERENCES public.auth_user(id) DEFERRABLE INITIALLY DEFERRED;


--
-- Name: sistema_permissao_usuario sistema_permissao_us_perfil_id_b7f20ed1_fk_sistema_p; Type: FK CONSTRAINT; Schema: public; Owner: -
--

ALTER TABLE ONLY public.sistema_permissao_usuario
    ADD CONSTRAINT sistema_permissao_us_perfil_id_b7f20ed1_fk_sistema_p FOREIGN KEY (perfil_id) REFERENCES public.sistema_perfil_permissao(id) DEFERRABLE INITIALLY DEFERRED;


--
-- Name: sistema_permissao_usuario sistema_permissao_us_tenant_id_a1618b99_fk_sistema_t; Type: FK CONSTRAINT; Schema: public; Owner: -
--

ALTER TABLE ONLY public.sistema_permissao_usuario
    ADD CONSTRAINT sistema_permissao_us_tenant_id_a1618b99_fk_sistema_t FOREIGN KEY (tenant_id) REFERENCES public.sistema_tenant(id) DEFERRABLE INITIALLY DEFERRED;


--
-- Name: sistema_permissao_usuario sistema_permissao_usuario_user_id_53275f47_fk_auth_user_id; Type: FK CONSTRAINT; Schema: public; Owner: -
--

ALTER TABLE ONLY public.sistema_permissao_usuario
    ADD CONSTRAINT sistema_permissao_usuario_user_id_53275f47_fk_auth_user_id FOREIGN KEY (user_id) REFERENCES public.auth_user(id) DEFERRABLE INITIALLY DEFERRED;


--
-- Name: sistema_tenant sistema_tenant_plano_comercial_ref__27e2711f_fk_sistema_p; Type: FK CONSTRAINT; Schema: public; Owner: -
--

ALTER TABLE ONLY public.sistema_tenant
    ADD CONSTRAINT sistema_tenant_plano_comercial_ref__27e2711f_fk_sistema_p FOREIGN KEY (plano_comercial_ref_id) REFERENCES public.sistema_plano(id) DEFERRABLE INITIALLY DEFERRED;


--
-- Name: sistema_tenant sistema_tenant_plano_cs_ref_id_3e530f74_fk_sistema_plano_id; Type: FK CONSTRAINT; Schema: public; Owner: -
--

ALTER TABLE ONLY public.sistema_tenant
    ADD CONSTRAINT sistema_tenant_plano_cs_ref_id_3e530f74_fk_sistema_plano_id FOREIGN KEY (plano_cs_ref_id) REFERENCES public.sistema_plano(id) DEFERRABLE INITIALLY DEFERRED;


--
-- Name: sistema_tenant sistema_tenant_plano_marketing_ref__e3a03005_fk_sistema_p; Type: FK CONSTRAINT; Schema: public; Owner: -
--

ALTER TABLE ONLY public.sistema_tenant
    ADD CONSTRAINT sistema_tenant_plano_marketing_ref__e3a03005_fk_sistema_p FOREIGN KEY (plano_marketing_ref_id) REFERENCES public.sistema_plano(id) DEFERRABLE INITIALLY DEFERRED;


--
-- Name: status_configuravel status_configuravel_tenant_id_6d1cb29b_fk_sistema_tenant_id; Type: FK CONSTRAINT; Schema: public; Owner: -
--

ALTER TABLE ONLY public.status_configuravel
    ADD CONSTRAINT status_configuravel_tenant_id_6d1cb29b_fk_sistema_tenant_id FOREIGN KEY (tenant_id) REFERENCES public.sistema_tenant(id) DEFERRABLE INITIALLY DEFERRED;


--
-- Name: suporte_artigos_conhecimento suporte_artigos_conh_categoria_id_4163f968_fk_suporte_c; Type: FK CONSTRAINT; Schema: public; Owner: -
--

ALTER TABLE ONLY public.suporte_artigos_conhecimento
    ADD CONSTRAINT suporte_artigos_conh_categoria_id_4163f968_fk_suporte_c FOREIGN KEY (categoria_id) REFERENCES public.suporte_categorias_conhecimento(id) DEFERRABLE INITIALLY DEFERRED;


--
-- Name: suporte_artigos_conhecimento suporte_artigos_conh_tenant_id_f3aff537_fk_sistema_t; Type: FK CONSTRAINT; Schema: public; Owner: -
--

ALTER TABLE ONLY public.suporte_artigos_conhecimento
    ADD CONSTRAINT suporte_artigos_conh_tenant_id_f3aff537_fk_sistema_t FOREIGN KEY (tenant_id) REFERENCES public.sistema_tenant(id) DEFERRABLE INITIALLY DEFERRED;


--
-- Name: suporte_artigos_conhecimento suporte_artigos_conhecimento_autor_id_23a0ba85_fk_auth_user_id; Type: FK CONSTRAINT; Schema: public; Owner: -
--

ALTER TABLE ONLY public.suporte_artigos_conhecimento
    ADD CONSTRAINT suporte_artigos_conhecimento_autor_id_23a0ba85_fk_auth_user_id FOREIGN KEY (autor_id) REFERENCES public.auth_user(id) DEFERRABLE INITIALLY DEFERRED;


--
-- Name: suporte_categorias_conhecimento suporte_categorias_c_tenant_id_78148d38_fk_sistema_t; Type: FK CONSTRAINT; Schema: public; Owner: -
--

ALTER TABLE ONLY public.suporte_categorias_conhecimento
    ADD CONSTRAINT suporte_categorias_c_tenant_id_78148d38_fk_sistema_t FOREIGN KEY (tenant_id) REFERENCES public.sistema_tenant(id) DEFERRABLE INITIALLY DEFERRED;


--
-- Name: suporte_categorias suporte_categorias_fila_padrao_id_b1352a15_fk_inbox_filas_id; Type: FK CONSTRAINT; Schema: public; Owner: -
--

ALTER TABLE ONLY public.suporte_categorias
    ADD CONSTRAINT suporte_categorias_fila_padrao_id_b1352a15_fk_inbox_filas_id FOREIGN KEY (fila_padrao_id) REFERENCES public.inbox_filas(id) DEFERRABLE INITIALLY DEFERRED;


--
-- Name: suporte_categorias suporte_categorias_tenant_id_d26530a3_fk_sistema_tenant_id; Type: FK CONSTRAINT; Schema: public; Owner: -
--

ALTER TABLE ONLY public.suporte_categorias
    ADD CONSTRAINT suporte_categorias_tenant_id_d26530a3_fk_sistema_tenant_id FOREIGN KEY (tenant_id) REFERENCES public.sistema_tenant(id) DEFERRABLE INITIALLY DEFERRED;


--
-- Name: suporte_comentarios suporte_comentarios_autor_id_85d58328_fk_auth_user_id; Type: FK CONSTRAINT; Schema: public; Owner: -
--

ALTER TABLE ONLY public.suporte_comentarios
    ADD CONSTRAINT suporte_comentarios_autor_id_85d58328_fk_auth_user_id FOREIGN KEY (autor_id) REFERENCES public.auth_user(id) DEFERRABLE INITIALLY DEFERRED;


--
-- Name: suporte_comentarios suporte_comentarios_tenant_id_4255b0bb_fk_sistema_tenant_id; Type: FK CONSTRAINT; Schema: public; Owner: -
--

ALTER TABLE ONLY public.suporte_comentarios
    ADD CONSTRAINT suporte_comentarios_tenant_id_4255b0bb_fk_sistema_tenant_id FOREIGN KEY (tenant_id) REFERENCES public.sistema_tenant(id) DEFERRABLE INITIALLY DEFERRED;


--
-- Name: suporte_comentarios suporte_comentarios_ticket_id_3597673d_fk_suporte_tickets_id; Type: FK CONSTRAINT; Schema: public; Owner: -
--

ALTER TABLE ONLY public.suporte_comentarios
    ADD CONSTRAINT suporte_comentarios_ticket_id_3597673d_fk_suporte_tickets_id FOREIGN KEY (ticket_id) REFERENCES public.suporte_tickets(id) DEFERRABLE INITIALLY DEFERRED;


--
-- Name: suporte_historico_ticket suporte_historico_ti_tenant_id_037bf7c1_fk_sistema_t; Type: FK CONSTRAINT; Schema: public; Owner: -
--

ALTER TABLE ONLY public.suporte_historico_ticket
    ADD CONSTRAINT suporte_historico_ti_tenant_id_037bf7c1_fk_sistema_t FOREIGN KEY (tenant_id) REFERENCES public.sistema_tenant(id) DEFERRABLE INITIALLY DEFERRED;


--
-- Name: suporte_historico_ticket suporte_historico_ti_ticket_id_36e60fac_fk_suporte_t; Type: FK CONSTRAINT; Schema: public; Owner: -
--

ALTER TABLE ONLY public.suporte_historico_ticket
    ADD CONSTRAINT suporte_historico_ti_ticket_id_36e60fac_fk_suporte_t FOREIGN KEY (ticket_id) REFERENCES public.suporte_tickets(id) DEFERRABLE INITIALLY DEFERRED;


--
-- Name: suporte_historico_ticket suporte_historico_ticket_usuario_id_e37daae6_fk_auth_user_id; Type: FK CONSTRAINT; Schema: public; Owner: -
--

ALTER TABLE ONLY public.suporte_historico_ticket
    ADD CONSTRAINT suporte_historico_ticket_usuario_id_e37daae6_fk_auth_user_id FOREIGN KEY (usuario_id) REFERENCES public.auth_user(id) DEFERRABLE INITIALLY DEFERRED;


--
-- Name: suporte_sla_config suporte_sla_config_tenant_id_3ce2e439_fk_sistema_tenant_id; Type: FK CONSTRAINT; Schema: public; Owner: -
--

ALTER TABLE ONLY public.suporte_sla_config
    ADD CONSTRAINT suporte_sla_config_tenant_id_3ce2e439_fk_sistema_tenant_id FOREIGN KEY (tenant_id) REFERENCES public.sistema_tenant(id) DEFERRABLE INITIALLY DEFERRED;


--
-- Name: suporte_tickets suporte_tickets_atendente_id_e0bbac21_fk_auth_user_id; Type: FK CONSTRAINT; Schema: public; Owner: -
--

ALTER TABLE ONLY public.suporte_tickets
    ADD CONSTRAINT suporte_tickets_atendente_id_e0bbac21_fk_auth_user_id FOREIGN KEY (atendente_id) REFERENCES public.auth_user(id) DEFERRABLE INITIALLY DEFERRED;


--
-- Name: suporte_tickets suporte_tickets_categoria_id_338ef1eb_fk_suporte_categorias_id; Type: FK CONSTRAINT; Schema: public; Owner: -
--

ALTER TABLE ONLY public.suporte_tickets
    ADD CONSTRAINT suporte_tickets_categoria_id_338ef1eb_fk_suporte_categorias_id FOREIGN KEY (categoria_id) REFERENCES public.suporte_categorias(id) DEFERRABLE INITIALLY DEFERRED;


--
-- Name: suporte_tickets suporte_tickets_solicitante_id_f478a04b_fk_auth_user_id; Type: FK CONSTRAINT; Schema: public; Owner: -
--

ALTER TABLE ONLY public.suporte_tickets
    ADD CONSTRAINT suporte_tickets_solicitante_id_f478a04b_fk_auth_user_id FOREIGN KEY (solicitante_id) REFERENCES public.auth_user(id) DEFERRABLE INITIALLY DEFERRED;


--
-- Name: suporte_tickets suporte_tickets_tenant_cliente_id_bee059da_fk_sistema_tenant_id; Type: FK CONSTRAINT; Schema: public; Owner: -
--

ALTER TABLE ONLY public.suporte_tickets
    ADD CONSTRAINT suporte_tickets_tenant_cliente_id_bee059da_fk_sistema_tenant_id FOREIGN KEY (tenant_cliente_id) REFERENCES public.sistema_tenant(id) DEFERRABLE INITIALLY DEFERRED;


--
-- Name: suporte_tickets suporte_tickets_tenant_id_3048baa5_fk_sistema_tenant_id; Type: FK CONSTRAINT; Schema: public; Owner: -
--

ALTER TABLE ONLY public.suporte_tickets
    ADD CONSTRAINT suporte_tickets_tenant_id_3048baa5_fk_sistema_tenant_id FOREIGN KEY (tenant_id) REFERENCES public.sistema_tenant(id) DEFERRABLE INITIALLY DEFERRED;


--
-- Name: tentativas_resposta tentativas_resposta_atendimento_id_f05feaf1_fk_atendimen; Type: FK CONSTRAINT; Schema: public; Owner: -
--

ALTER TABLE ONLY public.tentativas_resposta
    ADD CONSTRAINT tentativas_resposta_atendimento_id_f05feaf1_fk_atendimen FOREIGN KEY (atendimento_id) REFERENCES public.atendimentos_fluxo(id) DEFERRABLE INITIALLY DEFERRED;


--
-- Name: tentativas_resposta tentativas_resposta_questao_id_f1b9bbfe_fk_questoes_fluxo_id; Type: FK CONSTRAINT; Schema: public; Owner: -
--

ALTER TABLE ONLY public.tentativas_resposta
    ADD CONSTRAINT tentativas_resposta_questao_id_f1b9bbfe_fk_questoes_fluxo_id FOREIGN KEY (questao_id) REFERENCES public.questoes_fluxo(id) DEFERRABLE INITIALLY DEFERRED;


--
-- Name: tentativas_resposta tentativas_resposta_tenant_id_b5361375_fk_sistema_tenant_id; Type: FK CONSTRAINT; Schema: public; Owner: -
--

ALTER TABLE ONLY public.tentativas_resposta
    ADD CONSTRAINT tentativas_resposta_tenant_id_b5361375_fk_sistema_tenant_id FOREIGN KEY (tenant_id) REFERENCES public.sistema_tenant(id) DEFERRABLE INITIALLY DEFERRED;


--
-- Name: vendas_web_configuracaoempresa vendas_web_configura_integracao_leads_id_c238cc99_fk_integraco; Type: FK CONSTRAINT; Schema: public; Owner: -
--

ALTER TABLE ONLY public.vendas_web_configuracaoempresa
    ADD CONSTRAINT vendas_web_configura_integracao_leads_id_c238cc99_fk_integraco FOREIGN KEY (integracao_leads_id) REFERENCES public.integracoes_api(id) DEFERRABLE INITIALLY DEFERRED;


--
-- Name: vendas_web_configuracaoempresa vendas_web_configura_tenant_id_8f5de1a4_fk_sistema_t; Type: FK CONSTRAINT; Schema: public; Owner: -
--

ALTER TABLE ONLY public.vendas_web_configuracaoempresa
    ADD CONSTRAINT vendas_web_configura_tenant_id_8f5de1a4_fk_sistema_t FOREIGN KEY (tenant_id) REFERENCES public.sistema_tenant(id) DEFERRABLE INITIALLY DEFERRED;


--
-- Name: viabilidade_cidadeviabilidade viabilidade_cidadevi_tenant_id_c0ee25e1_fk_sistema_t; Type: FK CONSTRAINT; Schema: public; Owner: -
--

ALTER TABLE ONLY public.viabilidade_cidadeviabilidade
    ADD CONSTRAINT viabilidade_cidadevi_tenant_id_c0ee25e1_fk_sistema_t FOREIGN KEY (tenant_id) REFERENCES public.sistema_tenant(id) DEFERRABLE INITIALLY DEFERRED;


--
-- PostgreSQL database dump complete
--

\unrestrict mivKClgL1Knf7CEhiJz6pXIyc0vIZM1hxfFUpVf1s2BEJBfOeoLAlnDaZd68lv5

